standardized_filename,original_stem,species,bird,display_name,call_type,n_calls,recording_id,date,location,environment_class,stimulus_only,sex,age_years,social_group,session_known,kind,rel_audio_path,aviary,birth_year,sibling_group
aa_acorn_contact_240419-507_01.wav,acorn_1_elevator_240419_0507,aa,acorn,Acorn,contact,1,240419-507,2024-04-19,elevator,captive_facility,NA,F,NA,NA,1,single,data/aa/all_calls/single/acorn_1_elevator_240419_0507.wav,Aviary 3,2013,family_1
aa_acorn_contact_240420-520_01.wav,acorn_2_elevator_240420_0520,aa,acorn,Acorn,contact,1,240420-520,2024-04-20,elevator,captive_facility,NA,F,NA,NA,1,single,data/aa/all_calls/single/acorn_2_elevator_240420_0520.wav,Aviary 3,2013,family_1
aa_acorn_contact_240420-520_02.wav,acorn_3_elevator_240420_0520,aa,acorn,Acorn,contact,1,240420-520,2024-04-20,elevator,captive_facility,NA,F,NA,NA,1,single,data/aa/all_calls/single/acorn_3_elevator_240420_0520.wav,Aviary 3,2013,family_1
aa_acorn_contact_240421-0527_01.wav,acorn_4_elevator_240421_0527,aa,acorn,Acorn,contact,1,240421-0527,2024-04-21,NA,captive_facility,NA,F,NA,NA,1,single,data/aa/all_calls/single/acorn_4_elevator_240421_0527.wav,Aviary 3,2013,family_1
aa_acorn_contact_240421-527_01.wav,acorn_5_elevator_240421_0527,aa,acorn,Acorn,contact,1,240421-527,2024-04-21,elevator,captive_facility,NA,F,NA,NA,1,single,data/aa/all_calls/single/acorn_5_elevator_240421_0527.wav,Aviary 3,2013,family_1
aa_acorn_contact_240424-549_01.wav,acorn_6_elevator_240424_0549,aa,acorn,Acorn,contact,1,240424-549,2024-04-24,elevator,captive_facility,NA,F,NA,NA,1,single,data/aa/all_calls/single/acorn_6_elevator_240424_0549.wav,Aviary 3,2013,family_1
aa_acorn_contact_240424-549_02.wav,acorn_7_elevator_240424_0549,aa,acorn,Acorn,contact,1,240424-549,2024-04-24,elevator,captive_facility,NA,F,NA,NA,1,single,data/aa/all_calls/single/acorn_7_elevator_240424_0549.wav,Aviary 3,2013,family_1
aa_acorn_contact_240425-566_01.wav,acorn_8_elevator_240425_0566,aa,acorn,Acorn,contact,1,240425-566,2024-04-25,elevator,captive_facility,NA,F,NA,NA,1,single,data/aa/all_calls/single/acorn_8_elevator_240425_0566.wav,Aviary 3,2013,family_1
aa_acorn_contact_240426-0580_01.wav,acorn_57_elevator_240426_0580,aa,acorn,Acorn,contact,1,240426-0580,2024-04-26,NA,captive_facility,NA,F,NA,NA,1,single,data/aa/all_calls/single/acorn_57_elevator_240426_0580.wav,Aviary 3,2013,family_1
aa_acorn_contact_240426-579_01.wav,acorn_9_elevator_240426_0579,aa,acorn,Acorn,contact,1,240426-579,2024-04-26,elevator,captive_facility,NA,F,NA,NA,1,single,data/aa/all_calls/single/acorn_9_elevator_240426_0579.wav,Aviary 3,2013,family_1
aa_acorn_contact_240429-598_01.wav,acorn_10_elevator_240429_0598,aa,acorn,Acorn,contact,1,240429-598,2024-04-29,elevator,captive_facility,NA,F,NA,NA,1,single,data/aa/all_calls/single/acorn_10_elevator_240429_0598.wav,Aviary 3,2013,family_1
aa_acorn_contact_240429-598_02.wav,acorn_11_elevator_240429_0598,aa,acorn,Acorn,contact,1,240429-598,2024-04-29,elevator,captive_facility,NA,F,NA,NA,1,single,data/aa/all_calls/single/acorn_11_elevator_240429_0598.wav,Aviary 3,2013,family_1
aa_acorn_contact_240429-598_03.wav,acorn_12_elevator_240429_0598,aa,acorn,Acorn,contact,1,240429-598,2024-04-29,elevator,captive_facility,NA,F,NA,NA,1,single,data/aa/all_calls/single/acorn_12_elevator_240429_0598.wav,Aviary 3,2013,family_1
aa_acorn_contact_240430-618_01.wav,acorn_13_elevator_240430_0618,aa,acorn,Acorn,contact,1,240430-618,2024-04-30,elevator,captive_facility,NA,F,NA,NA,1,single,data/aa/all_calls/single/acorn_13_elevator_240430_0618.wav,Aviary 3,2013,family_1
aa_acorn_contact_240511-667_01.wav,acorn_14_elevator_240511_0667,aa,acorn,Acorn,contact,1,240511-667,2024-05-11,elevator,captive_facility,NA,F,NA,NA,1,single,data/aa/all_calls/single/acorn_14_elevator_240511_0667.wav,Aviary 3,2013,family_1
aa_acorn_contact_240511-668_01.wav,acorn_15_elevator_240511_0668,aa,acorn,Acorn,contact,1,240511-668,2024-05-11,elevator,captive_facility,NA,F,NA,NA,1,single,data/aa/all_calls/single/acorn_15_elevator_240511_0668.wav,Aviary 3,2013,family_1
aa_acorn_contact_240511-668_02.wav,acorn_16_elevator_240511_0668,aa,acorn,Acorn,contact,1,240511-668,2024-05-11,elevator,captive_facility,NA,F,NA,NA,1,single,data/aa/all_calls/single/acorn_16_elevator_240511_0668.wav,Aviary 3,2013,family_1
aa_acorn_contact_240511-668_03.wav,acorn_17_elevator_240511_0668,aa,acorn,Acorn,contact,1,240511-668,2024-05-11,elevator,captive_facility,NA,F,NA,NA,1,single,data/aa/all_calls/single/acorn_17_elevator_240511_0668.wav,Aviary 3,2013,family_1
aa_acorn_contact_240511-669_01.wav,acorn_18_elevator_240511_0669,aa,acorn,Acorn,contact,1,240511-669,2024-05-11,elevator,captive_facility,NA,F,NA,NA,1,single,data/aa/all_calls/single/acorn_18_elevator_240511_0669.wav,Aviary 3,2013,family_1
aa_acorn_contact_240511-670_01.wav,acorn_19_elevator_240511_0670,aa,acorn,Acorn,contact,1,240511-670,2024-05-11,elevator,captive_facility,NA,F,NA,NA,1,single,data/aa/all_calls/single/acorn_19_elevator_240511_0670.wav,Aviary 3,2013,family_1
aa_acorn_contact_240512-685_01.wav,acorn_20_elevator_240512_0685,aa,acorn,Acorn,contact,1,240512-685,2024-05-12,elevator,captive_facility,NA,F,NA,NA,1,single,data/aa/all_calls/single/acorn_20_elevator_240512_0685.wav,Aviary 3,2013,family_1
aa_acorn_contact_240512-685_02.wav,acorn_21_elevator_240512_0685,aa,acorn,Acorn,contact,1,240512-685,2024-05-12,elevator,captive_facility,NA,F,NA,NA,1,single,data/aa/all_calls/single/acorn_21_elevator_240512_0685.wav,Aviary 3,2013,family_1
aa_acorn_contact_240512-685_03.wav,acorn_22_elevator_240512_0685,aa,acorn,Acorn,contact,1,240512-685,2024-05-12,elevator,captive_facility,NA,F,NA,NA,1,single,data/aa/all_calls/single/acorn_22_elevator_240512_0685.wav,Aviary 3,2013,family_1
aa_acorn_contact_240512-686_01.wav,acorn_23_elevator_240512_0686,aa,acorn,Acorn,contact,1,240512-686,2024-05-12,elevator,captive_facility,NA,F,NA,NA,1,single,data/aa/all_calls/single/acorn_23_elevator_240512_0686.wav,Aviary 3,2013,family_1
aa_acorn_contact_240515-729_01.wav,acorn_24_elevator_240515_0729,aa,acorn,Acorn,contact,1,240515-729,2024-05-15,elevator,captive_facility,NA,F,NA,NA,1,single,data/aa/all_calls/single/acorn_24_elevator_240515_0729.wav,Aviary 3,2013,family_1
aa_acorn_contact_240519-792_01.wav,acorn_25_elevator_240519_0792,aa,acorn,Acorn,contact,1,240519-792,2024-05-19,elevator,captive_facility,NA,F,NA,NA,1,single,data/aa/all_calls/single/acorn_25_elevator_240519_0792.wav,Aviary 3,2013,family_1
aa_acorn_contact_240519-794_01.wav,acorn_26_elevator_240519_0794,aa,acorn,Acorn,contact,1,240519-794,2024-05-19,elevator,captive_facility,NA,F,NA,NA,1,single,data/aa/all_calls/single/acorn_26_elevator_240519_0794.wav,Aviary 3,2013,family_1
aa_acorn_contact_240521-0830_01.wav,acorn_59_elevator_240521_0830,aa,acorn,Acorn,contact,1,240521-0830,2024-05-21,NA,captive_facility,NA,F,NA,NA,1,single,data/aa/all_calls/single/acorn_59_elevator_240521_0830.wav,Aviary 3,2013,family_1
aa_acorn_contact_240521-832_01.wav,acorn_27_elevator_240521_0832,aa,acorn,Acorn,contact,1,240521-832,2024-05-21,elevator,captive_facility,NA,F,NA,NA,1,single,data/aa/all_calls/single/acorn_27_elevator_240521_0832.wav,Aviary 3,2013,family_1
aa_acorn_contact_240523-867_01.wav,acorn_28_elevator_240523_0867,aa,acorn,Acorn,contact,1,240523-867,2024-05-23,elevator,captive_facility,NA,F,NA,NA,1,single,data/aa/all_calls/single/acorn_28_elevator_240523_0867.wav,Aviary 3,2013,family_1
aa_acorn_contact_240523-867_02.wav,acorn_29_elevator_240523_0867,aa,acorn,Acorn,contact,1,240523-867,2024-05-23,elevator,captive_facility,NA,F,NA,NA,1,single,data/aa/all_calls/single/acorn_29_elevator_240523_0867.wav,Aviary 3,2013,family_1
aa_acorn_contact_240524-0892_01.wav,acorn_60_elevator_240524_0892,aa,acorn,Acorn,contact,1,240524-0892,2024-05-24,NA,captive_facility,NA,F,NA,NA,1,single,data/aa/all_calls/single/acorn_60_elevator_240524_0892.wav,Aviary 3,2013,family_1
aa_acorn_contact_240524-893_01.wav,acorn_30_elevator_240524_0893,aa,acorn,Acorn,contact,1,240524-893,2024-05-24,elevator,captive_facility,NA,F,NA,NA,1,single,data/aa/all_calls/single/acorn_30_elevator_240524_0893.wav,Aviary 3,2013,family_1
aa_acorn_contact_240529-926_01.wav,acorn_31_elevator_240529_0926,aa,acorn,Acorn,contact,1,240529-926,2024-05-29,elevator,captive_facility,NA,F,NA,NA,1,single,data/aa/all_calls/single/acorn_31_elevator_240529_0926.wav,Aviary 3,2013,family_1
aa_acorn_contact_240529-927_01.wav,acorn_32_elevator_240529_0927,aa,acorn,Acorn,contact,1,240529-927,2024-05-29,elevator,captive_facility,NA,F,NA,NA,1,single,data/aa/all_calls/single/acorn_32_elevator_240529_0927.wav,Aviary 3,2013,family_1
aa_acorn_contact_240602-967_01.wav,acorn_33_elevator_240602_0967,aa,acorn,Acorn,contact,1,240602-967,2024-06-02,elevator,captive_facility,NA,F,NA,NA,1,single,data/aa/all_calls/single/acorn_33_elevator_240602_0967.wav,Aviary 3,2013,family_1
aa_acorn_contact_240602-967_02.wav,acorn_34_elevator_240602_0967,aa,acorn,Acorn,contact,1,240602-967,2024-06-02,elevator,captive_facility,NA,F,NA,NA,1,single,data/aa/all_calls/single/acorn_34_elevator_240602_0967.wav,Aviary 3,2013,family_1
aa_acorn_contact_240602-968_01.wav,acorn_35_elevator_240602_0968,aa,acorn,Acorn,contact,1,240602-968,2024-06-02,elevator,captive_facility,NA,F,NA,NA,1,single,data/aa/all_calls/single/acorn_35_elevator_240602_0968.wav,Aviary 3,2013,family_1
aa_acorn_contact_240603-0980_01.wav,acorn_58_elevator_240603_0980,aa,acorn,Acorn,contact,1,240603-0980,2024-06-03,NA,captive_facility,NA,F,NA,NA,1,single,data/aa/all_calls/single/acorn_58_elevator_240603_0980.wav,Aviary 3,2013,family_1
aa_acorn_contact_240603-979_01.wav,acorn_36_elevator_240603_0979,aa,acorn,Acorn,contact,1,240603-979,2024-06-03,elevator,captive_facility,NA,F,NA,NA,1,single,data/aa/all_calls/single/acorn_36_elevator_240603_0979.wav,Aviary 3,2013,family_1
aa_acorn_contact_240603-979_02.wav,acorn_37_elevator_240603_0979,aa,acorn,Acorn,contact,1,240603-979,2024-06-03,elevator,captive_facility,NA,F,NA,NA,1,single,data/aa/all_calls/single/acorn_37_elevator_240603_0979.wav,Aviary 3,2013,family_1
aa_acorn_contact_240603-981_01.wav,acorn_38_elevator_240603_0981,aa,acorn,Acorn,contact,1,240603-981,2024-06-03,elevator,captive_facility,NA,F,NA,NA,1,single,data/aa/all_calls/single/acorn_38_elevator_240603_0981.wav,Aviary 3,2013,family_1
aa_acorn_contact_240607-1010_01.wav,acorn_39_elevator_240607_1010,aa,acorn,Acorn,contact,1,240607-1010,2024-06-07,elevator,captive_facility,NA,F,NA,NA,1,single,data/aa/all_calls/single/acorn_39_elevator_240607_1010.wav,Aviary 3,2013,family_1
aa_acorn_contact_240607-1010_02.wav,acorn_40_elevator_240607_1010,aa,acorn,Acorn,contact,1,240607-1010,2024-06-07,elevator,captive_facility,NA,F,NA,NA,1,single,data/aa/all_calls/single/acorn_40_elevator_240607_1010.wav,Aviary 3,2013,family_1
aa_acorn_contact_240607-1010_03.wav,acorn_41_elevator_240607_1010,aa,acorn,Acorn,contact,1,240607-1010,2024-06-07,elevator,captive_facility,NA,F,NA,NA,1,single,data/aa/all_calls/single/acorn_41_elevator_240607_1010.wav,Aviary 3,2013,family_1
aa_acorn_contact_240607-1011_01.wav,acorn_42_elevator_240607_1011,aa,acorn,Acorn,contact,1,240607-1011,2024-06-07,elevator,captive_facility,NA,F,NA,NA,1,single,data/aa/all_calls/single/acorn_42_elevator_240607_1011.wav,Aviary 3,2013,family_1
aa_acorn_contact_240608-1015_01.wav,acorn_43_elevator_240608_1015,aa,acorn,Acorn,contact,1,240608-1015,2024-06-08,elevator,captive_facility,NA,F,NA,NA,1,single,data/aa/all_calls/single/acorn_43_elevator_240608_1015.wav,Aviary 3,2013,family_1
aa_acorn_contact_240613-1059_01.wav,acorn_44_elevator_240613_1059,aa,acorn,Acorn,contact,1,240613-1059,2024-06-13,elevator,captive_facility,NA,F,NA,NA,1,single,data/aa/all_calls/single/acorn_44_elevator_240613_1059.wav,Aviary 3,2013,family_1
aa_acorn_contact_240613-1059_02.wav,acorn_45_elevator_240613_1059,aa,acorn,Acorn,contact,1,240613-1059,2024-06-13,elevator,captive_facility,NA,F,NA,NA,1,single,data/aa/all_calls/single/acorn_45_elevator_240613_1059.wav,Aviary 3,2013,family_1
aa_acorn_contact_240613-1059_03.wav,acorn_46_elevator_240613_1059,aa,acorn,Acorn,contact,1,240613-1059,2024-06-13,elevator,captive_facility,NA,F,NA,NA,1,single,data/aa/all_calls/single/acorn_46_elevator_240613_1059.wav,Aviary 3,2013,family_1
aa_acorn_contact_240613-1059_04.wav,acorn_47_elevator_240613_1059,aa,acorn,Acorn,contact,1,240613-1059,2024-06-13,elevator,captive_facility,NA,F,NA,NA,1,single,data/aa/all_calls/single/acorn_47_elevator_240613_1059.wav,Aviary 3,2013,family_1
aa_acorn_contact_240613-1059_05.wav,acorn_48_elevator_240613_1059,aa,acorn,Acorn,contact,1,240613-1059,2024-06-13,elevator,captive_facility,NA,F,NA,NA,1,single,data/aa/all_calls/single/acorn_48_elevator_240613_1059.wav,Aviary 3,2013,family_1
aa_acorn_contact_240613-1059_06.wav,acorn_49_elevator_240613_1059,aa,acorn,Acorn,contact,1,240613-1059,2024-06-13,elevator,captive_facility,NA,F,NA,NA,1,single,data/aa/all_calls/single/acorn_49_elevator_240613_1059.wav,Aviary 3,2013,family_1
aa_acorn_contact_240613-1061_01.wav,acorn_50_elevator_240613_1061,aa,acorn,Acorn,contact,1,240613-1061,2024-06-13,elevator,captive_facility,NA,F,NA,NA,1,single,data/aa/all_calls/single/acorn_50_elevator_240613_1061.wav,Aviary 3,2013,family_1
aa_acorn_contact_240614-1069_01.wav,acorn_51_elevator_240614_1069,aa,acorn,Acorn,contact,1,240614-1069,2024-06-14,NA,captive_facility,NA,F,NA,NA,1,single,data/aa/all_calls/single/acorn_51_elevator_240614_1069.wav,Aviary 3,2013,family_1
aa_acorn_contact_240615-1080_01.wav,acorn_52_elevator_240615_1080,aa,acorn,Acorn,contact,1,240615-1080,2024-06-15,NA,captive_facility,NA,F,NA,NA,1,single,data/aa/all_calls/single/acorn_52_elevator_240615_1080.wav,Aviary 3,2013,family_1
aa_acorn_contact_240621-1121_01.wav,acorn_53_elevator_240621_1121,aa,acorn,Acorn,contact,1,240621-1121,2024-06-21,NA,captive_facility,NA,F,NA,NA,1,single,data/aa/all_calls/single/acorn_53_elevator_240621_1121.wav,Aviary 3,2013,family_1
aa_acorn_contact_240621-1121_02.wav,acorn_54_elevator_240621_1121,aa,acorn,Acorn,contact,1,240621-1121,2024-06-21,NA,captive_facility,NA,F,NA,NA,1,single,data/aa/all_calls/single/acorn_54_elevator_240621_1121.wav,Aviary 3,2013,family_1
aa_acorn_contact_240621-1121_03.wav,acorn_55_elevator_240621_1121,aa,acorn,Acorn,contact,1,240621-1121,2024-06-21,NA,captive_facility,NA,F,NA,NA,1,single,data/aa/all_calls/single/acorn_55_elevator_240621_1121.wav,Aviary 3,2013,family_1
aa_acorn_contact_240621-1121_04.wav,acorn_56_elevator_240621_1121,aa,acorn,Acorn,contact,1,240621-1121,2024-06-21,NA,captive_facility,NA,F,NA,NA,1,single,data/aa/all_calls/single/acorn_56_elevator_240621_1121.wav,Aviary 3,2013,family_1
aa_acorn_contactseq_240426-579_01.wav,acorn_triple_1_240426_0579,aa,acorn,Acorn,contactseq,3,240426-579,2024-04-26,,captive_facility,NA,F,NA,NA,1,repeated,data/aa/all_calls/repeated/acorn_triple_1_240426_0579.wav,Aviary 3,2013,family_1
aa_acorn_contactseq_240509-632_01.wav,acorn_double_1_240509_0632,aa,acorn,Acorn,contactseq,2,240509-632,2024-05-09,,captive_facility,NA,F,NA,NA,1,repeated,data/aa/all_calls/repeated/acorn_double_1_240509_0632.wav,Aviary 3,2013,family_1
aa_acorn_contactseq_240509-632_02.wav,acorn_double_2_240509_0632,aa,acorn,Acorn,contactseq,2,240509-632,2024-05-09,,captive_facility,NA,F,NA,NA,1,repeated,data/aa/all_calls/repeated/acorn_double_2_240509_0632.wav,Aviary 3,2013,family_1
aa_acorn_contactseq_240509-632_03.wav,acorn_quadruple_240509_0632,aa,acorn,Acorn,contactseq,4,240509-632,2024-05-09,,captive_facility,NA,F,NA,NA,1,repeated,data/aa/all_calls/repeated/acorn_quadruple_240509_0632.wav,Aviary 3,2013,family_1
aa_acorn_contactseq_240509-632_04.wav,acorn_quadruple_2_240509_0632,aa,acorn,Acorn,contactseq,4,240509-632,2024-05-09,,captive_facility,NA,F,NA,NA,1,repeated,data/aa/all_calls/repeated/acorn_quadruple_2_240509_0632.wav,Aviary 3,2013,family_1
aa_acorn_contactseq_240509-632_05.wav,acorn_quadruple_3_240509_0632,aa,acorn,Acorn,contactseq,4,240509-632,2024-05-09,,captive_facility,NA,F,NA,NA,1,repeated,data/aa/all_calls/repeated/acorn_quadruple_3_240509_0632.wav,Aviary 3,2013,family_1
aa_acorn_contactseq_240509-632_06.wav,acorn_quadruple_4_240509_0632,aa,acorn,Acorn,contactseq,4,240509-632,2024-05-09,,captive_facility,NA,F,NA,NA,1,repeated,data/aa/all_calls/repeated/acorn_quadruple_4_240509_0632.wav,Aviary 3,2013,family_1
aa_acorn_contactseq_240511-669_01.wav,acorn_double_3_240511_0669,aa,acorn,Acorn,contactseq,2,240511-669,2024-05-11,,captive_facility,NA,F,NA,NA,1,repeated,data/aa/all_calls/repeated/acorn_double_3_240511_0669.wav,Aviary 3,2013,family_1
aa_acorn_contactseq_240512-685_01.wav,acorn_double_4_240512_0685,aa,acorn,Acorn,contactseq,2,240512-685,2024-05-12,,captive_facility,NA,F,NA,NA,1,repeated,data/aa/all_calls/repeated/acorn_double_4_240512_0685.wav,Aviary 3,2013,family_1
aa_acorn_contactseq_240515-730_01.wav,acorn_double_up_1_240515_0730,aa,acorn,Acorn,contactseq,2,240515-730,2024-05-15,,captive_facility,NA,F,NA,NA,1,repeated,data/aa/all_calls/repeated/acorn_double_up_1_240515_0730.wav,Aviary 3,2013,family_1
aa_acorn_contactseq_240515-730_02.wav,acorn_double_up_2_240515_0730,aa,acorn,Acorn,contactseq,2,240515-730,2024-05-15,,captive_facility,NA,F,NA,NA,1,repeated,data/aa/all_calls/repeated/acorn_double_up_2_240515_0730.wav,Aviary 3,2013,family_1
aa_acorn_contactseq_240515-730_03.wav,acorn_upstairs_eightuple_240515_0730,aa,acorn,Acorn,contactseq,8,240515-730,2024-05-15,upstairs,captive_facility,NA,F,NA,NA,1,repeated,data/aa/all_calls/repeated/acorn_upstairs_eightuple_240515_0730.wav,Aviary 3,2013,family_1
aa_acorn_contactseq_240517-776_01.wav,acorn_double_5_240517_0776,aa,acorn,Acorn,contactseq,2,240517-776,2024-05-17,,captive_facility,NA,F,NA,NA,1,repeated,data/aa/all_calls/repeated/acorn_double_5_240517_0776.wav,Aviary 3,2013,family_1
aa_acorn_contactseq_240517-776_02.wav,acorn_double_6_240517_0776,aa,acorn,Acorn,contactseq,2,240517-776,2024-05-17,,captive_facility,NA,F,NA,NA,1,repeated,data/aa/all_calls/repeated/acorn_double_6_240517_0776.wav,Aviary 3,2013,family_1
aa_acorn_contactseq_240517-777_01.wav,acorn_upstaris_240517_0777,aa,acorn,Acorn,contactseq,2,240517-777,2024-05-17,,captive_facility,NA,F,NA,NA,1,repeated,data/aa/all_calls/repeated/acorn_upstaris_240517_0777.wav,Aviary 3,2013,family_1
aa_acorn_contactseq_240517-778_01.wav,acorn_double_7_240517_0778,aa,acorn,Acorn,contactseq,2,240517-778,2024-05-17,,captive_facility,NA,F,NA,NA,1,repeated,data/aa/all_calls/repeated/acorn_double_7_240517_0778.wav,Aviary 3,2013,family_1
aa_acorn_contactseq_240519-792_01.wav,acorn_double_8_240519_0792,aa,acorn,Acorn,contactseq,2,240519-792,2024-05-19,,captive_facility,NA,F,NA,NA,1,repeated,data/aa/all_calls/repeated/acorn_double_8_240519_0792.wav,Aviary 3,2013,family_1
aa_acorn_contactseq_240519-793_01.wav,acorn_triple_1_upstairs_240519_0793,aa,acorn,Acorn,contactseq,3,240519-793,2024-05-19,upstairs,captive_facility,NA,F,NA,NA,1,repeated,data/aa/all_calls/repeated/acorn_triple_1_upstairs_240519_0793.wav,Aviary 3,2013,family_1
aa_acorn_contactseq_240521-830_01.wav,acorn_double_up_3_240521_0830,aa,acorn,Acorn,contactseq,2,240521-830,2024-05-21,,captive_facility,NA,F,NA,NA,1,repeated,data/aa/all_calls/repeated/acorn_double_up_3_240521_0830.wav,Aviary 3,2013,family_1
aa_acorn_contactseq_240529-926_01.wav,acorn_double_9_240529_0926,aa,acorn,Acorn,contactseq,2,240529-926,2024-05-29,,captive_facility,NA,F,NA,NA,1,repeated,data/aa/all_calls/repeated/acorn_double_9_240529_0926.wav,Aviary 3,2013,family_1
aa_acorn_contactseq_240603-979_01.wav,acorn_double_5_240603_0979,aa,acorn,Acorn,contactseq,2,240603-979,2024-06-03,,captive_facility,NA,F,NA,NA,1,repeated,data/aa/all_calls/repeated/acorn_double_5_240603_0979.wav,Aviary 3,2013,family_1
aa_acorn_contactseq_240603-980_01.wav,acorn_quadruple_6_240603_0980,aa,acorn,Acorn,contactseq,4,240603-980,2024-06-03,,captive_facility,NA,F,NA,NA,1,repeated,data/aa/all_calls/repeated/acorn_quadruple_6_240603_0980.wav,Aviary 3,2013,family_1
aa_acorn_contactseq_240603-980_02.wav,acorn_septuple_1_240603_0980,aa,acorn,Acorn,contactseq,7,240603-980,2024-06-03,,captive_facility,NA,F,NA,NA,1,repeated,data/aa/all_calls/repeated/acorn_septuple_1_240603_0980.wav,Aviary 3,2013,family_1
aa_acorn_contactseq_240607-1010_01.wav,acorn_double_10_240607_1010,aa,acorn,Acorn,contactseq,2,240607-1010,2024-06-07,,captive_facility,NA,F,NA,NA,1,repeated,data/aa/all_calls/repeated/acorn_double_10_240607_1010.wav,Aviary 3,2013,family_1
aa_acorn_contactseq_240607-1010_02.wav,acorn_double_11_240607_1010,aa,acorn,Acorn,contactseq,2,240607-1010,2024-06-07,,captive_facility,NA,F,NA,NA,1,repeated,data/aa/all_calls/repeated/acorn_double_11_240607_1010.wav,Aviary 3,2013,family_1
aa_acorn_contactseq_240607-1010_03.wav,acorn_double_12_240607_1010,aa,acorn,Acorn,contactseq,2,240607-1010,2024-06-07,,captive_facility,NA,F,NA,NA,1,repeated,data/aa/all_calls/repeated/acorn_double_12_240607_1010.wav,Aviary 3,2013,family_1
aa_acorn_contactseq_240607-1010_04.wav,acorn_triple_2_240607_1010,aa,acorn,Acorn,contactseq,3,240607-1010,2024-06-07,,captive_facility,NA,F,NA,NA,1,repeated,data/aa/all_calls/repeated/acorn_triple_2_240607_1010.wav,Aviary 3,2013,family_1
aa_acorn_contactseq_240607-1011_01.wav,acorn_double_13_240607_1011,aa,acorn,Acorn,contactseq,2,240607-1011,2024-06-07,,captive_facility,NA,F,NA,NA,1,repeated,data/aa/all_calls/repeated/acorn_double_13_240607_1011.wav,Aviary 3,2013,family_1
aa_acorn_contactseq_240607-1011_02.wav,acorn_double_14_240607_1011,aa,acorn,Acorn,contactseq,2,240607-1011,2024-06-07,,captive_facility,NA,F,NA,NA,1,repeated,data/aa/all_calls/repeated/acorn_double_14_240607_1011.wav,Aviary 3,2013,family_1
aa_acorn_contactseq_240607-1011_03.wav,acorn_double_15_240607_1011,aa,acorn,Acorn,contactseq,2,240607-1011,2024-06-07,,captive_facility,NA,F,NA,NA,1,repeated,data/aa/all_calls/repeated/acorn_double_15_240607_1011.wav,Aviary 3,2013,family_1
aa_acorn_contactseq_240608-1015_01.wav,acorn_double_16_240608_1015,aa,acorn,Acorn,contactseq,2,240608-1015,2024-06-08,,captive_facility,NA,F,NA,NA,1,repeated,data/aa/all_calls/repeated/acorn_double_16_240608_1015.wav,Aviary 3,2013,family_1
aa_acorn_contactseq_240610-1037_01.wav,acorn_double_17_240610_1037,aa,acorn,Acorn,contactseq,2,240610-1037,2024-06-10,,captive_facility,NA,F,NA,NA,1,repeated,data/aa/all_calls/repeated/acorn_double_17_240610_1037.wav,Aviary 3,2013,family_1
aa_acorn_contactseq_240612-1049_01.wav,acorn_44_elevator_240612_1049,aa,acorn,Acorn,contactseq,3,240612-1049,2024-06-12,elevator,captive_facility,NA,F,NA,NA,1,repeated,data/aa/all_calls/repeated/acorn_44_elevator_240612_1049.wav,Aviary 3,2013,family_1
aa_alba_contact_240424-553_01.wav,alba_1_elevator_240424_0553,aa,alba,Alba,contact,1,240424-553,2024-04-24,elevator,captive_facility,NA,F,NA,NA,1,single,data/aa/all_calls/single/alba_1_elevator_240424_0553.wav,Aviary 3,2014,family_1
aa_alba_contact_240424-553_02.wav,alba_2_elevator_240424_0553,aa,alba,Alba,contact,1,240424-553,2024-04-24,elevator,captive_facility,NA,F,NA,NA,1,single,data/aa/all_calls/single/alba_2_elevator_240424_0553.wav,Aviary 3,2014,family_1
aa_alba_contact_240424-553_03.wav,alba_3_elevator_240424_0553,aa,alba,Alba,contact,1,240424-553,2024-04-24,elevator,captive_facility,NA,F,NA,NA,1,single,data/aa/all_calls/single/alba_3_elevator_240424_0553.wav,Aviary 3,2014,family_1
aa_alba_contact_240429-611_01.wav,alba_4_elevator_240429_0611,aa,alba,Alba,contact,1,240429-611,2024-04-29,elevator,captive_facility,NA,F,NA,NA,1,single,data/aa/all_calls/single/alba_4_elevator_240429_0611.wav,Aviary 3,2014,family_1
aa_alba_contact_240429-611_02.wav,alba_5_elevator_240429_0611,aa,alba,Alba,contact,1,240429-611,2024-04-29,elevator,captive_facility,NA,F,NA,NA,1,single,data/aa/all_calls/single/alba_5_elevator_240429_0611.wav,Aviary 3,2014,family_1
aa_alba_contact_240429-611_03.wav,alba_6_elevator_240429_0611,aa,alba,Alba,contact,1,240429-611,2024-04-29,elevator,captive_facility,NA,F,NA,NA,1,single,data/aa/all_calls/single/alba_6_elevator_240429_0611.wav,Aviary 3,2014,family_1
aa_alba_contact_240429-611_04.wav,alba_7_elevator_240429_0611,aa,alba,Alba,contact,1,240429-611,2024-04-29,elevator,captive_facility,NA,F,NA,NA,1,single,data/aa/all_calls/single/alba_7_elevator_240429_0611.wav,Aviary 3,2014,family_1
aa_alba_contact_240429-611_05.wav,alba_8_elevator_240429_0611,aa,alba,Alba,contact,1,240429-611,2024-04-29,elevator,captive_facility,NA,F,NA,NA,1,single,data/aa/all_calls/single/alba_8_elevator_240429_0611.wav,Aviary 3,2014,family_1
aa_alba_contact_240510-0653_01.wav,alba_58_elevator_240510_0653,aa,alba,Alba,contact,1,240510-0653,2024-05-10,NA,captive_facility,NA,F,NA,NA,1,single,data/aa/all_calls/single/alba_58_elevator_240510_0653.wav,Aviary 3,2014,family_1
aa_alba_contact_240510-0653_02.wav,alba_59_elevator_240510_0653,aa,alba,Alba,contact,1,240510-0653,2024-05-10,NA,captive_facility,NA,F,NA,NA,1,single,data/aa/all_calls/single/alba_59_elevator_240510_0653.wav,Aviary 3,2014,family_1
aa_alba_contact_240510-652_01.wav,alba_10_elevator_240510_0652,aa,alba,Alba,contact,1,240510-652,2024-05-10,elevator,captive_facility,NA,F,NA,NA,1,single,data/aa/all_calls/single/alba_10_elevator_240510_0652.wav,Aviary 3,2014,family_1
aa_alba_contact_240510-652_02.wav,alba_11_elevator_240510_0652,aa,alba,Alba,contact,1,240510-652,2024-05-10,elevator,captive_facility,NA,F,NA,NA,1,single,data/aa/all_calls/single/alba_11_elevator_240510_0652.wav,Aviary 3,2014,family_1
aa_alba_contact_240510-652_03.wav,alba_12_elevator_240510_0652,aa,alba,Alba,contact,1,240510-652,2024-05-10,elevator,captive_facility,NA,F,NA,NA,1,single,data/aa/all_calls/single/alba_12_elevator_240510_0652.wav,Aviary 3,2014,family_1
aa_alba_contact_240510-652_04.wav,alba_13_elevator_240510_0652,aa,alba,Alba,contact,1,240510-652,2024-05-10,elevator,captive_facility,NA,F,NA,NA,1,single,data/aa/all_calls/single/alba_13_elevator_240510_0652.wav,Aviary 3,2014,family_1
aa_alba_contact_240510-652_05.wav,alba_16_elevator_240510_0652,aa,alba,Alba,contact,1,240510-652,2024-05-10,elevator,captive_facility,NA,F,NA,NA,1,single,data/aa/all_calls/single/alba_16_elevator_240510_0652.wav,Aviary 3,2014,family_1
aa_alba_contact_240510-652_06.wav,alba_17_elevator_240510_0652,aa,alba,Alba,contact,1,240510-652,2024-05-10,elevator,captive_facility,NA,F,NA,NA,1,single,data/aa/all_calls/single/alba_17_elevator_240510_0652.wav,Aviary 3,2014,family_1
aa_alba_contact_240510-652_07.wav,alba_18_elevator__240510_0652,aa,alba,Alba,contact,1,240510-652,2024-05-10,elevator,captive_facility,NA,F,NA,NA,1,single,data/aa/all_calls/single/alba_18_elevator__240510_0652.wav,Aviary 3,2014,family_1
aa_alba_contact_240510-652_08.wav,alba_19_elevator_240510_0652,aa,alba,Alba,contact,1,240510-652,2024-05-10,elevator,captive_facility,NA,F,NA,NA,1,single,data/aa/all_calls/single/alba_19_elevator_240510_0652.wav,Aviary 3,2014,family_1
aa_alba_contact_240510-652_09.wav,alba_20_elevator_240510_0652,aa,alba,Alba,contact,1,240510-652,2024-05-10,elevator,captive_facility,NA,F,NA,NA,1,single,data/aa/all_calls/single/alba_20_elevator_240510_0652.wav,Aviary 3,2014,family_1
aa_alba_contact_240510-652_10.wav,alba_9_elevator_240510_0652,aa,alba,Alba,contact,1,240510-652,2024-05-10,elevator,captive_facility,NA,F,NA,NA,1,single,data/aa/all_calls/single/alba_9_elevator_240510_0652.wav,Aviary 3,2014,family_1
aa_alba_contact_240510-655_01.wav,alba_14_elevator_240510_0655,aa,alba,Alba,contact,1,240510-655,2024-05-10,elevator,captive_facility,NA,F,NA,NA,1,single,data/aa/all_calls/single/alba_14_elevator_240510_0655.wav,Aviary 3,2014,family_1
aa_alba_contact_240510-655_02.wav,alba_15_elevator_240510_0655,aa,alba,Alba,contact,1,240510-655,2024-05-10,elevator,captive_facility,NA,F,NA,NA,1,single,data/aa/all_calls/single/alba_15_elevator_240510_0655.wav,Aviary 3,2014,family_1
aa_alba_contact_240510-655_03.wav,alba_21_elevator_240510_0655,aa,alba,Alba,contact,1,240510-655,2024-05-10,elevator,captive_facility,NA,F,NA,NA,1,single,data/aa/all_calls/single/alba_21_elevator_240510_0655.wav,Aviary 3,2014,family_1
aa_alba_contact_240510-655_04.wav,alba_22_elevator_240510_0655,aa,alba,Alba,contact,1,240510-655,2024-05-10,elevator,captive_facility,NA,F,NA,NA,1,single,data/aa/all_calls/single/alba_22_elevator_240510_0655.wav,Aviary 3,2014,family_1
aa_alba_contact_240511-0678_01.wav,alba_60_elevator_240511_0678,aa,alba,Alba,contact,1,240511-0678,2024-05-11,NA,captive_facility,NA,F,NA,NA,1,single,data/aa/all_calls/single/alba_60_elevator_240511_0678.wav,Aviary 3,2014,family_1
aa_alba_contact_240511-678_01.wav,alba_23_elevator_240511_0678,aa,alba,Alba,contact,1,240511-678,2024-05-11,elevator,captive_facility,NA,F,NA,NA,1,single,data/aa/all_calls/single/alba_23_elevator_240511_0678.wav,Aviary 3,2014,family_1
aa_alba_contact_240512-699_01.wav,alba_24_elevator_240512_0699,aa,alba,Alba,contact,1,240512-699,2024-05-12,elevator,captive_facility,NA,F,NA,NA,1,single,data/aa/all_calls/single/alba_24_elevator_240512_0699.wav,Aviary 3,2014,family_1
aa_alba_contact_240512-699_02.wav,alba_25_elevator_240512_0699,aa,alba,Alba,contact,1,240512-699,2024-05-12,elevator,captive_facility,NA,F,NA,NA,1,single,data/aa/all_calls/single/alba_25_elevator_240512_0699.wav,Aviary 3,2014,family_1
aa_alba_contact_240517-779_01.wav,alba_26_elevator_240517_0779,aa,alba,Alba,contact,1,240517-779,2024-05-17,elevator,captive_facility,NA,F,NA,NA,1,single,data/aa/all_calls/single/alba_26_elevator_240517_0779.wav,Aviary 3,2014,family_1
aa_alba_contact_240531-948_01.wav,alba_27_elevator_240531_0948,aa,alba,Alba,contact,1,240531-948,2024-05-31,elevator,captive_facility,NA,F,NA,NA,1,single,data/aa/all_calls/single/alba_27_elevator_240531_0948.wav,Aviary 3,2014,family_1
aa_alba_contact_240531-948_02.wav,alba_28_elevator_240531_0948,aa,alba,Alba,contact,1,240531-948,2024-05-31,elevator,captive_facility,NA,F,NA,NA,1,single,data/aa/all_calls/single/alba_28_elevator_240531_0948.wav,Aviary 3,2014,family_1
aa_alba_contact_240531-948_03.wav,alba_29_elevator_240531_0948,aa,alba,Alba,contact,1,240531-948,2024-05-31,elevator,captive_facility,NA,F,NA,NA,1,single,data/aa/all_calls/single/alba_29_elevator_240531_0948.wav,Aviary 3,2014,family_1
aa_alba_contact_240602-969_01.wav,alba_30_elevator_240602_0969,aa,alba,Alba,contact,1,240602-969,2024-06-02,elevator,captive_facility,NA,F,NA,NA,1,single,data/aa/all_calls/single/alba_30_elevator_240602_0969.wav,Aviary 3,2014,family_1
aa_alba_contact_240607-1002_01.wav,alba_31_elevator_240607_1002,aa,alba,Alba,contact,1,240607-1002,2024-06-07,elevator,captive_facility,NA,F,NA,NA,1,single,data/aa/all_calls/single/alba_31_elevator_240607_1002.wav,Aviary 3,2014,family_1
aa_alba_contact_240607-1002_02.wav,alba_32_elevator_240607_1002,aa,alba,Alba,contact,1,240607-1002,2024-06-07,elevator,captive_facility,NA,F,NA,NA,1,single,data/aa/all_calls/single/alba_32_elevator_240607_1002.wav,Aviary 3,2014,family_1
aa_alba_contact_240607-1002_03.wav,alba_33_elevator_240607_1002,aa,alba,Alba,contact,1,240607-1002,2024-06-07,elevator,captive_facility,NA,F,NA,NA,1,single,data/aa/all_calls/single/alba_33_elevator_240607_1002.wav,Aviary 3,2014,family_1
aa_alba_contact_240607-1002_04.wav,alba_34_elevator_240607_1002,aa,alba,Alba,contact,1,240607-1002,2024-06-07,elevator,captive_facility,NA,F,NA,NA,1,single,data/aa/all_calls/single/alba_34_elevator_240607_1002.wav,Aviary 3,2014,family_1
aa_alba_contact_240607-1002_05.wav,alba_35_elevator_240607_1002,aa,alba,Alba,contact,1,240607-1002,2024-06-07,elevator,captive_facility,NA,F,NA,NA,1,single,data/aa/all_calls/single/alba_35_elevator_240607_1002.wav,Aviary 3,2014,family_1
aa_alba_contact_240607-1002_06.wav,alba_36_elevator_240607_1002,aa,alba,Alba,contact,1,240607-1002,2024-06-07,elevator,captive_facility,NA,F,NA,NA,1,single,data/aa/all_calls/single/alba_36_elevator_240607_1002.wav,Aviary 3,2014,family_1
aa_alba_contact_240607-1003_01.wav,alba_37_elevator_240607_1003,aa,alba,Alba,contact,1,240607-1003,2024-06-07,elevator,captive_facility,NA,F,NA,NA,1,single,data/aa/all_calls/single/alba_37_elevator_240607_1003.wav,Aviary 3,2014,family_1
aa_alba_contact_240607-1003_02.wav,alba_38_elevator_240607_1003,aa,alba,Alba,contact,1,240607-1003,2024-06-07,elevator,captive_facility,NA,F,NA,NA,1,single,data/aa/all_calls/single/alba_38_elevator_240607_1003.wav,Aviary 3,2014,family_1
aa_alba_contact_240607-1003_03.wav,alba_39_elevator_240607_1003,aa,alba,Alba,contact,1,240607-1003,2024-06-07,elevator,captive_facility,NA,F,NA,NA,1,single,data/aa/all_calls/single/alba_39_elevator_240607_1003.wav,Aviary 3,2014,family_1
aa_alba_contact_240607-1003_04.wav,alba_40_elevator_240607_1003,aa,alba,Alba,contact,1,240607-1003,2024-06-07,elevator,captive_facility,NA,F,NA,NA,1,single,data/aa/all_calls/single/alba_40_elevator_240607_1003.wav,Aviary 3,2014,family_1
aa_alba_contact_240607-1003_05.wav,alba_41_elevator_240607_1003,aa,alba,Alba,contact,1,240607-1003,2024-06-07,elevator,captive_facility,NA,F,NA,NA,1,single,data/aa/all_calls/single/alba_41_elevator_240607_1003.wav,Aviary 3,2014,family_1
aa_alba_contact_240607-1003_06.wav,alba_42_elevator_240607_1003,aa,alba,Alba,contact,1,240607-1003,2024-06-07,elevator,captive_facility,NA,F,NA,NA,1,single,data/aa/all_calls/single/alba_42_elevator_240607_1003.wav,Aviary 3,2014,family_1
aa_alba_contact_240607-1003_07.wav,alba_43_elevator_240607_1003,aa,alba,Alba,contact,1,240607-1003,2024-06-07,elevator,captive_facility,NA,F,NA,NA,1,single,data/aa/all_calls/single/alba_43_elevator_240607_1003.wav,Aviary 3,2014,family_1
aa_alba_contact_240612-1054_01.wav,alba_44_elevator_240612_1054,aa,alba,Alba,contact,1,240612-1054,2024-06-12,elevator,captive_facility,NA,F,NA,NA,1,single,data/aa/all_calls/single/alba_44_elevator_240612_1054.wav,Aviary 3,2014,family_1
aa_alba_contact_240612-1054_02.wav,alba_45_elevator_240612_1054,aa,alba,Alba,contact,1,240612-1054,2024-06-12,elevator,captive_facility,NA,F,NA,NA,1,single,data/aa/all_calls/single/alba_45_elevator_240612_1054.wav,Aviary 3,2014,family_1
aa_alba_contact_240612-1054_03.wav,alba_46_elevator_240612_1054,aa,alba,Alba,contact,1,240612-1054,2024-06-12,elevator,captive_facility,NA,F,NA,NA,1,single,data/aa/all_calls/single/alba_46_elevator_240612_1054.wav,Aviary 3,2014,family_1
aa_alba_contact_240612-1054_04.wav,alba_47_elevator_240612_1054,aa,alba,Alba,contact,1,240612-1054,2024-06-12,elevator,captive_facility,NA,F,NA,NA,1,single,data/aa/all_calls/single/alba_47_elevator_240612_1054.wav,Aviary 3,2014,family_1
aa_alba_contact_240612-1054_05.wav,alba_48_elevator_240612_1054,aa,alba,Alba,contact,1,240612-1054,2024-06-12,elevator,captive_facility,NA,F,NA,NA,1,single,data/aa/all_calls/single/alba_48_elevator_240612_1054.wav,Aviary 3,2014,family_1
aa_alba_contact_240612-1054_06.wav,alba_49_elevator_240612_1054,aa,alba,Alba,contact,1,240612-1054,2024-06-12,elevator,captive_facility,NA,F,NA,NA,1,single,data/aa/all_calls/single/alba_49_elevator_240612_1054.wav,Aviary 3,2014,family_1
aa_alba_contact_240612-1054_07.wav,alba_50_elevator_240612_1054,aa,alba,Alba,contact,1,240612-1054,2024-06-12,elevator,captive_facility,NA,F,NA,NA,1,single,data/aa/all_calls/single/alba_50_elevator_240612_1054.wav,Aviary 3,2014,family_1
aa_alba_contact_240614-1074_01.wav,alba_51_elevator_240614_1074,aa,alba,Alba,contact,1,240614-1074,2024-06-14,NA,captive_facility,NA,F,NA,NA,1,single,data/aa/all_calls/single/alba_51_elevator_240614_1074.wav,Aviary 3,2014,family_1
aa_alba_contact_240614-1074_02.wav,alba_52_elevator_240614_1074,aa,alba,Alba,contact,1,240614-1074,2024-06-14,NA,captive_facility,NA,F,NA,NA,1,single,data/aa/all_calls/single/alba_52_elevator_240614_1074.wav,Aviary 3,2014,family_1
aa_alba_contact_240614-1074_03.wav,alba_53_elevator_240614_1074,aa,alba,Alba,contact,1,240614-1074,2024-06-14,NA,captive_facility,NA,F,NA,NA,1,single,data/aa/all_calls/single/alba_53_elevator_240614_1074.wav,Aviary 3,2014,family_1
aa_alba_contact_240614-1074_04.wav,alba_54_elevator_240614_1074,aa,alba,Alba,contact,1,240614-1074,2024-06-14,NA,captive_facility,NA,F,NA,NA,1,single,data/aa/all_calls/single/alba_54_elevator_240614_1074.wav,Aviary 3,2014,family_1
aa_alba_contact_240614-1074_05.wav,alba_55_elevator_240614_1074,aa,alba,Alba,contact,1,240614-1074,2024-06-14,NA,captive_facility,NA,F,NA,NA,1,single,data/aa/all_calls/single/alba_55_elevator_240614_1074.wav,Aviary 3,2014,family_1
aa_alba_contact_240621-1132_01.wav,alba_57_elevator_240621_1132,aa,alba,Alba,contact,1,240621-1132,2024-06-21,NA,captive_facility,NA,F,NA,NA,1,single,data/aa/all_calls/single/alba_57_elevator_240621_1132.wav,Aviary 3,2014,family_1
aa_alba_contact_240621-1133_01.wav,alba_56_elevator_240621_1133,aa,alba,Alba,contact,1,240621-1133,2024-06-21,NA,captive_facility,NA,F,NA,NA,1,single,data/aa/all_calls/single/alba_56_elevator_240621_1133.wav,Aviary 3,2014,family_1
aa_alba_contactseq_240424-553_01.wav,alba_double_1_240424_0553,aa,alba,Alba,contactseq,2,240424-553,2024-04-24,,captive_facility,NA,F,NA,NA,1,repeated,data/aa/all_calls/repeated/alba_double_1_240424_0553.wav,Aviary 3,2014,family_1
aa_alba_contactseq_240510-653_01.wav,alba_double_2_240510_0653,aa,alba,Alba,contactseq,2,240510-653,2024-05-10,,captive_facility,NA,F,NA,NA,1,repeated,data/aa/all_calls/repeated/alba_double_2_240510_0653.wav,Aviary 3,2014,family_1
aa_alba_contactseq_240510-653_02.wav,alba_double_3_240510_0653,aa,alba,Alba,contactseq,2,240510-653,2024-05-10,,captive_facility,NA,F,NA,NA,1,repeated,data/aa/all_calls/repeated/alba_double_3_240510_0653.wav,Aviary 3,2014,family_1
aa_alba_contactseq_240511-678_01.wav,alba_double_4_240511_0678,aa,alba,Alba,contactseq,2,240511-678,2024-05-11,,captive_facility,NA,F,NA,NA,1,repeated,data/aa/all_calls/repeated/alba_double_4_240511_0678.wav,Aviary 3,2014,family_1
aa_enya_contact_240422-538_01.wav,enya_1_elevator_240422_0538,aa,enya,Enya,contact,1,240422-538,2024-04-22,elevator,captive_facility,NA,F,NA,NA,1,single,data/aa/all_calls/single/enya_1_elevator_240422_0538.wav,Aviary 2,2014,family_1
aa_enya_contact_240422-538_02.wav,enya_2_elevator_240422_0538,aa,enya,Enya,contact,1,240422-538,2024-04-22,elevator,captive_facility,NA,F,NA,NA,1,single,data/aa/all_calls/single/enya_2_elevator_240422_0538.wav,Aviary 2,2014,family_1
aa_enya_contact_240425-574_01.wav,enya_3_elevator_240425_0574,aa,enya,Enya,contact,1,240425-574,2024-04-25,elevator,captive_facility,NA,F,NA,NA,1,single,data/aa/all_calls/single/enya_3_elevator_240425_0574.wav,Aviary 2,2014,family_1
aa_enya_contact_240426-583_01.wav,enya_4_elevator_240426_0583,aa,enya,Enya,contact,1,240426-583,2024-04-26,elevator,captive_facility,NA,F,NA,NA,1,single,data/aa/all_calls/single/enya_4_elevator_240426_0583.wav,Aviary 2,2014,family_1
aa_enya_contact_240429-604_01.wav,enya_5_elevator_240429_0604,aa,enya,Enya,contact,1,240429-604,2024-04-29,elevator,captive_facility,NA,F,NA,NA,1,single,data/aa/all_calls/single/enya_5_elevator_240429_0604.wav,Aviary 2,2014,family_1
aa_enya_contact_240429-604_02.wav,enya_6_elevator_240429_0604,aa,enya,Enya,contact,1,240429-604,2024-04-29,elevator,captive_facility,NA,F,NA,NA,1,single,data/aa/all_calls/single/enya_6_elevator_240429_0604.wav,Aviary 2,2014,family_1
aa_enya_contact_240430-624_01.wav,enya_7_elevator_240430_0624,aa,enya,Enya,contact,1,240430-624,2024-04-30,elevator,captive_facility,NA,F,NA,NA,1,single,data/aa/all_calls/single/enya_7_elevator_240430_0624.wav,Aviary 2,2014,family_1
aa_enya_contact_240430-624_02.wav,enya_8_elevator_240430_0624,aa,enya,Enya,contact,1,240430-624,2024-04-30,elevator,captive_facility,NA,F,NA,NA,1,single,data/aa/all_calls/single/enya_8_elevator_240430_0624.wav,Aviary 2,2014,family_1
aa_enya_contact_240510-656_01.wav,enya_10_elevator_240510_0656,aa,enya,Enya,contact,1,240510-656,2024-05-10,elevator,captive_facility,NA,F,NA,NA,1,single,data/aa/all_calls/single/enya_10_elevator_240510_0656.wav,Aviary 2,2014,family_1
aa_enya_contact_240510-656_02.wav,enya_11_elevator_240510_0656,aa,enya,Enya,contact,1,240510-656,2024-05-10,elevator,captive_facility,NA,F,NA,NA,1,single,data/aa/all_calls/single/enya_11_elevator_240510_0656.wav,Aviary 2,2014,family_1
aa_enya_contact_240510-656_03.wav,enya_12_elevator_240510_0656,aa,enya,Enya,contact,1,240510-656,2024-05-10,elevator,captive_facility,NA,F,NA,NA,1,single,data/aa/all_calls/single/enya_12_elevator_240510_0656.wav,Aviary 2,2014,family_1
aa_enya_contact_240510-656_04.wav,enya_9_elevator_240510_0656,aa,enya,Enya,contact,1,240510-656,2024-05-10,elevator,captive_facility,NA,F,NA,NA,1,single,data/aa/all_calls/single/enya_9_elevator_240510_0656.wav,Aviary 2,2014,family_1
aa_enya_contact_240511-673_01.wav,enya_13_elevator_240511_0673,aa,enya,Enya,contact,1,240511-673,2024-05-11,elevator,captive_facility,NA,F,NA,NA,1,single,data/aa/all_calls/single/enya_13_elevator_240511_0673.wav,Aviary 2,2014,family_1
aa_enya_contact_240512-697_01.wav,enya_14_elevator_240512_0697,aa,enya,Enya,contact,1,240512-697,2024-05-12,elevator,captive_facility,NA,F,NA,NA,1,single,data/aa/all_calls/single/enya_14_elevator_240512_0697.wav,Aviary 2,2014,family_1
aa_enya_contact_240512-697_02.wav,enya_15_elevator_240512_0697,aa,enya,Enya,contact,1,240512-697,2024-05-12,elevator,captive_facility,NA,F,NA,NA,1,single,data/aa/all_calls/single/enya_15_elevator_240512_0697.wav,Aviary 2,2014,family_1
aa_enya_contact_240512-697_03.wav,enya_16_elevator_240512_0697,aa,enya,Enya,contact,1,240512-697,2024-05-12,elevator,captive_facility,NA,F,NA,NA,1,single,data/aa/all_calls/single/enya_16_elevator_240512_0697.wav,Aviary 2,2014,family_1
aa_enya_contact_240515-727_01.wav,enya_17_elevator_240515_0727,aa,enya,Enya,contact,1,240515-727,2024-05-15,elevator,captive_facility,NA,F,NA,NA,1,single,data/aa/all_calls/single/enya_17_elevator_240515_0727.wav,Aviary 2,2014,family_1
aa_enya_contact_240521-836_01.wav,enya_18_elevator_240521_0836,aa,enya,Enya,contact,1,240521-836,2024-05-21,elevator,captive_facility,NA,F,NA,NA,1,single,data/aa/all_calls/single/enya_18_elevator_240521_0836.wav,Aviary 2,2014,family_1
aa_enya_contact_240523-864_01.wav,enya_19_elevator_240523_0864,aa,enya,Enya,contact,1,240523-864,2024-05-23,elevator,captive_facility,NA,F,NA,NA,1,single,data/aa/all_calls/single/enya_19_elevator_240523_0864.wav,Aviary 2,2014,family_1
aa_enya_contact_240524-888_01.wav,enya_20_elevator_240524_0888,aa,enya,Enya,contact,1,240524-888,2024-05-24,elevator,captive_facility,NA,F,NA,NA,1,single,data/aa/all_calls/single/enya_20_elevator_240524_0888.wav,Aviary 2,2014,family_1
aa_enya_contact_240524-888_02.wav,enya_21_elevator_240524_0888,aa,enya,Enya,contact,1,240524-888,2024-05-24,elevator,captive_facility,NA,F,NA,NA,1,single,data/aa/all_calls/single/enya_21_elevator_240524_0888.wav,Aviary 2,2014,family_1
aa_enya_contact_240529-921_01.wav,enya_22_elevator_240529_0921,aa,enya,Enya,contact,1,240529-921,2024-05-29,elevator,captive_facility,NA,F,NA,NA,1,single,data/aa/all_calls/single/enya_22_elevator_240529_0921.wav,Aviary 2,2014,family_1
aa_enya_contact_240529-921_02.wav,enya_23_elevator_240529_0921,aa,enya,Enya,contact,1,240529-921,2024-05-29,elevator,captive_facility,NA,F,NA,NA,1,single,data/aa/all_calls/single/enya_23_elevator_240529_0921.wav,Aviary 2,2014,family_1
aa_enya_contact_240530-941_01.wav,enya_24_elevator_240530_0941,aa,enya,Enya,contact,1,240530-941,2024-05-30,elevator,captive_facility,NA,F,NA,NA,1,single,data/aa/all_calls/single/enya_24_elevator_240530_0941.wav,Aviary 2,2014,family_1
aa_enya_contact_240530-941_02.wav,enya_25_elevator_240530_0941,aa,enya,Enya,contact,1,240530-941,2024-05-30,elevator,captive_facility,NA,F,NA,NA,1,single,data/aa/all_calls/single/enya_25_elevator_240530_0941.wav,Aviary 2,2014,family_1
aa_enya_contact_240530-942_01.wav,enya_26_elevator_240530_0942,aa,enya,Enya,contact,1,240530-942,2024-05-30,elevator,captive_facility,NA,F,NA,NA,1,single,data/aa/all_calls/single/enya_26_elevator_240530_0942.wav,Aviary 2,2014,family_1
aa_enya_contact_240530-942_02.wav,enya_27_elevator_240530_0942,aa,enya,Enya,contact,1,240530-942,2024-05-30,elevator,captive_facility,NA,F,NA,NA,1,single,data/aa/all_calls/single/enya_27_elevator_240530_0942.wav,Aviary 2,2014,family_1
aa_enya_contact_240530-942_03.wav,enya_28_elevator_240530_0942,aa,enya,Enya,contact,1,240530-942,2024-05-30,elevator,captive_facility,NA,F,NA,NA,1,single,data/aa/all_calls/single/enya_28_elevator_240530_0942.wav,Aviary 2,2014,family_1
aa_enya_contact_240530-942_04.wav,enya_29_elevator_240530_0942,aa,enya,Enya,contact,1,240530-942,2024-05-30,elevator,captive_facility,NA,F,NA,NA,1,single,data/aa/all_calls/single/enya_29_elevator_240530_0942.wav,Aviary 2,2014,family_1
aa_enya_contact_240531-947_01.wav,enya_30_elevator_240531_0947,aa,enya,Enya,contact,1,240531-947,2024-05-31,elevator,captive_facility,NA,F,NA,NA,1,single,data/aa/all_calls/single/enya_30_elevator_240531_0947.wav,Aviary 2,2014,family_1
aa_enya_contact_240531-947_02.wav,enya_31_elevator_240531_0947,aa,enya,Enya,contact,1,240531-947,2024-05-31,elevator,captive_facility,NA,F,NA,NA,1,single,data/aa/all_calls/single/enya_31_elevator_240531_0947.wav,Aviary 2,2014,family_1
aa_enya_contact_240531-947_03.wav,enya_32_elevator_240531_0947,aa,enya,Enya,contact,1,240531-947,2024-05-31,elevator,captive_facility,NA,F,NA,NA,1,single,data/aa/all_calls/single/enya_32_elevator_240531_0947.wav,Aviary 2,2014,family_1
aa_enya_contact_240531-947_04.wav,enya_33_elevator_240531_0947,aa,enya,Enya,contact,1,240531-947,2024-05-31,elevator,captive_facility,NA,F,NA,NA,1,single,data/aa/all_calls/single/enya_33_elevator_240531_0947.wav,Aviary 2,2014,family_1
aa_enya_contact_240601-955_01.wav,enya_34_elevator_240601_0955,aa,enya,Enya,contact,1,240601-955,2024-06-01,elevator,captive_facility,NA,F,NA,NA,1,single,data/aa/all_calls/single/enya_34_elevator_240601_0955.wav,Aviary 2,2014,family_1
aa_enya_contact_240601-955_02.wav,enya_35_elevator_240601_0955,aa,enya,Enya,contact,1,240601-955,2024-06-01,elevator,captive_facility,NA,F,NA,NA,1,single,data/aa/all_calls/single/enya_35_elevator_240601_0955.wav,Aviary 2,2014,family_1
aa_enya_contact_240601-955_03.wav,enya_36_elevator_240601_0955,aa,enya,Enya,contact,1,240601-955,2024-06-01,elevator,captive_facility,NA,F,NA,NA,1,single,data/aa/all_calls/single/enya_36_elevator_240601_0955.wav,Aviary 2,2014,family_1
aa_enya_contact_240607-1001_01.wav,enya_44_elevator_240607_1001,aa,enya,Enya,contact,1,240607-1001,2024-06-07,elevator,captive_facility,NA,F,NA,NA,1,single,data/aa/all_calls/single/enya_44_elevator_240607_1001.wav,Aviary 2,2014,family_1
aa_enya_contact_240607-997_01.wav,enya_37_elevator_240607_0997,aa,enya,Enya,contact,1,240607-997,2024-06-07,elevator,captive_facility,NA,F,NA,NA,1,single,data/aa/all_calls/single/enya_37_elevator_240607_0997.wav,Aviary 2,2014,family_1
aa_enya_contact_240607-997_02.wav,enya_38_elevator_240607_0997,aa,enya,Enya,contact,1,240607-997,2024-06-07,elevator,captive_facility,NA,F,NA,NA,1,single,data/aa/all_calls/single/enya_38_elevator_240607_0997.wav,Aviary 2,2014,family_1
aa_enya_contact_240607-997_03.wav,enya_39_elevator_240607_0997,aa,enya,Enya,contact,1,240607-997,2024-06-07,elevator,captive_facility,NA,F,NA,NA,1,single,data/aa/all_calls/single/enya_39_elevator_240607_0997.wav,Aviary 2,2014,family_1
aa_enya_contact_240607-997_04.wav,enya_40_elevator_240607_0997,aa,enya,Enya,contact,1,240607-997,2024-06-07,elevator,captive_facility,NA,F,NA,NA,1,single,data/aa/all_calls/single/enya_40_elevator_240607_0997.wav,Aviary 2,2014,family_1
aa_enya_contact_240607-997_05.wav,enya_41_elevator_240607_0997,aa,enya,Enya,contact,1,240607-997,2024-06-07,elevator,captive_facility,NA,F,NA,NA,1,single,data/aa/all_calls/single/enya_41_elevator_240607_0997.wav,Aviary 2,2014,family_1
aa_enya_contact_240607-997_06.wav,enya_42_elevator_240607_0997,aa,enya,Enya,contact,1,240607-997,2024-06-07,elevator,captive_facility,NA,F,NA,NA,1,single,data/aa/all_calls/single/enya_42_elevator_240607_0997.wav,Aviary 2,2014,family_1
aa_enya_contact_240607-997_07.wav,enya_43_elevator_240607_0997,aa,enya,Enya,contact,1,240607-997,2024-06-07,elevator,captive_facility,NA,F,NA,NA,1,single,data/aa/all_calls/single/enya_43_elevator_240607_0997.wav,Aviary 2,2014,family_1
aa_enya_contact_240608-1016_01.wav,enya_45_elevator_240608_1016,aa,enya,Enya,contact,1,240608-1016,2024-06-08,elevator,captive_facility,NA,F,NA,NA,1,single,data/aa/all_calls/single/enya_45_elevator_240608_1016.wav,Aviary 2,2014,family_1
aa_enya_contact_240608-1016_02.wav,enya_46_elevator_240608_1016,aa,enya,Enya,contact,1,240608-1016,2024-06-08,elevator,captive_facility,NA,F,NA,NA,1,single,data/aa/all_calls/single/enya_46_elevator_240608_1016.wav,Aviary 2,2014,family_1
aa_enya_contact_240610-1039_01.wav,enya_47_elevator_240610_1039,aa,enya,Enya,contact,1,240610-1039,2024-06-10,elevator,captive_facility,NA,F,NA,NA,1,single,data/aa/all_calls/single/enya_47_elevator_240610_1039.wav,Aviary 2,2014,family_1
aa_enya_contact_240610-1039_02.wav,enya_48_elevator_240610_1039,aa,enya,Enya,contact,1,240610-1039,2024-06-10,elevator,captive_facility,NA,F,NA,NA,1,single,data/aa/all_calls/single/enya_48_elevator_240610_1039.wav,Aviary 2,2014,family_1
aa_enya_contact_240610-1039_03.wav,enya_49_elevator_240610_1039,aa,enya,Enya,contact,1,240610-1039,2024-06-10,elevator,captive_facility,NA,F,NA,NA,1,single,data/aa/all_calls/single/enya_49_elevator_240610_1039.wav,Aviary 2,2014,family_1
aa_enya_contact_240610-1039_04.wav,enya_50_elevator_240610_1039,aa,enya,Enya,contact,1,240610-1039,2024-06-10,elevator,captive_facility,NA,F,NA,NA,1,single,data/aa/all_calls/single/enya_50_elevator_240610_1039.wav,Aviary 2,2014,family_1
aa_enya_contact_240612-1055_01.wav,enya_51_elevator_240612_1055,aa,enya,Enya,contact,1,240612-1055,2024-06-12,elevator,captive_facility,NA,F,NA,NA,1,single,data/aa/all_calls/single/enya_51_elevator_240612_1055.wav,Aviary 2,2014,family_1
aa_enya_contact_240612-1055_02.wav,enya_52_elevator_240612_1055,aa,enya,Enya,contact,1,240612-1055,2024-06-12,elevator,captive_facility,NA,F,NA,NA,1,single,data/aa/all_calls/single/enya_52_elevator_240612_1055.wav,Aviary 2,2014,family_1
aa_enya_contact_240612-1055_03.wav,enya_53_elevator_240612_1055,aa,enya,Enya,contact,1,240612-1055,2024-06-12,elevator,captive_facility,NA,F,NA,NA,1,single,data/aa/all_calls/single/enya_53_elevator_240612_1055.wav,Aviary 2,2014,family_1
aa_enya_contact_240612-1055_04.wav,enya_54_elevator_240612_1055,aa,enya,Enya,contact,1,240612-1055,2024-06-12,elevator,captive_facility,NA,F,NA,NA,1,single,data/aa/all_calls/single/enya_54_elevator_240612_1055.wav,Aviary 2,2014,family_1
aa_enya_contact_240612-1055_05.wav,enya_55_elevator_240612_1055,aa,enya,Enya,contact,1,240612-1055,2024-06-12,elevator,captive_facility,NA,F,NA,NA,1,single,data/aa/all_calls/single/enya_55_elevator_240612_1055.wav,Aviary 2,2014,family_1
aa_enya_contact_240612-1055_06.wav,enya_56_elevator_240612_1055,aa,enya,Enya,contact,1,240612-1055,2024-06-12,elevator,captive_facility,NA,F,NA,NA,1,single,data/aa/all_calls/single/enya_56_elevator_240612_1055.wav,Aviary 2,2014,family_1
aa_enya_contact_240621-1123_01.wav,enya_57_elevator_240621_1123,aa,enya,Enya,contact,1,240621-1123,2024-06-21,NA,captive_facility,NA,F,NA,NA,1,single,data/aa/all_calls/single/enya_57_elevator_240621_1123.wav,Aviary 2,2014,family_1
aa_enya_contact_240621-1123_02.wav,enya_58_elevator_240621_1123,aa,enya,Enya,contact,1,240621-1123,2024-06-21,NA,captive_facility,NA,F,NA,NA,1,single,data/aa/all_calls/single/enya_58_elevator_240621_1123.wav,Aviary 2,2014,family_1
aa_enya_contact_240621-1123_03.wav,enya_59_elevator_240621_1123,aa,enya,Enya,contact,1,240621-1123,2024-06-21,NA,captive_facility,NA,F,NA,NA,1,single,data/aa/all_calls/single/enya_59_elevator_240621_1123.wav,Aviary 2,2014,family_1
aa_enya_contact_240621-1123_04.wav,enya_60_elevator_240621_1123,aa,enya,Enya,contact,1,240621-1123,2024-06-21,NA,captive_facility,NA,F,NA,NA,1,single,data/aa/all_calls/single/enya_60_elevator_240621_1123.wav,Aviary 2,2014,family_1
aa_enya_contactseq_240429-604_01.wav,enya_double_1_240429_0604,aa,enya,Enya,contactseq,2,240429-604,2024-04-29,,captive_facility,NA,F,NA,NA,1,repeated,data/aa/all_calls/repeated/enya_double_1_240429_0604.wav,Aviary 2,2014,family_1
aa_enya_contactseq_240430-624_01.wav,enya_quadruple_1_240430_0624,aa,enya,Enya,contactseq,4,240430-624,2024-04-30,,captive_facility,NA,F,NA,NA,1,repeated,data/aa/all_calls/repeated/enya_quadruple_1_240430_0624.wav,Aviary 2,2014,family_1
aa_enya_contactseq_240513-709_01.wav,enya_double_2_240513_0709,aa,enya,Enya,contactseq,2,240513-709,2024-05-13,,captive_facility,NA,F,NA,NA,1,repeated,data/aa/all_calls/repeated/enya_double_2_240513_0709.wav,Aviary 2,2014,family_1
aa_enya_contactseq_240513-709_02.wav,enya_double_3_240513_0709,aa,enya,Enya,contactseq,2,240513-709,2024-05-13,,captive_facility,NA,F,NA,NA,1,repeated,data/aa/all_calls/repeated/enya_double_3_240513_0709.wav,Aviary 2,2014,family_1
aa_enya_contactseq_240529-921_01.wav,enya_double_4_240529_0921,aa,enya,Enya,contactseq,2,240529-921,2024-05-29,,captive_facility,NA,F,NA,NA,1,repeated,data/aa/all_calls/repeated/enya_double_4_240529_0921.wav,Aviary 2,2014,family_1
aa_enya_contactseq_240529-921_02.wav,enya_double_5_240529_0921,aa,enya,Enya,contactseq,2,240529-921,2024-05-29,,captive_facility,NA,F,NA,NA,1,repeated,data/aa/all_calls/repeated/enya_double_5_240529_0921.wav,Aviary 2,2014,family_1
aa_enya_contactseq_240529-922_01.wav,enya_23_elevator_240529_0922,aa,enya,Enya,contactseq,2,240529-922,2024-05-29,elevator,captive_facility,NA,F,NA,NA,1,repeated,data/aa/all_calls/repeated/enya_23_elevator_240529_0922.wav,Aviary 2,2014,family_1
aa_enya_contactseq_240530-941_01.wav,enya_sextuple_1_240530_0941,aa,enya,Enya,contactseq,6,240530-941,2024-05-30,,captive_facility,NA,F,NA,NA,1,repeated,data/aa/all_calls/repeated/enya_sextuple_1_240530_0941.wav,Aviary 2,2014,family_1
aa_enya_contactseq_240530-942_01.wav,enya_double_6_240530_0942,aa,enya,Enya,contactseq,2,240530-942,2024-05-30,,captive_facility,NA,F,NA,NA,1,repeated,data/aa/all_calls/repeated/enya_double_6_240530_0942.wav,Aviary 2,2014,family_1
aa_enya_contactseq_240530-942_02.wav,enya_double_7_240530_0942,aa,enya,Enya,contactseq,2,240530-942,2024-05-30,,captive_facility,NA,F,NA,NA,1,repeated,data/aa/all_calls/repeated/enya_double_7_240530_0942.wav,Aviary 2,2014,family_1
aa_enya_contactseq_240531-947_01.wav,enya_double_8_240531_0947,aa,enya,Enya,contactseq,2,240531-947,2024-05-31,,captive_facility,NA,F,NA,NA,1,repeated,data/aa/all_calls/repeated/enya_double_8_240531_0947.wav,Aviary 2,2014,family_1
aa_enya_contactseq_240531-947_02.wav,enya_double_9_240531_0947,aa,enya,Enya,contactseq,2,240531-947,2024-05-31,,captive_facility,NA,F,NA,NA,1,repeated,data/aa/all_calls/repeated/enya_double_9_240531_0947.wav,Aviary 2,2014,family_1
aa_enya_contactseq_240531-947_03.wav,enya_eightuple_1_240531_0947,aa,enya,Enya,contactseq,8,240531-947,2024-05-31,,captive_facility,NA,F,NA,NA,1,repeated,data/aa/all_calls/repeated/enya_eightuple_1_240531_0947.wav,Aviary 2,2014,family_1
aa_enya_contactseq_240531-947_04.wav,enya_sextuple_2_240531_0947,aa,enya,Enya,contactseq,6,240531-947,2024-05-31,,captive_facility,NA,F,NA,NA,1,repeated,data/aa/all_calls/repeated/enya_sextuple_2_240531_0947.wav,Aviary 2,2014,family_1
aa_enya_contactseq_240601-955_01.wav,enya_sextuple_3_240601_0955,aa,enya,Enya,contactseq,6,240601-955,2024-06-01,,captive_facility,NA,F,NA,NA,1,repeated,data/aa/all_calls/repeated/enya_sextuple_3_240601_0955.wav,Aviary 2,2014,family_1
aa_enya_contactseq_240607-1001_01.wav,enya_double_10_240607_1001,aa,enya,Enya,contactseq,2,240607-1001,2024-06-07,,captive_facility,NA,F,NA,NA,1,repeated,data/aa/all_calls/repeated/enya_double_10_240607_1001.wav,Aviary 2,2014,family_1
aa_enya_contactseq_240607-1001_02.wav,enya_sextuple_4_240607_1001,aa,enya,Enya,contactseq,6,240607-1001,2024-06-07,,captive_facility,NA,F,NA,NA,1,repeated,data/aa/all_calls/repeated/enya_sextuple_4_240607_1001.wav,Aviary 2,2014,family_1
aa_enya_contactseq_240607-1001_03.wav,enya_triple_2_240607_1001,aa,enya,Enya,contactseq,3,240607-1001,2024-06-07,,captive_facility,NA,F,NA,NA,1,repeated,data/aa/all_calls/repeated/enya_triple_2_240607_1001.wav,Aviary 2,2014,family_1
aa_enya_contactseq_240608-1016_01.wav,enya_double_11_240608_1016,aa,enya,Enya,contactseq,2,240608-1016,2024-06-08,,captive_facility,NA,F,NA,NA,1,repeated,data/aa/all_calls/repeated/enya_double_11_240608_1016.wav,Aviary 2,2014,family_1
aa_enya_contactseq_240608-1016_02.wav,enya_septuple_240608_1016,aa,enya,Enya,contactseq,7,240608-1016,2024-06-08,,captive_facility,NA,F,NA,NA,1,repeated,data/aa/all_calls/repeated/enya_septuple_240608_1016.wav,Aviary 2,2014,family_1
aa_enya_contactseq_240610-1039_01.wav,enya_triple_3_240610_1039,aa,enya,Enya,contactseq,3,240610-1039,2024-06-10,,captive_facility,NA,F,NA,NA,1,repeated,data/aa/all_calls/repeated/enya_triple_3_240610_1039.wav,Aviary 2,2014,family_1
aa_enya_contactseq_240612-1055_01.wav,enya_decaple_240612_1055,aa,enya,Enya,contactseq,10,240612-1055,2024-06-12,,captive_facility,NA,F,NA,NA,1,repeated,data/aa/all_calls/repeated/enya_decaple_240612_1055.wav,Aviary 2,2014,family_1
aa_hagrid_contact_240426-577_01.wav,hagrid_1_elevator_240426_0577,aa,hagrid,Hagrid,contact,1,240426-577,2024-04-26,elevator,captive_facility,NA,M,NA,NA,1,single,data/aa/all_calls/single/hagrid_1_elevator_240426_0577.wav,Aviary 2,2014,family_1
aa_hagrid_contact_240429-608_01.wav,hagrid_2_elevator_240429_0608,aa,hagrid,Hagrid,contact,1,240429-608,2024-04-29,elevator,captive_facility,NA,M,NA,NA,1,single,data/aa/all_calls/single/hagrid_2_elevator_240429_0608.wav,Aviary 2,2014,family_1
aa_hagrid_contact_240430-620_01.wav,hagrid_3_elevator_240430_0620,aa,hagrid,Hagrid,contact,1,240430-620,2024-04-30,elevator,captive_facility,NA,M,NA,NA,1,single,data/aa/all_calls/single/hagrid_3_elevator_240430_0620.wav,Aviary 2,2014,family_1
aa_hagrid_contact_240430-620_02.wav,hagrid_4_elevator_240430_0620,aa,hagrid,Hagrid,contact,1,240430-620,2024-04-30,elevator,captive_facility,NA,M,NA,NA,1,single,data/aa/all_calls/single/hagrid_4_elevator_240430_0620.wav,Aviary 2,2014,family_1
aa_hagrid_contact_240511-681_01.wav,hagrid_5_elevator_240511_0681,aa,hagrid,Hagrid,contact,1,240511-681,2024-05-11,elevator,captive_facility,NA,M,NA,NA,1,single,data/aa/all_calls/single/hagrid_5_elevator_240511_0681.wav,Aviary 2,2014,family_1
aa_hagrid_contact_240513-713_01.wav,hagrid_6_elevator_240513_0713,aa,hagrid,Hagrid,contact,1,240513-713,2024-05-13,elevator,captive_facility,NA,M,NA,NA,1,single,data/aa/all_calls/single/hagrid_6_elevator_240513_0713.wav,Aviary 2,2014,family_1
aa_hagrid_contact_240513-713_02.wav,hagrid_7_elevator_240513_0713,aa,hagrid,Hagrid,contact,1,240513-713,2024-05-13,elevator,captive_facility,NA,M,NA,NA,1,single,data/aa/all_calls/single/hagrid_7_elevator_240513_0713.wav,Aviary 2,2014,family_1
aa_hagrid_contact_240513-713_03.wav,hagrid_8_elevator_240513_0713,aa,hagrid,Hagrid,contact,1,240513-713,2024-05-13,elevator,captive_facility,NA,M,NA,NA,1,single,data/aa/all_calls/single/hagrid_8_elevator_240513_0713.wav,Aviary 2,2014,family_1
aa_hagrid_contact_240516-746_01.wav,hagrid_10_elevator_240516_0746,aa,hagrid,Hagrid,contact,1,240516-746,2024-05-16,elevator,captive_facility,NA,M,NA,NA,1,single,data/aa/all_calls/single/hagrid_10_elevator_240516_0746.wav,Aviary 2,2014,family_1
aa_hagrid_contact_240516-746_02.wav,hagrid_11_elevator_240516_0746,aa,hagrid,Hagrid,contact,1,240516-746,2024-05-16,elevator,captive_facility,NA,M,NA,NA,1,single,data/aa/all_calls/single/hagrid_11_elevator_240516_0746.wav,Aviary 2,2014,family_1
aa_hagrid_contact_240516-746_03.wav,hagrid_12_elevator_240516_0746,aa,hagrid,Hagrid,contact,1,240516-746,2024-05-16,elevator,captive_facility,NA,M,NA,NA,1,single,data/aa/all_calls/single/hagrid_12_elevator_240516_0746.wav,Aviary 2,2014,family_1
aa_hagrid_contact_240516-746_04.wav,hagrid_9_elevator_240516_0746,aa,hagrid,Hagrid,contact,1,240516-746,2024-05-16,elevator,captive_facility,NA,M,NA,NA,1,single,data/aa/all_calls/single/hagrid_9_elevator_240516_0746.wav,Aviary 2,2014,family_1
aa_hagrid_contact_240517-766_01.wav,hagrid_13_elevator_240517_0766,aa,hagrid,Hagrid,contact,1,240517-766,2024-05-17,elevator,captive_facility,NA,M,NA,NA,1,single,data/aa/all_calls/single/hagrid_13_elevator_240517_0766.wav,Aviary 2,2014,family_1
aa_hagrid_contact_240517-773_01.wav,hagrid_14_elevator_240517_0773,aa,hagrid,Hagrid,contact,1,240517-773,2024-05-17,elevator,captive_facility,NA,M,NA,NA,1,single,data/aa/all_calls/single/hagrid_14_elevator_240517_0773.wav,Aviary 2,2014,family_1
aa_hagrid_contact_240518-0788_01.wav,hagrid_46_elevator_240518_0788,aa,hagrid,Hagrid,contact,1,240518-0788,2024-05-18,NA,captive_facility,NA,M,NA,NA,1,single,data/aa/all_calls/single/hagrid_46_elevator_240518_0788.wav,Aviary 2,2014,family_1
aa_hagrid_contact_240518-788_01.wav,hagrid_15_elevator_240518_0788,aa,hagrid,Hagrid,contact,1,240518-788,2024-05-18,elevator,captive_facility,NA,M,NA,NA,1,single,data/aa/all_calls/single/hagrid_15_elevator_240518_0788.wav,Aviary 2,2014,family_1
aa_hagrid_contact_240518-788_02.wav,hagrid_16_elevator_240518_0788,aa,hagrid,Hagrid,contact,1,240518-788,2024-05-18,elevator,captive_facility,NA,M,NA,NA,1,single,data/aa/all_calls/single/hagrid_16_elevator_240518_0788.wav,Aviary 2,2014,family_1
aa_hagrid_contact_240518-788_03.wav,hagrid_17_elevator_240518_0788,aa,hagrid,Hagrid,contact,1,240518-788,2024-05-18,elevator,captive_facility,NA,M,NA,NA,1,single,data/aa/all_calls/single/hagrid_17_elevator_240518_0788.wav,Aviary 2,2014,family_1
aa_hagrid_contact_240519-809_01.wav,hagrid_18_elevator_240519_0809,aa,hagrid,Hagrid,contact,1,240519-809,2024-05-19,elevator,captive_facility,NA,M,NA,NA,1,single,data/aa/all_calls/single/hagrid_18_elevator_240519_0809.wav,Aviary 2,2014,family_1
aa_hagrid_contact_240519-809_02.wav,hagrid_19_elevator_240519_0809,aa,hagrid,Hagrid,contact,1,240519-809,2024-05-19,elevator,captive_facility,NA,M,NA,NA,1,single,data/aa/all_calls/single/hagrid_19_elevator_240519_0809.wav,Aviary 2,2014,family_1
aa_hagrid_contact_240519-809_03.wav,hagrid_20_elevator_240519_0809,aa,hagrid,Hagrid,contact,1,240519-809,2024-05-19,elevator,captive_facility,NA,M,NA,NA,1,single,data/aa/all_calls/single/hagrid_20_elevator_240519_0809.wav,Aviary 2,2014,family_1
aa_hagrid_contact_240521-824_01.wav,hagrid_21_elevator_240521_0824,aa,hagrid,Hagrid,contact,1,240521-824,2024-05-21,elevator,captive_facility,NA,M,NA,NA,1,single,data/aa/all_calls/single/hagrid_21_elevator_240521_0824.wav,Aviary 2,2014,family_1
aa_hagrid_contact_240521-824_02.wav,hagrid_22_elevator_240521_0824,aa,hagrid,Hagrid,contact,1,240521-824,2024-05-21,elevator,captive_facility,NA,M,NA,NA,1,single,data/aa/all_calls/single/hagrid_22_elevator_240521_0824.wav,Aviary 2,2014,family_1
aa_hagrid_contact_240521-824_03.wav,hagrid_23_elevator_240521_0824,aa,hagrid,Hagrid,contact,1,240521-824,2024-05-21,elevator,captive_facility,NA,M,NA,NA,1,single,data/aa/all_calls/single/hagrid_23_elevator_240521_0824.wav,Aviary 2,2014,family_1
aa_hagrid_contact_240521-824_04.wav,hagrid_24_elevator_240521_0824,aa,hagrid,Hagrid,contact,1,240521-824,2024-05-21,elevator,captive_facility,NA,M,NA,NA,1,single,data/aa/all_calls/single/hagrid_24_elevator_240521_0824.wav,Aviary 2,2014,family_1
aa_hagrid_contact_240521-826_01.wav,hagrid_25_elevator_240521_0826,aa,hagrid,Hagrid,contact,1,240521-826,2024-05-21,elevator,captive_facility,NA,M,NA,NA,1,single,data/aa/all_calls/single/hagrid_25_elevator_240521_0826.wav,Aviary 2,2014,family_1
aa_hagrid_contact_240523-861_01.wav,hagrid_29_elevator_240523_0861,aa,hagrid,Hagrid,contact,1,240523-861,2024-05-23,elevator,captive_facility,NA,M,NA,NA,1,single,data/aa/all_calls/single/hagrid_29_elevator_240523_0861.wav,Aviary 2,2014,family_1
aa_hagrid_contact_240523-872_01.wav,hagrid_26_elevator_240523_0872,aa,hagrid,Hagrid,contact,1,240523-872,2024-05-23,elevator,captive_facility,NA,M,NA,NA,1,single,data/aa/all_calls/single/hagrid_26_elevator_240523_0872.wav,Aviary 2,2014,family_1
aa_hagrid_contact_240523-873_01.wav,hagrid_27_elevator_240523_0873,aa,hagrid,Hagrid,contact,1,240523-873,2024-05-23,elevator,captive_facility,NA,M,NA,NA,1,single,data/aa/all_calls/single/hagrid_27_elevator_240523_0873.wav,Aviary 2,2014,family_1
aa_hagrid_contact_240524-877_01.wav,hagrid_28_elevator_240524_0877,aa,hagrid,Hagrid,contact,1,240524-877,2024-05-24,elevator,captive_facility,NA,M,NA,NA,1,single,data/aa/all_calls/single/hagrid_28_elevator_240524_0877.wav,Aviary 2,2014,family_1
aa_hagrid_contact_240526-899_01.wav,hagrid_30_elevator_240526_0899,aa,hagrid,Hagrid,contact,1,240526-899,2024-05-26,elevator,captive_facility,NA,M,NA,NA,1,single,data/aa/all_calls/single/hagrid_30_elevator_240526_0899.wav,Aviary 2,2014,family_1
aa_hagrid_contact_240528-908_01.wav,hagrid_31_elevator_240528_0908,aa,hagrid,Hagrid,contact,1,240528-908,2024-05-28,elevator,captive_facility,NA,M,NA,NA,1,single,data/aa/all_calls/single/hagrid_31_elevator_240528_0908.wav,Aviary 2,2014,family_1
aa_hagrid_contact_240530-934_01.wav,hagrid_32_elevator_240530_0934,aa,hagrid,Hagrid,contact,1,240530-934,2024-05-30,elevator,captive_facility,NA,M,NA,NA,1,single,data/aa/all_calls/single/hagrid_32_elevator_240530_0934.wav,Aviary 2,2014,family_1
aa_hagrid_contact_240531-944_01.wav,hagrid_33_elevator_240531_0944,aa,hagrid,Hagrid,contact,1,240531-944,2024-05-31,elevator,captive_facility,NA,M,NA,NA,1,single,data/aa/all_calls/single/hagrid_33_elevator_240531_0944.wav,Aviary 2,2014,family_1
aa_hagrid_contact_240607-1008_01.wav,hagrid_34_elevator_240607_1008,aa,hagrid,Hagrid,contact,1,240607-1008,2024-06-07,elevator,captive_facility,NA,M,NA,NA,1,single,data/aa/all_calls/single/hagrid_34_elevator_240607_1008.wav,Aviary 2,2014,family_1
aa_hagrid_contact_240607-1008_02.wav,hagrid_35_elevator_240607_1008,aa,hagrid,Hagrid,contact,1,240607-1008,2024-06-07,elevator,captive_facility,NA,M,NA,NA,1,single,data/aa/all_calls/single/hagrid_35_elevator_240607_1008.wav,Aviary 2,2014,family_1
aa_hagrid_contact_240607-1008_03.wav,hagrid_36_elevator_240607_1008,aa,hagrid,Hagrid,contact,1,240607-1008,2024-06-07,elevator,captive_facility,NA,M,NA,NA,1,single,data/aa/all_calls/single/hagrid_36_elevator_240607_1008.wav,Aviary 2,2014,family_1
aa_hagrid_contact_240607-1008_04.wav,hagrid_37_elevator_240607_1008,aa,hagrid,Hagrid,contact,1,240607-1008,2024-06-07,elevator,captive_facility,NA,M,NA,NA,1,single,data/aa/all_calls/single/hagrid_37_elevator_240607_1008.wav,Aviary 2,2014,family_1
aa_hagrid_contact_240607-1008_05.wav,hagrid_38_elevator_240607_1008,aa,hagrid,Hagrid,contact,1,240607-1008,2024-06-07,elevator,captive_facility,NA,M,NA,NA,1,single,data/aa/all_calls/single/hagrid_38_elevator_240607_1008.wav,Aviary 2,2014,family_1
aa_hagrid_contact_240607-1008_06.wav,hagrid_39_elevator_240607_1008,aa,hagrid,Hagrid,contact,1,240607-1008,2024-06-07,elevator,captive_facility,NA,M,NA,NA,1,single,data/aa/all_calls/single/hagrid_39_elevator_240607_1008.wav,Aviary 2,2014,family_1
aa_hagrid_contact_240607-1008_07.wav,hagrid_40_elevator_240607_1008,aa,hagrid,Hagrid,contact,1,240607-1008,2024-06-07,elevator,captive_facility,NA,M,NA,NA,1,single,data/aa/all_calls/single/hagrid_40_elevator_240607_1008.wav,Aviary 2,2014,family_1
aa_hagrid_contact_240607-1008_08.wav,hagrid_41_elevator_240607_1008,aa,hagrid,Hagrid,contact,1,240607-1008,2024-06-07,elevator,captive_facility,NA,M,NA,NA,1,single,data/aa/all_calls/single/hagrid_41_elevator_240607_1008.wav,Aviary 2,2014,family_1
aa_hagrid_contact_240607-1008_09.wav,hagrid_42_elevator_240607_1008,aa,hagrid,Hagrid,contact,1,240607-1008,2024-06-07,elevator,captive_facility,NA,M,NA,NA,1,single,data/aa/all_calls/single/hagrid_42_elevator_240607_1008.wav,Aviary 2,2014,family_1
aa_hagrid_contact_240607-1008_10.wav,hagrid_43_elevator_240607_1008,aa,hagrid,Hagrid,contact,1,240607-1008,2024-06-07,elevator,captive_facility,NA,M,NA,NA,1,single,data/aa/all_calls/single/hagrid_43_elevator_240607_1008.wav,Aviary 2,2014,family_1
aa_hagrid_contact_240607-1008_11.wav,hagrid_44_elevator_240607_1008,aa,hagrid,Hagrid,contact,1,240607-1008,2024-06-07,elevator,captive_facility,NA,M,NA,NA,1,single,data/aa/all_calls/single/hagrid_44_elevator_240607_1008.wav,Aviary 2,2014,family_1
aa_hagrid_contact_240607-1008_12.wav,hagrid_45_elevator_240607_1008,aa,hagrid,Hagrid,contact,1,240607-1008,2024-06-07,elevator,captive_facility,NA,M,NA,NA,1,single,data/aa/all_calls/single/hagrid_45_elevator_240607_1008.wav,Aviary 2,2014,family_1
aa_hagrid_contact_240607-1008_13.wav,hagrid_47_elevator_240607_1008,aa,hagrid,Hagrid,contact,1,240607-1008,2024-06-07,elevator,captive_facility,NA,M,NA,NA,1,single,data/aa/all_calls/single/hagrid_47_elevator_240607_1008.wav,Aviary 2,2014,family_1
aa_hagrid_contact_240607-1008_14.wav,hagrid_48_elevator_240607_1008,aa,hagrid,Hagrid,contact,1,240607-1008,2024-06-07,elevator,captive_facility,NA,M,NA,NA,1,single,data/aa/all_calls/single/hagrid_48_elevator_240607_1008.wav,Aviary 2,2014,family_1
aa_hagrid_contact_240607-1008_15.wav,hagrid_49_elevator_240607_1008,aa,hagrid,Hagrid,contact,1,240607-1008,2024-06-07,elevator,captive_facility,NA,M,NA,NA,1,single,data/aa/all_calls/single/hagrid_49_elevator_240607_1008.wav,Aviary 2,2014,family_1
aa_hagrid_contact_240607-1008_16.wav,hagrid_50_elevator_240607_1008,aa,hagrid,Hagrid,contact,1,240607-1008,2024-06-07,elevator,captive_facility,NA,M,NA,NA,1,single,data/aa/all_calls/single/hagrid_50_elevator_240607_1008.wav,Aviary 2,2014,family_1
aa_hagrid_contact_240607-1008_17.wav,hagrid_51_elevator_240607_1008,aa,hagrid,Hagrid,contact,1,240607-1008,2024-06-07,elevator,captive_facility,NA,M,NA,NA,1,single,data/aa/all_calls/single/hagrid_51_elevator_240607_1008.wav,Aviary 2,2014,family_1
aa_hagrid_contact_240607-1009_01.wav,hagrid_52_elevator_240607_1009,aa,hagrid,Hagrid,contact,1,240607-1009,2024-06-07,elevator,captive_facility,NA,M,NA,NA,1,single,data/aa/all_calls/single/hagrid_52_elevator_240607_1009.wav,Aviary 2,2014,family_1
aa_hagrid_contact_240613-1057_01.wav,hagrid_53_elevator_240613_1057,aa,hagrid,Hagrid,contact,1,240613-1057,2024-06-13,NA,captive_facility,NA,M,NA,NA,1,single,data/aa/all_calls/single/hagrid_53_elevator_240613_1057.wav,Aviary 2,2014,family_1
aa_hagrid_contact_240614-1067_01.wav,hagrid_54_elevator_240614_1067,aa,hagrid,Hagrid,contact,1,240614-1067,2024-06-14,NA,captive_facility,NA,M,NA,NA,1,single,data/aa/all_calls/single/hagrid_54_elevator_240614_1067.wav,Aviary 2,2014,family_1
aa_hagrid_contact_240614-1067_02.wav,hagrid_55_elevator_240614_1067,aa,hagrid,Hagrid,contact,1,240614-1067,2024-06-14,NA,captive_facility,NA,M,NA,NA,1,single,data/aa/all_calls/single/hagrid_55_elevator_240614_1067.wav,Aviary 2,2014,family_1
aa_hagrid_contact_240614-1067_03.wav,hagrid_56_elevator_240614_1067,aa,hagrid,Hagrid,contact,1,240614-1067,2024-06-14,NA,captive_facility,NA,M,NA,NA,1,single,data/aa/all_calls/single/hagrid_56_elevator_240614_1067.wav,Aviary 2,2014,family_1
aa_hagrid_contact_240614-1067_04.wav,hagrid_57_elevator_240614_1067,aa,hagrid,Hagrid,contact,1,240614-1067,2024-06-14,NA,captive_facility,NA,M,NA,NA,1,single,data/aa/all_calls/single/hagrid_57_elevator_240614_1067.wav,Aviary 2,2014,family_1
aa_hagrid_contact_240614-1067_05.wav,hagrid_58_elevator_240614_1067,aa,hagrid,Hagrid,contact,1,240614-1067,2024-06-14,NA,captive_facility,NA,M,NA,NA,1,single,data/aa/all_calls/single/hagrid_58_elevator_240614_1067.wav,Aviary 2,2014,family_1
aa_hagrid_contact_240614-1067_06.wav,hagrid_59_elevator_240614_1067,aa,hagrid,Hagrid,contact,1,240614-1067,2024-06-14,NA,captive_facility,NA,M,NA,NA,1,single,data/aa/all_calls/single/hagrid_59_elevator_240614_1067.wav,Aviary 2,2014,family_1
aa_hagrid_contact_240615-1082_01.wav,hagrid_60_elevator_240615_1082,aa,hagrid,Hagrid,contact,1,240615-1082,2024-06-15,NA,captive_facility,NA,M,NA,NA,1,single,data/aa/all_calls/single/hagrid_60_elevator_240615_1082.wav,Aviary 2,2014,family_1
aa_hagrid_contactseq_240426-577_01.wav,hagrid_double_1_240426_0577,aa,hagrid,Hagrid,contactseq,2,240426-577,2024-04-26,,captive_facility,NA,M,NA,NA,1,repeated,data/aa/all_calls/repeated/hagrid_double_1_240426_0577.wav,Aviary 2,2014,family_1
aa_hagrid_contactseq_240426-577_02.wav,hagrid_triple_1_240426_0577,aa,hagrid,Hagrid,contactseq,3,240426-577,2024-04-26,,captive_facility,NA,M,NA,NA,1,repeated,data/aa/all_calls/repeated/hagrid_triple_1_240426_0577.wav,Aviary 2,2014,family_1
aa_hagrid_contactseq_240426-577_03.wav,hagrid_triple_2_240426_0577,aa,hagrid,Hagrid,contactseq,3,240426-577,2024-04-26,,captive_facility,NA,M,NA,NA,1,repeated,data/aa/all_calls/repeated/hagrid_triple_2_240426_0577.wav,Aviary 2,2014,family_1
aa_hagrid_contactseq_240426-577_04.wav,hagrid_triple_3_240426_0577,aa,hagrid,Hagrid,contactseq,3,240426-577,2024-04-26,,captive_facility,NA,M,NA,NA,1,repeated,data/aa/all_calls/repeated/hagrid_triple_3_240426_0577.wav,Aviary 2,2014,family_1
aa_hagrid_contactseq_240429-608_01.wav,hagrid_double_2_240429_0608,aa,hagrid,Hagrid,contactseq,2,240429-608,2024-04-29,,captive_facility,NA,M,NA,NA,1,repeated,data/aa/all_calls/repeated/hagrid_double_2_240429_0608.wav,Aviary 2,2014,family_1
aa_hagrid_contactseq_240429-608_02.wav,hagrid_double_3_240429_0608,aa,hagrid,Hagrid,contactseq,2,240429-608,2024-04-29,,captive_facility,NA,M,NA,NA,1,repeated,data/aa/all_calls/repeated/hagrid_double_3_240429_0608.wav,Aviary 2,2014,family_1
aa_hagrid_contactseq_240429-609_01.wav,hagrid_double_4_240429_0609,aa,hagrid,Hagrid,contactseq,2,240429-609,2024-04-29,,captive_facility,NA,M,NA,NA,1,repeated,data/aa/all_calls/repeated/hagrid_double_4_240429_0609.wav,Aviary 2,2014,family_1
aa_hagrid_contactseq_240429-609_02.wav,hagrid_triple_4_240429_0609,aa,hagrid,Hagrid,contactseq,3,240429-609,2024-04-29,,captive_facility,NA,M,NA,NA,1,repeated,data/aa/all_calls/repeated/hagrid_triple_4_240429_0609.wav,Aviary 2,2014,family_1
aa_hagrid_contactseq_240430-620_01.wav,hagrid_quadruple_1_240430_0620,aa,hagrid,Hagrid,contactseq,4,240430-620,2024-04-30,,captive_facility,NA,M,NA,NA,1,repeated,data/aa/all_calls/repeated/hagrid_quadruple_1_240430_0620.wav,Aviary 2,2014,family_1
aa_hagrid_contactseq_240430-620_02.wav,hagrid_sextuple_1_240430_0620,aa,hagrid,Hagrid,contactseq,6,240430-620,2024-04-30,,captive_facility,NA,M,NA,NA,1,repeated,data/aa/all_calls/repeated/hagrid_sextuple_1_240430_0620.wav,Aviary 2,2014,family_1
aa_hagrid_contactseq_240430-621_01.wav,hagrid_eightuple_1_240430_0621,aa,hagrid,Hagrid,contactseq,8,240430-621,2024-04-30,,captive_facility,NA,M,NA,NA,1,repeated,data/aa/all_calls/repeated/hagrid_eightuple_1_240430_0621.wav,Aviary 2,2014,family_1
aa_hagrid_contactseq_240430-621_02.wav,hagrid_triple_5_240430_0621,aa,hagrid,Hagrid,contactseq,3,240430-621,2024-04-30,,captive_facility,NA,M,NA,NA,1,repeated,data/aa/all_calls/repeated/hagrid_triple_5_240430_0621.wav,Aviary 2,2014,family_1
aa_hagrid_contactseq_240509-634_01.wav,hagrid_double_5_240509_0634,aa,hagrid,Hagrid,contactseq,2,240509-634,2024-05-09,,captive_facility,NA,M,NA,NA,1,repeated,data/aa/all_calls/repeated/hagrid_double_5_240509_0634.wav,Aviary 2,2014,family_1
aa_hagrid_contactseq_240509-634_02.wav,hagrid_double_7_240509_0634,aa,hagrid,Hagrid,contactseq,2,240509-634,2024-05-09,,captive_facility,NA,M,NA,NA,1,repeated,data/aa/all_calls/repeated/hagrid_double_7_240509_0634.wav,Aviary 2,2014,family_1
aa_hagrid_contactseq_240509-634_03.wav,hagrid_triple_6_240509_0634,aa,hagrid,Hagrid,contactseq,3,240509-634,2024-05-09,,captive_facility,NA,M,NA,NA,1,repeated,data/aa/all_calls/repeated/hagrid_triple_6_240509_0634.wav,Aviary 2,2014,family_1
aa_hagrid_contactseq_240509-634_04.wav,hagrid_triple_9_240509_0634,aa,hagrid,Hagrid,contactseq,3,240509-634,2024-05-09,,captive_facility,NA,M,NA,NA,1,repeated,data/aa/all_calls/repeated/hagrid_triple_9_240509_0634.wav,Aviary 2,2014,family_1
aa_hagrid_contactseq_240510-661_01.wav,hagrid_double_6_240510_0661,aa,hagrid,Hagrid,contactseq,2,240510-661,2024-05-10,,captive_facility,NA,M,NA,NA,1,repeated,data/aa/all_calls/repeated/hagrid_double_6_240510_0661.wav,Aviary 2,2014,family_1
aa_hagrid_contactseq_240510-661_02.wav,hagrid_double_8_240510_0661,aa,hagrid,Hagrid,contactseq,2,240510-661,2024-05-10,,captive_facility,NA,M,NA,NA,1,repeated,data/aa/all_calls/repeated/hagrid_double_8_240510_0661.wav,Aviary 2,2014,family_1
aa_hagrid_contactseq_240510-661_03.wav,hagrid_triple_10_240510_0661,aa,hagrid,Hagrid,contactseq,3,240510-661,2024-05-10,,captive_facility,NA,M,NA,NA,1,repeated,data/aa/all_calls/repeated/hagrid_triple_10_240510_0661.wav,Aviary 2,2014,family_1
aa_hagrid_contactseq_240510-661_04.wav,hagrid_triple_11_240510_0661,aa,hagrid,Hagrid,contactseq,3,240510-661,2024-05-10,,captive_facility,NA,M,NA,NA,1,repeated,data/aa/all_calls/repeated/hagrid_triple_11_240510_0661.wav,Aviary 2,2014,family_1
aa_hagrid_contactseq_240510-661_05.wav,hagrid_triple_7_240510_0661,aa,hagrid,Hagrid,contactseq,3,240510-661,2024-05-10,,captive_facility,NA,M,NA,NA,1,repeated,data/aa/all_calls/repeated/hagrid_triple_7_240510_0661.wav,Aviary 2,2014,family_1
aa_hagrid_contactseq_240510-661_06.wav,hagrid_triple_8_240510_0661,aa,hagrid,Hagrid,contactseq,3,240510-661,2024-05-10,,captive_facility,NA,M,NA,NA,1,repeated,data/aa/all_calls/repeated/hagrid_triple_8_240510_0661.wav,Aviary 2,2014,family_1
aa_hagrid_contactseq_240511-680_01.wav,hagrid_double_10_240511_0680,aa,hagrid,Hagrid,contactseq,2,240511-680,2024-05-11,,captive_facility,NA,M,NA,NA,1,repeated,data/aa/all_calls/repeated/hagrid_double_10_240511_0680.wav,Aviary 2,2014,family_1
aa_hagrid_contactseq_240511-680_02.wav,hagrid_double_11_240511_0680,aa,hagrid,Hagrid,contactseq,2,240511-680,2024-05-11,,captive_facility,NA,M,NA,NA,1,repeated,data/aa/all_calls/repeated/hagrid_double_11_240511_0680.wav,Aviary 2,2014,family_1
aa_hagrid_contactseq_240511-680_03.wav,hagrid_double_12_240511_0680,aa,hagrid,Hagrid,contactseq,2,240511-680,2024-05-11,,captive_facility,NA,M,NA,NA,1,repeated,data/aa/all_calls/repeated/hagrid_double_12_240511_0680.wav,Aviary 2,2014,family_1
aa_hagrid_contactseq_240511-680_04.wav,hagrid_double_9_240511_0680,aa,hagrid,Hagrid,contactseq,2,240511-680,2024-05-11,,captive_facility,NA,M,NA,NA,1,repeated,data/aa/all_calls/repeated/hagrid_double_9_240511_0680.wav,Aviary 2,2014,family_1
aa_hagrid_contactseq_240511-680_05.wav,hagrid_quadruple_1_240511_0680,aa,hagrid,Hagrid,contactseq,4,240511-680,2024-05-11,,captive_facility,NA,M,NA,NA,1,repeated,data/aa/all_calls/repeated/hagrid_quadruple_1_240511_0680.wav,Aviary 2,2014,family_1
aa_hagrid_contactseq_240511-681_01.wav,hagrid_quadruple_2_240511_0681,aa,hagrid,Hagrid,contactseq,4,240511-681,2024-05-11,,captive_facility,NA,M,NA,NA,1,repeated,data/aa/all_calls/repeated/hagrid_quadruple_2_240511_0681.wav,Aviary 2,2014,family_1
aa_hagrid_contactseq_240511-681_02.wav,hagrid_sextuple_1_240511_0681,aa,hagrid,Hagrid,contactseq,6,240511-681,2024-05-11,,captive_facility,NA,M,NA,NA,1,repeated,data/aa/all_calls/repeated/hagrid_sextuple_1_240511_0681.wav,Aviary 2,2014,family_1
aa_hagrid_contactseq_240511-681_03.wav,hagrid_triple_12_240511_0681,aa,hagrid,Hagrid,contactseq,3,240511-681,2024-05-11,,captive_facility,NA,M,NA,NA,1,repeated,data/aa/all_calls/repeated/hagrid_triple_12_240511_0681.wav,Aviary 2,2014,family_1
aa_hagrid_contactseq_240512-693_01.wav,hagrid_quadruple_3_240512_0693,aa,hagrid,Hagrid,contactseq,4,240512-693,2024-05-12,,captive_facility,NA,M,NA,NA,1,repeated,data/aa/all_calls/repeated/hagrid_quadruple_3_240512_0693.wav,Aviary 2,2014,family_1
aa_hagrid_contactseq_240512-693_02.wav,hagrid_triple_13_240512_0693,aa,hagrid,Hagrid,contactseq,3,240512-693,2024-05-12,,captive_facility,NA,M,NA,NA,1,repeated,data/aa/all_calls/repeated/hagrid_triple_13_240512_0693.wav,Aviary 2,2014,family_1
aa_hagrid_contactseq_240513-713_01.wav,hagrid_double_13_240513_0713,aa,hagrid,Hagrid,contactseq,2,240513-713,2024-05-13,,captive_facility,NA,M,NA,NA,1,repeated,data/aa/all_calls/repeated/hagrid_double_13_240513_0713.wav,Aviary 2,2014,family_1
aa_hagrid_contactseq_240513-713_02.wav,hagrid_double_14_240513_0713,aa,hagrid,Hagrid,contactseq,2,240513-713,2024-05-13,,captive_facility,NA,M,NA,NA,1,repeated,data/aa/all_calls/repeated/hagrid_double_14_240513_0713.wav,Aviary 2,2014,family_1
aa_hagrid_contactseq_240513-713_03.wav,hagrid_double_15_240513_0713,aa,hagrid,Hagrid,contactseq,2,240513-713,2024-05-13,,captive_facility,NA,M,NA,NA,1,repeated,data/aa/all_calls/repeated/hagrid_double_15_240513_0713.wav,Aviary 2,2014,family_1
aa_hagrid_contactseq_240513-714_01.wav,hagrid_double_up_240513_0714,aa,hagrid,Hagrid,contactseq,2,240513-714,2024-05-13,,captive_facility,NA,M,NA,NA,1,repeated,data/aa/all_calls/repeated/hagrid_double_up_240513_0714.wav,Aviary 2,2014,family_1
aa_hagrid_contactseq_240513-714_02.wav,hagrid_eightuple_2_240513_0714,aa,hagrid,Hagrid,contactseq,8,240513-714,2024-05-13,,captive_facility,NA,M,NA,NA,1,repeated,data/aa/all_calls/repeated/hagrid_eightuple_2_240513_0714.wav,Aviary 2,2014,family_1
aa_hagrid_contactseq_240513-714_03.wav,hagrid_quadruple_4_elevator_240513_0714,aa,hagrid,Hagrid,contactseq,4,240513-714,2024-05-13,elevator,captive_facility,NA,M,NA,NA,1,repeated,data/aa/all_calls/repeated/hagrid_quadruple_4_elevator_240513_0714.wav,Aviary 2,2014,family_1
aa_hagrid_contactseq_240513-714_04.wav,hagrid_quintuple_up_240513_0714,aa,hagrid,Hagrid,contactseq,5,240513-714,2024-05-13,,captive_facility,NA,M,NA,NA,1,repeated,data/aa/all_calls/repeated/hagrid_quintuple_up_240513_0714.wav,Aviary 2,2014,family_1
aa_hagrid_contactseq_240513-714_05.wav,hagrid_undecuple_1_240513_0714,aa,hagrid,Hagrid,contactseq,11,240513-714,2024-05-13,,captive_facility,NA,M,NA,NA,1,repeated,data/aa/all_calls/repeated/hagrid_undecuple_1_240513_0714.wav,Aviary 2,2014,family_1
aa_hagrid_contactseq_240513-715_01.wav,hagrid_double_16_240513_0715,aa,hagrid,Hagrid,contactseq,2,240513-715,2024-05-13,,captive_facility,NA,M,NA,NA,1,repeated,data/aa/all_calls/repeated/hagrid_double_16_240513_0715.wav,Aviary 2,2014,family_1
aa_hagrid_contactseq_240513-715_02.wav,hagrid_double_17_240513_0715,aa,hagrid,Hagrid,contactseq,2,240513-715,2024-05-13,,captive_facility,NA,M,NA,NA,1,repeated,data/aa/all_calls/repeated/hagrid_double_17_240513_0715.wav,Aviary 2,2014,family_1
aa_hagrid_contactseq_240513-715_03.wav,hagrid_quadruple_5_240513_0715,aa,hagrid,Hagrid,contactseq,4,240513-715,2024-05-13,,captive_facility,NA,M,NA,NA,1,repeated,data/aa/all_calls/repeated/hagrid_quadruple_5_240513_0715.wav,Aviary 2,2014,family_1
aa_hagrid_contactseq_240513-715_04.wav,hagrid_triple_14_240513_0715,aa,hagrid,Hagrid,contactseq,3,240513-715,2024-05-13,,captive_facility,NA,M,NA,NA,1,repeated,data/aa/all_calls/repeated/hagrid_triple_14_240513_0715.wav,Aviary 2,2014,family_1
aa_hagrid_contactseq_240515-722_01.wav,hagrid_double_18_240515_0722,aa,hagrid,Hagrid,contactseq,2,240515-722,2024-05-15,,captive_facility,NA,M,NA,NA,1,repeated,data/aa/all_calls/repeated/hagrid_double_18_240515_0722.wav,Aviary 2,2014,family_1
aa_hagrid_contactseq_240515-722_02.wav,hagrid_double_19_240515_0722,aa,hagrid,Hagrid,contactseq,2,240515-722,2024-05-15,,captive_facility,NA,M,NA,NA,1,repeated,data/aa/all_calls/repeated/hagrid_double_19_240515_0722.wav,Aviary 2,2014,family_1
aa_hagrid_contactseq_240515-722_03.wav,hagrid_quadruple_6_240515_0722,aa,hagrid,Hagrid,contactseq,4,240515-722,2024-05-15,,captive_facility,NA,M,NA,NA,1,repeated,data/aa/all_calls/repeated/hagrid_quadruple_6_240515_0722.wav,Aviary 2,2014,family_1
aa_hagrid_contactseq_240515-722_04.wav,hagrid_triple_15_240515_0722,aa,hagrid,Hagrid,contactseq,3,240515-722,2024-05-15,,captive_facility,NA,M,NA,NA,1,repeated,data/aa/all_calls/repeated/hagrid_triple_15_240515_0722.wav,Aviary 2,2014,family_1
aa_hagrid_contactseq_240515-723_01.wav,hagrid_ninetuple_1_240515_0723,aa,hagrid,Hagrid,contactseq,9,240515-723,2024-05-15,,captive_facility,NA,M,NA,NA,1,repeated,data/aa/all_calls/repeated/hagrid_ninetuple_1_240515_0723.wav,Aviary 2,2014,family_1
aa_hagrid_contactseq_240515-723_02.wav,hagrid_ninetuple_2_240515_0723,aa,hagrid,Hagrid,contactseq,9,240515-723,2024-05-15,,captive_facility,NA,M,NA,NA,1,repeated,data/aa/all_calls/repeated/hagrid_ninetuple_2_240515_0723.wav,Aviary 2,2014,family_1
aa_hagrid_contactseq_240515-723_03.wav,hagrid_quintuple_2_240515_0723,aa,hagrid,Hagrid,contactseq,5,240515-723,2024-05-15,,captive_facility,NA,M,NA,NA,1,repeated,data/aa/all_calls/repeated/hagrid_quintuple_2_240515_0723.wav,Aviary 2,2014,family_1
aa_hagrid_contactseq_240516-744_01.wav,hagrid_double_20_240516_0744,aa,hagrid,Hagrid,contactseq,2,240516-744,2024-05-16,,captive_facility,NA,M,NA,NA,1,repeated,data/aa/all_calls/repeated/hagrid_double_20_240516_0744.wav,Aviary 2,2014,family_1
aa_hagrid_contactseq_240516-745_01.wav,hagrid_sextuple_up_1_240516_0745,aa,hagrid,Hagrid,contactseq,6,240516-745,2024-05-16,,captive_facility,NA,M,NA,NA,1,repeated,data/aa/all_calls/repeated/hagrid_sextuple_up_1_240516_0745.wav,Aviary 2,2014,family_1
aa_hagrid_contactseq_240516-745_02.wav,hagrid_sextuple_up_3_240516_0745,aa,hagrid,Hagrid,contactseq,6,240516-745,2024-05-16,,captive_facility,NA,M,NA,NA,1,repeated,data/aa/all_calls/repeated/hagrid_sextuple_up_3_240516_0745.wav,Aviary 2,2014,family_1
aa_hagrid_contactseq_240517-764_01.wav,hagrid_16_triple_240517_0764,aa,hagrid,Hagrid,contactseq,3,240517-764,2024-05-17,,captive_facility,NA,M,NA,NA,1,repeated,data/aa/all_calls/repeated/hagrid_16_triple_240517_0764.wav,Aviary 2,2014,family_1
aa_hagrid_contactseq_240517-764_02.wav,hagrid_quintuple_3_240517_0764,aa,hagrid,Hagrid,contactseq,5,240517-764,2024-05-17,,captive_facility,NA,M,NA,NA,1,repeated,data/aa/all_calls/repeated/hagrid_quintuple_3_240517_0764.wav,Aviary 2,2014,family_1
aa_hagrid_contactseq_240517-764_03.wav,hagrid_triple_16_240517_0764,aa,hagrid,Hagrid,contactseq,3,240517-764,2024-05-17,,captive_facility,NA,M,NA,NA,1,repeated,data/aa/all_calls/repeated/hagrid_triple_16_240517_0764.wav,Aviary 2,2014,family_1
aa_hagrid_contactseq_240517-764_04.wav,hagrid_triple_17_240517_0764,aa,hagrid,Hagrid,contactseq,3,240517-764,2024-05-17,,captive_facility,NA,M,NA,NA,1,repeated,data/aa/all_calls/repeated/hagrid_triple_17_240517_0764.wav,Aviary 2,2014,family_1
aa_hagrid_contactseq_240517-773_01.wav,hagrid_ninetuple_3_240517_0773,aa,hagrid,Hagrid,contactseq,9,240517-773,2024-05-17,,captive_facility,NA,M,NA,NA,1,repeated,data/aa/all_calls/repeated/hagrid_ninetuple_3_240517_0773.wav,Aviary 2,2014,family_1
aa_hagrid_contactseq_240517-773_02.wav,hagrid_quadruple_7_240517_0773,aa,hagrid,Hagrid,contactseq,4,240517-773,2024-05-17,,captive_facility,NA,M,NA,NA,1,repeated,data/aa/all_calls/repeated/hagrid_quadruple_7_240517_0773.wav,Aviary 2,2014,family_1
aa_hagrid_contactseq_240518-788_01.wav,hagrid_double_21_240518_0788,aa,hagrid,Hagrid,contactseq,2,240518-788,2024-05-18,,captive_facility,NA,M,NA,NA,1,repeated,data/aa/all_calls/repeated/hagrid_double_21_240518_0788.wav,Aviary 2,2014,family_1
aa_hagrid_contactseq_240518-788_02.wav,hagrid_double_22_240518_0788,aa,hagrid,Hagrid,contactseq,2,240518-788,2024-05-18,,captive_facility,NA,M,NA,NA,1,repeated,data/aa/all_calls/repeated/hagrid_double_22_240518_0788.wav,Aviary 2,2014,family_1
aa_hagrid_contactseq_240518-788_03.wav,hagrid_double_23_240518_0788,aa,hagrid,Hagrid,contactseq,2,240518-788,2024-05-18,,captive_facility,NA,M,NA,NA,1,repeated,data/aa/all_calls/repeated/hagrid_double_23_240518_0788.wav,Aviary 2,2014,family_1
aa_hagrid_contactseq_240518-788_04.wav,hagrid_quadruple_7_240518_0788,aa,hagrid,Hagrid,contactseq,4,240518-788,2024-05-18,,captive_facility,NA,M,NA,NA,1,repeated,data/aa/all_calls/repeated/hagrid_quadruple_7_240518_0788.wav,Aviary 2,2014,family_1
aa_hagrid_contactseq_240518-788_05.wav,hagrid_quadruple_8_240518_0788,aa,hagrid,Hagrid,contactseq,4,240518-788,2024-05-18,,captive_facility,NA,M,NA,NA,1,repeated,data/aa/all_calls/repeated/hagrid_quadruple_8_240518_0788.wav,Aviary 2,2014,family_1
aa_hagrid_contactseq_240518-788_06.wav,hagrid_quintuple_4_240518_0788,aa,hagrid,Hagrid,contactseq,5,240518-788,2024-05-18,,captive_facility,NA,M,NA,NA,1,repeated,data/aa/all_calls/repeated/hagrid_quintuple_4_240518_0788.wav,Aviary 2,2014,family_1
aa_hagrid_contactseq_240518-788_07.wav,hagrid_triple_18_240518_0788,aa,hagrid,Hagrid,contactseq,3,240518-788,2024-05-18,,captive_facility,NA,M,NA,NA,1,repeated,data/aa/all_calls/repeated/hagrid_triple_18_240518_0788.wav,Aviary 2,2014,family_1
aa_hagrid_contactseq_240519-807_01.wav,hagrid_double_24_240519_0807,aa,hagrid,Hagrid,contactseq,2,240519-807,2024-05-19,,captive_facility,NA,M,NA,NA,1,repeated,data/aa/all_calls/repeated/hagrid_double_24_240519_0807.wav,Aviary 2,2014,family_1
aa_hagrid_contactseq_240519-807_02.wav,hagrid_double_25_240519_0807,aa,hagrid,Hagrid,contactseq,2,240519-807,2024-05-19,,captive_facility,NA,M,NA,NA,1,repeated,data/aa/all_calls/repeated/hagrid_double_25_240519_0807.wav,Aviary 2,2014,family_1
aa_hagrid_contactseq_240519-807_03.wav,hagrid_triple_19_240519_0807,aa,hagrid,Hagrid,contactseq,3,240519-807,2024-05-19,,captive_facility,NA,M,NA,NA,1,repeated,data/aa/all_calls/repeated/hagrid_triple_19_240519_0807.wav,Aviary 2,2014,family_1
aa_hagrid_contactseq_240519-807_04.wav,hagrid_triple_20_240519_0807,aa,hagrid,Hagrid,contactseq,3,240519-807,2024-05-19,,captive_facility,NA,M,NA,NA,1,repeated,data/aa/all_calls/repeated/hagrid_triple_20_240519_0807.wav,Aviary 2,2014,family_1
aa_hagrid_contactseq_240519-807_05.wav,hagrid_triple_21_240519_0807,aa,hagrid,Hagrid,contactseq,3,240519-807,2024-05-19,,captive_facility,NA,M,NA,NA,1,repeated,data/aa/all_calls/repeated/hagrid_triple_21_240519_0807.wav,Aviary 2,2014,family_1
aa_hagrid_contactseq_240519-808_01.wav,hagrid_quintuple_5_240519_0808,aa,hagrid,Hagrid,contactseq,5,240519-808,2024-05-19,,captive_facility,NA,M,NA,NA,1,repeated,data/aa/all_calls/repeated/hagrid_quintuple_5_240519_0808.wav,Aviary 2,2014,family_1
aa_hagrid_contactseq_240521-824_01.wav,hagrid_double_26_240521_0824,aa,hagrid,Hagrid,contactseq,2,240521-824,2024-05-21,,captive_facility,NA,M,NA,NA,1,repeated,data/aa/all_calls/repeated/hagrid_double_26_240521_0824.wav,Aviary 2,2014,family_1
aa_hagrid_contactseq_240521-824_02.wav,hagrid_double_27_240521_0824,aa,hagrid,Hagrid,contactseq,2,240521-824,2024-05-21,,captive_facility,NA,M,NA,NA,1,repeated,data/aa/all_calls/repeated/hagrid_double_27_240521_0824.wav,Aviary 2,2014,family_1
aa_hagrid_contactseq_240521-824_03.wav,hagrid_double_28_240521_0824,aa,hagrid,Hagrid,contactseq,2,240521-824,2024-05-21,,captive_facility,NA,M,NA,NA,1,repeated,data/aa/all_calls/repeated/hagrid_double_28_240521_0824.wav,Aviary 2,2014,family_1
aa_hagrid_contactseq_240521-824_04.wav,hagrid_double_29_240521_0824,aa,hagrid,Hagrid,contactseq,2,240521-824,2024-05-21,,captive_facility,NA,M,NA,NA,1,repeated,data/aa/all_calls/repeated/hagrid_double_29_240521_0824.wav,Aviary 2,2014,family_1
aa_hagrid_contactseq_240521-825_01.wav,hagrid_sextuple_upstairs_240521_0825,aa,hagrid,Hagrid,contactseq,6,240521-825,2024-05-21,upstairs,captive_facility,NA,M,NA,NA,1,repeated,data/aa/all_calls/repeated/hagrid_sextuple_upstairs_240521_0825.wav,Aviary 2,2014,family_1
aa_hagrid_contactseq_240521-825_02.wav,hagrid_triple_22_up_240521_0825,aa,hagrid,Hagrid,contactseq,3,240521-825,2024-05-21,,captive_facility,NA,M,NA,NA,1,repeated,data/aa/all_calls/repeated/hagrid_triple_22_up_240521_0825.wav,Aviary 2,2014,family_1
aa_hagrid_contactseq_240523-872_01.wav,hagrid_double_30_240523_0872,aa,hagrid,Hagrid,contactseq,2,240523-872,2024-05-23,,captive_facility,NA,M,NA,NA,1,repeated,data/aa/all_calls/repeated/hagrid_double_30_240523_0872.wav,Aviary 2,2014,family_1
aa_hagrid_contactseq_240524-877_01.wav,hagrid_double_31_240524_0877,aa,hagrid,Hagrid,contactseq,2,240524-877,2024-05-24,,captive_facility,NA,M,NA,NA,1,repeated,data/aa/all_calls/repeated/hagrid_double_31_240524_0877.wav,Aviary 2,2014,family_1
aa_hagrid_contactseq_240524-877_02.wav,hagrid_triple_22_240524_0877,aa,hagrid,Hagrid,contactseq,3,240524-877,2024-05-24,,captive_facility,NA,M,NA,NA,1,repeated,data/aa/all_calls/repeated/hagrid_triple_22_240524_0877.wav,Aviary 2,2014,family_1
aa_hagrid_contactseq_240524-877_03.wav,hagrid_triple_23_240524_0877,aa,hagrid,Hagrid,contactseq,3,240524-877,2024-05-24,,captive_facility,NA,M,NA,NA,1,repeated,data/aa/all_calls/repeated/hagrid_triple_23_240524_0877.wav,Aviary 2,2014,family_1
aa_hagrid_contactseq_240526-899_01.wav,hagrid_double_32_240526_0899,aa,hagrid,Hagrid,contactseq,2,240526-899,2024-05-26,,captive_facility,NA,M,NA,NA,1,repeated,data/aa/all_calls/repeated/hagrid_double_32_240526_0899.wav,Aviary 2,2014,family_1
aa_hagrid_contactseq_240528-908_01.wav,hagrid_double_33_240528_0908,aa,hagrid,Hagrid,contactseq,2,240528-908,2024-05-28,,captive_facility,NA,M,NA,NA,1,repeated,data/aa/all_calls/repeated/hagrid_double_33_240528_0908.wav,Aviary 2,2014,family_1
aa_hagrid_contactseq_240528-908_02.wav,hagrid_double_34_240528_0908,aa,hagrid,Hagrid,contactseq,2,240528-908,2024-05-28,,captive_facility,NA,M,NA,NA,1,repeated,data/aa/all_calls/repeated/hagrid_double_34_240528_0908.wav,Aviary 2,2014,family_1
aa_hagrid_contactseq_240530-934_01.wav,hagrid_33_elevator_240530_0934,aa,hagrid,Hagrid,contactseq,3,240530-934,2024-05-30,elevator,captive_facility,NA,M,NA,NA,1,repeated,data/aa/all_calls/repeated/hagrid_33_elevator_240530_0934.wav,Aviary 2,2014,family_1
aa_hagrid_contactseq_240530-934_02.wav,hagrid_double_37_240530_0934,aa,hagrid,Hagrid,contactseq,2,240530-934,2024-05-30,,captive_facility,NA,M,NA,NA,1,repeated,data/aa/all_calls/repeated/hagrid_double_37_240530_0934.wav,Aviary 2,2014,family_1
aa_hagrid_contactseq_240530-934_03.wav,hagrid_double_38_240530_0934,aa,hagrid,Hagrid,contactseq,2,240530-934,2024-05-30,,captive_facility,NA,M,NA,NA,1,repeated,data/aa/all_calls/repeated/hagrid_double_38_240530_0934.wav,Aviary 2,2014,family_1
aa_hagrid_contactseq_240530-934_04.wav,hagrid_triple_24_240530_0934,aa,hagrid,Hagrid,contactseq,3,240530-934,2024-05-30,,captive_facility,NA,M,NA,NA,1,repeated,data/aa/all_calls/repeated/hagrid_triple_24_240530_0934.wav,Aviary 2,2014,family_1
aa_hagrid_contactseq_240531-944_01.wav,hagrid_double_39_240531_0944,aa,hagrid,Hagrid,contactseq,2,240531-944,2024-05-31,,captive_facility,NA,M,NA,NA,1,repeated,data/aa/all_calls/repeated/hagrid_double_39_240531_0944.wav,Aviary 2,2014,family_1
aa_hagrid_contactseq_240531-944_02.wav,hagrid_double_40_240531_0944,aa,hagrid,Hagrid,contactseq,2,240531-944,2024-05-31,,captive_facility,NA,M,NA,NA,1,repeated,data/aa/all_calls/repeated/hagrid_double_40_240531_0944.wav,Aviary 2,2014,family_1
aa_hagrid_contactseq_240531-944_03.wav,hagrid_double_41_240531_0944,aa,hagrid,Hagrid,contactseq,2,240531-944,2024-05-31,,captive_facility,NA,M,NA,NA,1,repeated,data/aa/all_calls/repeated/hagrid_double_41_240531_0944.wav,Aviary 2,2014,family_1
aa_hagrid_contactseq_240601-952_01.wav,hagrid_double_42_240601_0952,aa,hagrid,Hagrid,contactseq,2,240601-952,2024-06-01,,captive_facility,NA,M,NA,NA,1,repeated,data/aa/all_calls/repeated/hagrid_double_42_240601_0952.wav,Aviary 2,2014,family_1
aa_hagrid_contactseq_240601-952_02.wav,hagrid_double_43_240601_0952,aa,hagrid,Hagrid,contactseq,2,240601-952,2024-06-01,,captive_facility,NA,M,NA,NA,1,repeated,data/aa/all_calls/repeated/hagrid_double_43_240601_0952.wav,Aviary 2,2014,family_1
aa_hagrid_contactseq_240601-952_03.wav,hagrid_double_44_240601_0952,aa,hagrid,Hagrid,contactseq,2,240601-952,2024-06-01,,captive_facility,NA,M,NA,NA,1,repeated,data/aa/all_calls/repeated/hagrid_double_44_240601_0952.wav,Aviary 2,2014,family_1
aa_hagrid_contactseq_240601-952_04.wav,hagrid_triple_25_240601_0952,aa,hagrid,Hagrid,contactseq,3,240601-952,2024-06-01,,captive_facility,NA,M,NA,NA,1,repeated,data/aa/all_calls/repeated/hagrid_triple_25_240601_0952.wav,Aviary 2,2014,family_1
aa_hagrid_contactseq_240601-952_05.wav,hagrid_triple_26_240601_0952,aa,hagrid,Hagrid,contactseq,3,240601-952,2024-06-01,,captive_facility,NA,M,NA,NA,1,repeated,data/aa/all_calls/repeated/hagrid_triple_26_240601_0952.wav,Aviary 2,2014,family_1
aa_hagrid_contactseq_240601-952_06.wav,hagrid_triple_27_240601_0952,aa,hagrid,Hagrid,contactseq,3,240601-952,2024-06-01,,captive_facility,NA,M,NA,NA,1,repeated,data/aa/all_calls/repeated/hagrid_triple_27_240601_0952.wav,Aviary 2,2014,family_1
aa_hagrid_contactseq_240607-1008_01.wav,hagrid_triple_28_240607_1008,aa,hagrid,Hagrid,contactseq,3,240607-1008,2024-06-07,,captive_facility,NA,M,NA,NA,1,repeated,data/aa/all_calls/repeated/hagrid_triple_28_240607_1008.wav,Aviary 2,2014,family_1
aa_hagrid_contactseq_240607-1008_02.wav,hagrid_triple_29_240607_1008,aa,hagrid,Hagrid,contactseq,3,240607-1008,2024-06-07,,captive_facility,NA,M,NA,NA,1,repeated,data/aa/all_calls/repeated/hagrid_triple_29_240607_1008.wav,Aviary 2,2014,family_1
aa_hagrid_contactseq_240607-1009_01.wav,hagrid_double_45_240607_1009,aa,hagrid,Hagrid,contactseq,2,240607-1009,2024-06-07,,captive_facility,NA,M,NA,NA,1,repeated,data/aa/all_calls/repeated/hagrid_double_45_240607_1009.wav,Aviary 2,2014,family_1
aa_hagrid_contactseq_240607-1009_02.wav,hagrid_double_46_240607_1009,aa,hagrid,Hagrid,contactseq,2,240607-1009,2024-06-07,,captive_facility,NA,M,NA,NA,1,repeated,data/aa/all_calls/repeated/hagrid_double_46_240607_1009.wav,Aviary 2,2014,family_1
aa_hagrid_contactseq_240607-1009_03.wav,hagrid_sextuple_3_240607_1009,aa,hagrid,Hagrid,contactseq,6,240607-1009,2024-06-07,,captive_facility,NA,M,NA,NA,1,repeated,data/aa/all_calls/repeated/hagrid_sextuple_3_240607_1009.wav,Aviary 2,2014,family_1
aa_hagrid_contactseq_240610-1035_01.wav,hagrid_double_47_240610_1035,aa,hagrid,Hagrid,contactseq,2,240610-1035,2024-06-10,,captive_facility,NA,M,NA,NA,1,repeated,data/aa/all_calls/repeated/hagrid_double_47_240610_1035.wav,Aviary 2,2014,family_1
aa_hagrid_contactseq_240610-1035_02.wav,hagrid_double_48_240610_1035,aa,hagrid,Hagrid,contactseq,2,240610-1035,2024-06-10,,captive_facility,NA,M,NA,NA,1,repeated,data/aa/all_calls/repeated/hagrid_double_48_240610_1035.wav,Aviary 2,2014,family_1
aa_hagrid_contactseq_240610-1035_03.wav,hagrid_triple_30_240610_1035,aa,hagrid,Hagrid,contactseq,3,240610-1035,2024-06-10,,captive_facility,NA,M,NA,NA,1,repeated,data/aa/all_calls/repeated/hagrid_triple_30_240610_1035.wav,Aviary 2,2014,family_1
aa_hagrid_contactseq_240612-1051_01.wav,hagrid_double_49_240612_1051,aa,hagrid,Hagrid,contactseq,2,240612-1051,2024-06-12,,captive_facility,NA,M,NA,NA,1,repeated,data/aa/all_calls/repeated/hagrid_double_49_240612_1051.wav,Aviary 2,2014,family_1
aa_hazel_contact_240418-1336_01.wav,hazel_1_elevator_240418_1336,aa,hazel,Hazel,contact,1,240418-1336,2024-04-18,elevator,captive_facility,NA,F,NA,NA,1,single,data/aa/all_calls/single/hazel_1_elevator_240418_1336.wav,Aviary 1,2011,family_2
aa_hazel_contact_240421-530_01.wav,hazel_2_elevator_240421_0530,aa,hazel,Hazel,contact,1,240421-530,2024-04-21,elevator,captive_facility,NA,F,NA,NA,1,single,data/aa/all_calls/single/hazel_2_elevator_240421_0530.wav,Aviary 1,2011,family_2
aa_hazel_contact_240425-568_01.wav,hazel_3_elevator_240425_0568,aa,hazel,Hazel,contact,1,240425-568,2024-04-25,elevator,captive_facility,NA,F,NA,NA,1,single,data/aa/all_calls/single/hazel_3_elevator_240425_0568.wav,Aviary 1,2011,family_2
aa_hazel_contact_240430-622_01.wav,hazel_4_elevator_240430_0622,aa,hazel,Hazel,contact,1,240430-622,2024-04-30,elevator,captive_facility,NA,F,NA,NA,1,single,data/aa/all_calls/single/hazel_4_elevator_240430_0622.wav,Aviary 1,2011,family_2
aa_hazel_contact_240509-636_01.wav,hazel_5_elevator_240509_0636,aa,hazel,Hazel,contact,1,240509-636,2024-05-09,elevator,captive_facility,NA,F,NA,NA,1,single,data/aa/all_calls/single/hazel_5_elevator_240509_0636.wav,Aviary 1,2011,family_2
aa_hazel_contact_240509-636_02.wav,hazel_6_elevator_240509_0636,aa,hazel,Hazel,contact,1,240509-636,2024-05-09,elevator,captive_facility,NA,F,NA,NA,1,single,data/aa/all_calls/single/hazel_6_elevator_240509_0636.wav,Aviary 1,2011,family_2
aa_hazel_contact_240510-658_01.wav,hazel_7_elevator_240510_0658,aa,hazel,Hazel,contact,1,240510-658,2024-05-10,elevator,captive_facility,NA,F,NA,NA,1,single,data/aa/all_calls/single/hazel_7_elevator_240510_0658.wav,Aviary 1,2011,family_2
aa_hazel_contact_240510-658_02.wav,hazel_8_elevator_240510_0658,aa,hazel,Hazel,contact,1,240510-658,2024-05-10,elevator,captive_facility,NA,F,NA,NA,1,single,data/aa/all_calls/single/hazel_8_elevator_240510_0658.wav,Aviary 1,2011,family_2
aa_hazel_contact_240511-671_01.wav,hazel_10_elevator_240511_0671,aa,hazel,Hazel,contact,1,240511-671,2024-05-11,elevator,captive_facility,NA,F,NA,NA,1,single,data/aa/all_calls/single/hazel_10_elevator_240511_0671.wav,Aviary 1,2011,family_2
aa_hazel_contact_240511-671_02.wav,hazel_9_elevator_240511_0671,aa,hazel,Hazel,contact,1,240511-671,2024-05-11,elevator,captive_facility,NA,F,NA,NA,1,single,data/aa/all_calls/single/hazel_9_elevator_240511_0671.wav,Aviary 1,2011,family_2
aa_hazel_contact_240512-689_01.wav,hazel_11_elevator_240512_0689,aa,hazel,Hazel,contact,1,240512-689,2024-05-12,elevator,captive_facility,NA,F,NA,NA,1,single,data/aa/all_calls/single/hazel_11_elevator_240512_0689.wav,Aviary 1,2011,family_2
aa_hazel_contact_240513-711_01.wav,hazel_12_elevator_240513_0711,aa,hazel,Hazel,contact,1,240513-711,2024-05-13,elevator,captive_facility,NA,F,NA,NA,1,single,data/aa/all_calls/single/hazel_12_elevator_240513_0711.wav,Aviary 1,2011,family_2
aa_hazel_contact_240515-732_01.wav,hazel_13_elevator_240515_0732,aa,hazel,Hazel,contact,1,240515-732,2024-05-15,elevator,captive_facility,NA,F,NA,NA,1,single,data/aa/all_calls/single/hazel_13_elevator_240515_0732.wav,Aviary 1,2011,family_2
aa_hazel_contact_240518-787_01.wav,hazel_14_elevator_240518_0787,aa,hazel,Hazel,contact,1,240518-787,2024-05-18,elevator,captive_facility,NA,F,NA,NA,1,single,data/aa/all_calls/single/hazel_14_elevator_240518_0787.wav,Aviary 1,2011,family_2
aa_hazel_contact_240520-813_01.wav,hazel_15_elevator_240520_0813,aa,hazel,Hazel,contact,1,240520-813,2024-05-20,elevator,captive_facility,NA,F,NA,NA,1,single,data/aa/all_calls/single/hazel_15_elevator_240520_0813.wav,Aviary 1,2011,family_2
aa_hazel_contact_240528-911_01.wav,hazel_16_elevator_240528_0911,aa,hazel,Hazel,contact,1,240528-911,2024-05-28,elevator,captive_facility,NA,F,NA,NA,1,single,data/aa/all_calls/single/hazel_16_elevator_240528_0911.wav,Aviary 1,2011,family_2
aa_hazel_contact_240530-939_01.wav,hazel_17_elevator_240530_0939,aa,hazel,Hazel,contact,1,240530-939,2024-05-30,elevator,captive_facility,NA,F,NA,NA,1,single,data/aa/all_calls/single/hazel_17_elevator_240530_0939.wav,Aviary 1,2011,family_2
aa_hazel_contact_240530-939_02.wav,hazel_18_elevator_240530_0939,aa,hazel,Hazel,contact,1,240530-939,2024-05-30,elevator,captive_facility,NA,F,NA,NA,1,single,data/aa/all_calls/single/hazel_18_elevator_240530_0939.wav,Aviary 1,2011,family_2
aa_hazel_contact_240602-962_01.wav,hazel_19_elevator_240602_0962,aa,hazel,Hazel,contact,1,240602-962,2024-06-02,elevator,captive_facility,NA,F,NA,NA,1,single,data/aa/all_calls/single/hazel_19_elevator_240602_0962.wav,Aviary 1,2011,family_2
aa_hazel_contact_240602-962_02.wav,hazel_20_elevator_240602_0962,aa,hazel,Hazel,contact,1,240602-962,2024-06-02,elevator,captive_facility,NA,F,NA,NA,1,single,data/aa/all_calls/single/hazel_20_elevator_240602_0962.wav,Aviary 1,2011,family_2
aa_hazel_contact_240602-962_03.wav,hazel_21_elevator_240602_0962,aa,hazel,Hazel,contact,1,240602-962,2024-06-02,elevator,captive_facility,NA,F,NA,NA,1,single,data/aa/all_calls/single/hazel_21_elevator_240602_0962.wav,Aviary 1,2011,family_2
aa_hazel_contact_240602-962_04.wav,hazel_22_elevator_240602_0962,aa,hazel,Hazel,contact,1,240602-962,2024-06-02,elevator,captive_facility,NA,F,NA,NA,1,single,data/aa/all_calls/single/hazel_22_elevator_240602_0962.wav,Aviary 1,2011,family_2
aa_hazel_contact_240602-962_05.wav,hazel_23_elevator_240602_0962,aa,hazel,Hazel,contact,1,240602-962,2024-06-02,elevator,captive_facility,NA,F,NA,NA,1,single,data/aa/all_calls/single/hazel_23_elevator_240602_0962.wav,Aviary 1,2011,family_2
aa_hazel_contact_240602-962_06.wav,hazel_24_elevator_240602_0962,aa,hazel,Hazel,contact,1,240602-962,2024-06-02,elevator,captive_facility,NA,F,NA,NA,1,single,data/aa/all_calls/single/hazel_24_elevator_240602_0962.wav,Aviary 1,2011,family_2
aa_hazel_contact_240602-962_07.wav,hazel_25_elevator_240602_0962,aa,hazel,Hazel,contact,1,240602-962,2024-06-02,elevator,captive_facility,NA,F,NA,NA,1,single,data/aa/all_calls/single/hazel_25_elevator_240602_0962.wav,Aviary 1,2011,family_2
aa_hazel_contact_240602-962_08.wav,hazel_26_elevator_240602_0962,aa,hazel,Hazel,contact,1,240602-962,2024-06-02,elevator,captive_facility,NA,F,NA,NA,1,single,data/aa/all_calls/single/hazel_26_elevator_240602_0962.wav,Aviary 1,2011,family_2
aa_hazel_contact_240602-962_09.wav,hazel_27_elevator_240602_0962,aa,hazel,Hazel,contact,1,240602-962,2024-06-02,elevator,captive_facility,NA,F,NA,NA,1,single,data/aa/all_calls/single/hazel_27_elevator_240602_0962.wav,Aviary 1,2011,family_2
aa_hazel_contact_240602-962_10.wav,hazel_28_elevator_240602_0962,aa,hazel,Hazel,contact,1,240602-962,2024-06-02,elevator,captive_facility,NA,F,NA,NA,1,single,data/aa/all_calls/single/hazel_28_elevator_240602_0962.wav,Aviary 1,2011,family_2
aa_hazel_contact_240603-973_01.wav,hazel_29_elevator_240603_0973,aa,hazel,Hazel,contact,1,240603-973,2024-06-03,elevator,captive_facility,NA,F,NA,NA,1,single,data/aa/all_calls/single/hazel_29_elevator_240603_0973.wav,Aviary 1,2011,family_2
aa_hazel_contact_240603-973_02.wav,hazel_30_elevator_240603_0973,aa,hazel,Hazel,contact,1,240603-973,2024-06-03,elevator,captive_facility,NA,F,NA,NA,1,single,data/aa/all_calls/single/hazel_30_elevator_240603_0973.wav,Aviary 1,2011,family_2
aa_hazel_contact_240603-973_03.wav,hazel_31_elevator_240603_0973,aa,hazel,Hazel,contact,1,240603-973,2024-06-03,elevator,captive_facility,NA,F,NA,NA,1,single,data/aa/all_calls/single/hazel_31_elevator_240603_0973.wav,Aviary 1,2011,family_2
aa_hazel_contact_240603-973_04.wav,hazel_32_elevator_240603_0973,aa,hazel,Hazel,contact,1,240603-973,2024-06-03,elevator,captive_facility,NA,F,NA,NA,1,single,data/aa/all_calls/single/hazel_32_elevator_240603_0973.wav,Aviary 1,2011,family_2
aa_hazel_contact_240603-973_05.wav,hazel_33_elevator_240603_0973,aa,hazel,Hazel,contact,1,240603-973,2024-06-03,elevator,captive_facility,NA,F,NA,NA,1,single,data/aa/all_calls/single/hazel_33_elevator_240603_0973.wav,Aviary 1,2011,family_2
aa_hazel_contact_240603-973_06.wav,hazel_34_elevator_240603_0973,aa,hazel,Hazel,contact,1,240603-973,2024-06-03,elevator,captive_facility,NA,F,NA,NA,1,single,data/aa/all_calls/single/hazel_34_elevator_240603_0973.wav,Aviary 1,2011,family_2
aa_hazel_contact_240603-973_07.wav,hazel_35_elevator_240603_0973,aa,hazel,Hazel,contact,1,240603-973,2024-06-03,elevator,captive_facility,NA,F,NA,NA,1,single,data/aa/all_calls/single/hazel_35_elevator_240603_0973.wav,Aviary 1,2011,family_2
aa_hazel_contact_240607-995_01.wav,hazel_36_elevator_240607_0995,aa,hazel,Hazel,contact,1,240607-995,2024-06-07,elevator,captive_facility,NA,F,NA,NA,1,single,data/aa/all_calls/single/hazel_36_elevator_240607_0995.wav,Aviary 1,2011,family_2
aa_hazel_contact_240607-995_02.wav,hazel_37_elevator_240607_0995,aa,hazel,Hazel,contact,1,240607-995,2024-06-07,elevator,captive_facility,NA,F,NA,NA,1,single,data/aa/all_calls/single/hazel_37_elevator_240607_0995.wav,Aviary 1,2011,family_2
aa_hazel_contact_240607-995_03.wav,hazel_38_elevator_240607_0995,aa,hazel,Hazel,contact,1,240607-995,2024-06-07,elevator,captive_facility,NA,F,NA,NA,1,single,data/aa/all_calls/single/hazel_38_elevator_240607_0995.wav,Aviary 1,2011,family_2
aa_hazel_contact_240607-995_04.wav,hazel_39_elevator_240607_0995,aa,hazel,Hazel,contact,1,240607-995,2024-06-07,elevator,captive_facility,NA,F,NA,NA,1,single,data/aa/all_calls/single/hazel_39_elevator_240607_0995.wav,Aviary 1,2011,family_2
aa_hazel_contact_240607-995_05.wav,hazel_40_elevator_240607_0995,aa,hazel,Hazel,contact,1,240607-995,2024-06-07,elevator,captive_facility,NA,F,NA,NA,1,single,data/aa/all_calls/single/hazel_40_elevator_240607_0995.wav,Aviary 1,2011,family_2
aa_hazel_contact_240607-995_06.wav,hazel_41_elevator_240607_0995,aa,hazel,Hazel,contact,1,240607-995,2024-06-07,elevator,captive_facility,NA,F,NA,NA,1,single,data/aa/all_calls/single/hazel_41_elevator_240607_0995.wav,Aviary 1,2011,family_2
aa_hazel_contact_240607-995_07.wav,hazel_42_elevator_240607_0995,aa,hazel,Hazel,contact,1,240607-995,2024-06-07,elevator,captive_facility,NA,F,NA,NA,1,single,data/aa/all_calls/single/hazel_42_elevator_240607_0995.wav,Aviary 1,2011,family_2
aa_hazel_contact_240608-1014_01.wav,hazel_43_elevator_240608_1014,aa,hazel,Hazel,contact,1,240608-1014,2024-06-08,elevator,captive_facility,NA,F,NA,NA,1,single,data/aa/all_calls/single/hazel_43_elevator_240608_1014.wav,Aviary 1,2011,family_2
aa_hazel_contact_240608-1014_02.wav,hazel_44_elevator_240608_1014,aa,hazel,Hazel,contact,1,240608-1014,2024-06-08,elevator,captive_facility,NA,F,NA,NA,1,single,data/aa/all_calls/single/hazel_44_elevator_240608_1014.wav,Aviary 1,2011,family_2
aa_hazel_contact_240608-1017_01.wav,hazel_45_elevator_240608_1017,aa,hazel,Hazel,contact,1,240608-1017,2024-06-08,elevator,captive_facility,NA,F,NA,NA,1,single,data/aa/all_calls/single/hazel_45_elevator_240608_1017.wav,Aviary 1,2011,family_2
aa_hazel_contact_240612-1053_01.wav,hazel_46_elevator_240612_1053,aa,hazel,Hazel,contact,1,240612-1053,2024-06-12,elevator,captive_facility,NA,F,NA,NA,1,single,data/aa/all_calls/single/hazel_46_elevator_240612_1053.wav,Aviary 1,2011,family_2
aa_hazel_contact_240612-1053_02.wav,hazel_47_elevator_240612_1053,aa,hazel,Hazel,contact,1,240612-1053,2024-06-12,elevator,captive_facility,NA,F,NA,NA,1,single,data/aa/all_calls/single/hazel_47_elevator_240612_1053.wav,Aviary 1,2011,family_2
aa_hazel_contact_240612-1053_03.wav,hazel_48_elevator_240612_1053,aa,hazel,Hazel,contact,1,240612-1053,2024-06-12,elevator,captive_facility,NA,F,NA,NA,1,single,data/aa/all_calls/single/hazel_48_elevator_240612_1053.wav,Aviary 1,2011,family_2
aa_hazel_contact_240612-1053_04.wav,hazel_49_elevator_240612_1053,aa,hazel,Hazel,contact,1,240612-1053,2024-06-12,elevator,captive_facility,NA,F,NA,NA,1,single,data/aa/all_calls/single/hazel_49_elevator_240612_1053.wav,Aviary 1,2011,family_2
aa_hazel_contact_240612-1053_05.wav,hazel_50_elevator_240612_1053,aa,hazel,Hazel,contact,1,240612-1053,2024-06-12,elevator,captive_facility,NA,F,NA,NA,1,single,data/aa/all_calls/single/hazel_50_elevator_240612_1053.wav,Aviary 1,2011,family_2
aa_hazel_contact_240614-1071_01.wav,hazel_51_elevator_240614_1071,aa,hazel,Hazel,contact,1,240614-1071,2024-06-14,NA,captive_facility,NA,F,NA,NA,1,single,data/aa/all_calls/single/hazel_51_elevator_240614_1071.wav,Aviary 1,2011,family_2
aa_hazel_contact_240614-1071_02.wav,hazel_52_elevator_240614_1071,aa,hazel,Hazel,contact,1,240614-1071,2024-06-14,NA,captive_facility,NA,F,NA,NA,1,single,data/aa/all_calls/single/hazel_52_elevator_240614_1071.wav,Aviary 1,2011,family_2
aa_hazel_contact_240614-1071_03.wav,hazel_53_elevator_240614_1071,aa,hazel,Hazel,contact,1,240614-1071,2024-06-14,NA,captive_facility,NA,F,NA,NA,1,single,data/aa/all_calls/single/hazel_53_elevator_240614_1071.wav,Aviary 1,2011,family_2
aa_hazel_contact_240614-1071_04.wav,hazel_54_elevator_240614_1071,aa,hazel,Hazel,contact,1,240614-1071,2024-06-14,NA,captive_facility,NA,F,NA,NA,1,single,data/aa/all_calls/single/hazel_54_elevator_240614_1071.wav,Aviary 1,2011,family_2
aa_hazel_contact_240614-1071_05.wav,hazel_55_elevator_240614_1071,aa,hazel,Hazel,contact,1,240614-1071,2024-06-14,NA,captive_facility,NA,F,NA,NA,1,single,data/aa/all_calls/single/hazel_55_elevator_240614_1071.wav,Aviary 1,2011,family_2
aa_hazel_contact_240614-1071_06.wav,hazel_56_elevator_240614_1071,aa,hazel,Hazel,contact,1,240614-1071,2024-06-14,NA,captive_facility,NA,F,NA,NA,1,single,data/aa/all_calls/single/hazel_56_elevator_240614_1071.wav,Aviary 1,2011,family_2
aa_hazel_contact_240614-1071_07.wav,hazel_57_elevator_240614_1071,aa,hazel,Hazel,contact,1,240614-1071,2024-06-14,NA,captive_facility,NA,F,NA,NA,1,single,data/aa/all_calls/single/hazel_57_elevator_240614_1071.wav,Aviary 1,2011,family_2
aa_hazel_contact_240614-1071_08.wav,hazel_58_elevator_240614_1071,aa,hazel,Hazel,contact,1,240614-1071,2024-06-14,NA,captive_facility,NA,F,NA,NA,1,single,data/aa/all_calls/single/hazel_58_elevator_240614_1071.wav,Aviary 1,2011,family_2
aa_hazel_contact_240615-1084_01.wav,hazel_59_elevator_240615_1084,aa,hazel,Hazel,contact,1,240615-1084,2024-06-15,NA,captive_facility,NA,F,NA,NA,1,single,data/aa/all_calls/single/hazel_59_elevator_240615_1084.wav,Aviary 1,2011,family_2
aa_hazel_contact_240615-1084_02.wav,hazel_60_elevator_240615_1084,aa,hazel,Hazel,contact,1,240615-1084,2024-06-15,NA,captive_facility,NA,F,NA,NA,1,single,data/aa/all_calls/single/hazel_60_elevator_240615_1084.wav,Aviary 1,2011,family_2
aa_hazel_contactseq_240430-622_01.wav,hazel_double_1_240430_0622,aa,hazel,Hazel,contactseq,2,240430-622,2024-04-30,,captive_facility,NA,F,NA,NA,1,repeated,data/aa/all_calls/repeated/hazel_double_1_240430_0622.wav,Aviary 1,2011,family_2
aa_hazel_contactseq_240509-636_01.wav,hazel_double_2_240509_0636,aa,hazel,Hazel,contactseq,2,240509-636,2024-05-09,,captive_facility,NA,F,NA,NA,1,repeated,data/aa/all_calls/repeated/hazel_double_2_240509_0636.wav,Aviary 1,2011,family_2
aa_hazel_contactseq_240509-636_02.wav,hazel_double_5_240509_0636,aa,hazel,Hazel,contactseq,2,240509-636,2024-05-09,,captive_facility,NA,F,NA,NA,1,repeated,data/aa/all_calls/repeated/hazel_double_5_240509_0636.wav,Aviary 1,2011,family_2
aa_hazel_contactseq_240510-658_01.wav,hazel_double_3_240510_0658,aa,hazel,Hazel,contactseq,2,240510-658,2024-05-10,,captive_facility,NA,F,NA,NA,1,repeated,data/aa/all_calls/repeated/hazel_double_3_240510_0658.wav,Aviary 1,2011,family_2
aa_hazel_contactseq_240510-658_02.wav,hazel_double_4_240510_0658,aa,hazel,Hazel,contactseq,2,240510-658,2024-05-10,,captive_facility,NA,F,NA,NA,1,repeated,data/aa/all_calls/repeated/hazel_double_4_240510_0658.wav,Aviary 1,2011,family_2
aa_hazel_contactseq_240510-658_03.wav,hazel_double_6_240510_0658,aa,hazel,Hazel,contactseq,2,240510-658,2024-05-10,,captive_facility,NA,F,NA,NA,1,repeated,data/aa/all_calls/repeated/hazel_double_6_240510_0658.wav,Aviary 1,2011,family_2
aa_hazel_contactseq_240510-658_04.wav,hazel_double_7_240510_0658,aa,hazel,Hazel,contactseq,2,240510-658,2024-05-10,,captive_facility,NA,F,NA,NA,1,repeated,data/aa/all_calls/repeated/hazel_double_7_240510_0658.wav,Aviary 1,2011,family_2
aa_hazel_contactseq_240512-689_01.wav,hazel_double_8_240512_0689,aa,hazel,Hazel,contactseq,2,240512-689,2024-05-12,,captive_facility,NA,F,NA,NA,1,repeated,data/aa/all_calls/repeated/hazel_double_8_240512_0689.wav,Aviary 1,2011,family_2
aa_hazel_contactseq_240516-741_01.wav,hazel_double_9_240516_0741,aa,hazel,Hazel,contactseq,2,240516-741,2024-05-16,,captive_facility,NA,F,NA,NA,1,repeated,data/aa/all_calls/repeated/hazel_double_9_240516_0741.wav,Aviary 1,2011,family_2
aa_hazel_contactseq_240612-1053_01.wav,hazel_double_10_240612_1053,aa,hazel,Hazel,contactseq,2,240612-1053,2024-06-12,,captive_facility,NA,F,NA,NA,1,repeated,data/aa/all_calls/repeated/hazel_double_10_240612_1053.wav,Aviary 1,2011,family_2
aa_luna_contact_240429-597_01.wav,luna_1_elevator_240429_0597,aa,luna,Luna,contact,1,240429-597,2024-04-29,elevator,captive_facility,NA,F,NA,NA,1,single,data/aa/all_calls/single/luna_1_elevator_240429_0597.wav,Aviary 2,2014,family_1
aa_luna_contact_240430-0616_01.wav,luna_60_elevator_240430_0616,aa,luna,Luna,contact,1,240430-0616,2024-04-30,NA,captive_facility,NA,F,NA,NA,1,single,data/aa/all_calls/single/luna_60_elevator_240430_0616.wav,Aviary 2,2014,family_1
aa_luna_contact_240509-638_01.wav,luna_2_elevator_240509_0638,aa,luna,Luna,contact,1,240509-638,2024-05-09,elevator,captive_facility,NA,F,NA,NA,1,single,data/aa/all_calls/single/luna_2_elevator_240509_0638.wav,Aviary 2,2014,family_1
aa_luna_contact_240509-641_01.wav,luna_3_elevator_240509_0641,aa,luna,Luna,contact,1,240509-641,2024-05-09,elevator,captive_facility,NA,F,NA,NA,1,single,data/aa/all_calls/single/luna_3_elevator_240509_0641.wav,Aviary 2,2014,family_1
aa_luna_contact_240509-641_02.wav,luna_5_elevator_240509_0641,aa,luna,Luna,contact,1,240509-641,2024-05-09,elevator,captive_facility,NA,F,NA,NA,1,single,data/aa/all_calls/single/luna_5_elevator_240509_0641.wav,Aviary 2,2014,family_1
aa_luna_contact_240510-642_01.wav,luna_4_elevator_240510_0642,aa,luna,Luna,contact,1,240510-642,2024-05-10,elevator,captive_facility,NA,F,NA,NA,1,single,data/aa/all_calls/single/luna_4_elevator_240510_0642.wav,Aviary 2,2014,family_1
aa_luna_contact_240510-642_02.wav,luna_6_elevator_240510_0642,aa,luna,Luna,contact,1,240510-642,2024-05-10,elevator,captive_facility,NA,F,NA,NA,1,single,data/aa/all_calls/single/luna_6_elevator_240510_0642.wav,Aviary 2,2014,family_1
aa_luna_contact_240513-704_01.wav,luna_7_elevator_240513_0704,aa,luna,Luna,contact,1,240513-704,2024-05-13,elevator,captive_facility,NA,F,NA,NA,1,single,data/aa/all_calls/single/luna_7_elevator_240513_0704.wav,Aviary 2,2014,family_1
aa_luna_contact_240515-716_01.wav,luna_8_elevator_240515_0716,aa,luna,Luna,contact,1,240515-716,2024-05-15,elevator,captive_facility,NA,F,NA,NA,1,single,data/aa/all_calls/single/luna_8_elevator_240515_0716.wav,Aviary 2,2014,family_1
aa_luna_contact_240516-740_01.wav,luna_9_elevator_240516_0740,aa,luna,Luna,contact,1,240516-740,2024-05-16,elevator,captive_facility,NA,F,NA,NA,1,single,data/aa/all_calls/single/luna_9_elevator_240516_0740.wav,Aviary 2,2014,family_1
aa_luna_contact_240517-757_01.wav,luna_10_elevator_240517_0757,aa,luna,Luna,contact,1,240517-757,2024-05-17,elevator,captive_facility,NA,F,NA,NA,1,single,data/aa/all_calls/single/luna_10_elevator_240517_0757.wav,Aviary 2,2014,family_1
aa_luna_contact_240517-759_01.wav,luna_11_elevator_240517_0759,aa,luna,Luna,contact,1,240517-759,2024-05-17,elevator,captive_facility,NA,F,NA,NA,1,single,data/aa/all_calls/single/luna_11_elevator_240517_0759.wav,Aviary 2,2014,family_1
aa_luna_contact_240520-812_01.wav,luna_12_elevator_240520_0812,aa,luna,Luna,contact,1,240520-812,2024-05-20,elevator,captive_facility,NA,F,NA,NA,1,single,data/aa/all_calls/single/luna_12_elevator_240520_0812.wav,Aviary 2,2014,family_1
aa_luna_contact_240520-812_02.wav,luna_13_elevator_240520_0812,aa,luna,Luna,contact,1,240520-812,2024-05-20,elevator,captive_facility,NA,F,NA,NA,1,single,data/aa/all_calls/single/luna_13_elevator_240520_0812.wav,Aviary 2,2014,family_1
aa_luna_contact_240521-818_01.wav,luna_14_elevator_240521_0818,aa,luna,Luna,contact,1,240521-818,2024-05-21,elevator,captive_facility,NA,F,NA,NA,1,single,data/aa/all_calls/single/luna_14_elevator_240521_0818.wav,Aviary 2,2014,family_1
aa_luna_contact_240521-818_02.wav,luna_15_elevator_240521_0818,aa,luna,Luna,contact,1,240521-818,2024-05-21,elevator,captive_facility,NA,F,NA,NA,1,single,data/aa/all_calls/single/luna_15_elevator_240521_0818.wav,Aviary 2,2014,family_1
aa_luna_contact_240521-827_01.wav,luna_16_elevator_240521_0827,aa,luna,Luna,contact,1,240521-827,2024-05-21,elevator,captive_facility,NA,F,NA,NA,1,single,data/aa/all_calls/single/luna_16_elevator_240521_0827.wav,Aviary 2,2014,family_1
aa_luna_contact_240521-827_02.wav,luna_17_elevator_240521_0827,aa,luna,Luna,contact,1,240521-827,2024-05-21,elevator,captive_facility,NA,F,NA,NA,1,single,data/aa/all_calls/single/luna_17_elevator_240521_0827.wav,Aviary 2,2014,family_1
aa_luna_contact_240524-885_01.wav,luna_18_elevator_240524_0885,aa,luna,Luna,contact,1,240524-885,2024-05-24,elevator,captive_facility,NA,F,NA,NA,1,single,data/aa/all_calls/single/luna_18_elevator_240524_0885.wav,Aviary 2,2014,family_1
aa_luna_contact_240524-885_02.wav,luna_19_elevator_240524_0885,aa,luna,Luna,contact,1,240524-885,2024-05-24,elevator,captive_facility,NA,F,NA,NA,1,single,data/aa/all_calls/single/luna_19_elevator_240524_0885.wav,Aviary 2,2014,family_1
aa_luna_contact_240524-885_03.wav,luna_20_elevator_240524_0885,aa,luna,Luna,contact,1,240524-885,2024-05-24,elevator,captive_facility,NA,F,NA,NA,1,single,data/aa/all_calls/single/luna_20_elevator_240524_0885.wav,Aviary 2,2014,family_1
aa_luna_contact_240526-898_01.wav,luna_21_elevator_240526_0898,aa,luna,Luna,contact,1,240526-898,2024-05-26,elevator,captive_facility,NA,F,NA,NA,1,single,data/aa/all_calls/single/luna_21_elevator_240526_0898.wav,Aviary 2,2014,family_1
aa_luna_contact_240528-913_01.wav,luna_22_elevator_240528_0913,aa,luna,Luna,contact,1,240528-913,2024-05-28,elevator,captive_facility,NA,F,NA,NA,1,single,data/aa/all_calls/single/luna_22_elevator_240528_0913.wav,Aviary 2,2014,family_1
aa_luna_contact_240529-924_01.wav,luna_23_elevator_240529_0924,aa,luna,Luna,contact,1,240529-924,2024-05-29,elevator,captive_facility,NA,F,NA,NA,1,single,data/aa/all_calls/single/luna_23_elevator_240529_0924.wav,Aviary 2,2014,family_1
aa_luna_contact_240530-0938_01.wav,luna_56_elevator_240530_0938,aa,luna,Luna,contact,1,240530-0938,2024-05-30,NA,captive_facility,NA,F,NA,NA,1,single,data/aa/all_calls/single/luna_56_elevator_240530_0938.wav,Aviary 2,2014,family_1
aa_luna_contact_240530-0938_02.wav,luna_57_elevator_240530_0938,aa,luna,Luna,contact,1,240530-0938,2024-05-30,NA,captive_facility,NA,F,NA,NA,1,single,data/aa/all_calls/single/luna_57_elevator_240530_0938.wav,Aviary 2,2014,family_1
aa_luna_contact_240530-935_01.wav,luna_24_elevator_240530_0935,aa,luna,Luna,contact,1,240530-935,2024-05-30,elevator,captive_facility,NA,F,NA,NA,1,single,data/aa/all_calls/single/luna_24_elevator_240530_0935.wav,Aviary 2,2014,family_1
aa_luna_contact_240530-938_01.wav,luna_25_elevator_240530_0938,aa,luna,Luna,contact,1,240530-938,2024-05-30,elevator,captive_facility,NA,F,NA,NA,1,single,data/aa/all_calls/single/luna_25_elevator_240530_0938.wav,Aviary 2,2014,family_1
aa_luna_contact_240531-946_01.wav,luna_26_elevator_240531_0946,aa,luna,Luna,contact,1,240531-946,2024-05-31,elevator,captive_facility,NA,F,NA,NA,1,single,data/aa/all_calls/single/luna_26_elevator_240531_0946.wav,Aviary 2,2014,family_1
aa_luna_contact_240531-946_02.wav,luna_27_elevator_240531_0946,aa,luna,Luna,contact,1,240531-946,2024-05-31,elevator,captive_facility,NA,F,NA,NA,1,single,data/aa/all_calls/single/luna_27_elevator_240531_0946.wav,Aviary 2,2014,family_1
aa_luna_contact_240531-949_01.wav,luna_28_elevator_240531_0949,aa,luna,Luna,contact,1,240531-949,2024-05-31,elevator,captive_facility,NA,F,NA,NA,1,single,data/aa/all_calls/single/luna_28_elevator_240531_0949.wav,Aviary 2,2014,family_1
aa_luna_contact_240531-949_02.wav,luna_29_elevator_240531_0949,aa,luna,Luna,contact,1,240531-949,2024-05-31,elevator,captive_facility,NA,F,NA,NA,1,single,data/aa/all_calls/single/luna_29_elevator_240531_0949.wav,Aviary 2,2014,family_1
aa_luna_contact_240531-949_03.wav,luna_30_elevator_240531_0949,aa,luna,Luna,contact,1,240531-949,2024-05-31,elevator,captive_facility,NA,F,NA,NA,1,single,data/aa/all_calls/single/luna_30_elevator_240531_0949.wav,Aviary 2,2014,family_1
aa_luna_contact_240601-953_01.wav,luna_31_elevator_240601_0953,aa,luna,Luna,contact,1,240601-953,2024-06-01,elevator,captive_facility,NA,F,NA,NA,1,single,data/aa/all_calls/single/luna_31_elevator_240601_0953.wav,Aviary 2,2014,family_1
aa_luna_contact_240602-0965_01.wav,luna_58_elevator_240602_0965,aa,luna,Luna,contact,1,240602-0965,2024-06-02,NA,captive_facility,NA,F,NA,NA,1,single,data/aa/all_calls/single/luna_58_elevator_240602_0965.wav,Aviary 2,2014,family_1
aa_luna_contact_240602-0965_02.wav,luna_59_elevator_240602_0965,aa,luna,Luna,contact,1,240602-0965,2024-06-02,NA,captive_facility,NA,F,NA,NA,1,single,data/aa/all_calls/single/luna_59_elevator_240602_0965.wav,Aviary 2,2014,family_1
aa_luna_contact_240602-964_01.wav,luna_32_elevator_240602_0964,aa,luna,Luna,contact,1,240602-964,2024-06-02,elevator,captive_facility,NA,F,NA,NA,1,single,data/aa/all_calls/single/luna_32_elevator_240602_0964.wav,Aviary 2,2014,family_1
aa_luna_contact_240602-965_01.wav,luna_33_elevator_240602_0965,aa,luna,Luna,contact,1,240602-965,2024-06-02,elevator,captive_facility,NA,F,NA,NA,1,single,data/aa/all_calls/single/luna_33_elevator_240602_0965.wav,Aviary 2,2014,family_1
aa_luna_contact_240602-965_02.wav,luna_34_elevator_240602_0965,aa,luna,Luna,contact,1,240602-965,2024-06-02,elevator,captive_facility,NA,F,NA,NA,1,single,data/aa/all_calls/single/luna_34_elevator_240602_0965.wav,Aviary 2,2014,family_1
aa_luna_contact_240603-978_01.wav,luna_35_elevator_240603_0978,aa,luna,Luna,contact,1,240603-978,2024-06-03,elevator,captive_facility,NA,F,NA,NA,1,single,data/aa/all_calls/single/luna_35_elevator_240603_0978.wav,Aviary 2,2014,family_1
aa_luna_contact_240603-982_01.wav,luna_36_elevator_240603_0982,aa,luna,Luna,contact,1,240603-982,2024-06-03,elevator,captive_facility,NA,F,NA,NA,1,single,data/aa/all_calls/single/luna_36_elevator_240603_0982.wav,Aviary 2,2014,family_1
aa_luna_contact_240607-1004_01.wav,luna_37_elevator_240607_1004,aa,luna,Luna,contact,1,240607-1004,2024-06-07,elevator,captive_facility,NA,F,NA,NA,1,single,data/aa/all_calls/single/luna_37_elevator_240607_1004.wav,Aviary 2,2014,family_1
aa_luna_contact_240607-1004_02.wav,luna_38_elevator_240607_1004,aa,luna,Luna,contact,1,240607-1004,2024-06-07,elevator,captive_facility,NA,F,NA,NA,1,single,data/aa/all_calls/single/luna_38_elevator_240607_1004.wav,Aviary 2,2014,family_1
aa_luna_contact_240607-1004_03.wav,luna_39_elevator_240607_1004,aa,luna,Luna,contact,1,240607-1004,2024-06-07,elevator,captive_facility,NA,F,NA,NA,1,single,data/aa/all_calls/single/luna_39_elevator_240607_1004.wav,Aviary 2,2014,family_1
aa_luna_contact_240607-1004_04.wav,luna_40_elevator_240607_1004,aa,luna,Luna,contact,1,240607-1004,2024-06-07,elevator,captive_facility,NA,F,NA,NA,1,single,data/aa/all_calls/single/luna_40_elevator_240607_1004.wav,Aviary 2,2014,family_1
aa_luna_contact_240607-1004_05.wav,luna_41_elevator_240607_1004,aa,luna,Luna,contact,1,240607-1004,2024-06-07,elevator,captive_facility,NA,F,NA,NA,1,single,data/aa/all_calls/single/luna_41_elevator_240607_1004.wav,Aviary 2,2014,family_1
aa_luna_contact_240607-1004_06.wav,luna_42_elevator_240607_1004,aa,luna,Luna,contact,1,240607-1004,2024-06-07,elevator,captive_facility,NA,F,NA,NA,1,single,data/aa/all_calls/single/luna_42_elevator_240607_1004.wav,Aviary 2,2014,family_1
aa_luna_contact_240607-1004_07.wav,luna_43_elevator_240607_1004,aa,luna,Luna,contact,1,240607-1004,2024-06-07,elevator,captive_facility,NA,F,NA,NA,1,single,data/aa/all_calls/single/luna_43_elevator_240607_1004.wav,Aviary 2,2014,family_1
aa_luna_contact_240607-1004_08.wav,luna_44_elevator_240607_1004,aa,luna,Luna,contact,1,240607-1004,2024-06-07,elevator,captive_facility,NA,F,NA,NA,1,single,data/aa/all_calls/single/luna_44_elevator_240607_1004.wav,Aviary 2,2014,family_1
aa_luna_contact_240607-1004_09.wav,luna_45_elevator_240607_1004,aa,luna,Luna,contact,1,240607-1004,2024-06-07,elevator,captive_facility,NA,F,NA,NA,1,single,data/aa/all_calls/single/luna_45_elevator_240607_1004.wav,Aviary 2,2014,family_1
aa_luna_contact_240607-1004_10.wav,luna_46_elevator_240607_1004,aa,luna,Luna,contact,1,240607-1004,2024-06-07,elevator,captive_facility,NA,F,NA,NA,1,single,data/aa/all_calls/single/luna_46_elevator_240607_1004.wav,Aviary 2,2014,family_1
aa_luna_contact_240607-1005_01.wav,luna_47_elevator_240607_1005,aa,luna,Luna,contact,1,240607-1005,2024-06-07,elevator,captive_facility,NA,F,NA,NA,1,single,data/aa/all_calls/single/luna_47_elevator_240607_1005.wav,Aviary 2,2014,family_1
aa_luna_contact_240608-1013_01.wav,luna_48_elevator_240608_1013,aa,luna,Luna,contact,1,240608-1013,2024-06-08,elevator,captive_facility,NA,F,NA,NA,1,single,data/aa/all_calls/single/luna_48_elevator_240608_1013.wav,Aviary 2,2014,family_1
aa_luna_contact_240608-1013_02.wav,luna_49_elevator_240608_1013,aa,luna,Luna,contact,1,240608-1013,2024-06-08,elevator,captive_facility,NA,F,NA,NA,1,single,data/aa/all_calls/single/luna_49_elevator_240608_1013.wav,Aviary 2,2014,family_1
aa_luna_contact_240608-1013_03.wav,luna_50_elevator_240608_1013,aa,luna,Luna,contact,1,240608-1013,2024-06-08,elevator,captive_facility,NA,F,NA,NA,1,single,data/aa/all_calls/single/luna_50_elevator_240608_1013.wav,Aviary 2,2014,family_1
aa_luna_contact_240621-1127_01.wav,luna_51_elevator_240621_1127,aa,luna,Luna,contact,1,240621-1127,2024-06-21,NA,captive_facility,NA,F,NA,NA,1,single,data/aa/all_calls/single/luna_51_elevator_240621_1127.wav,Aviary 2,2014,family_1
aa_luna_contact_240621-1127_02.wav,luna_52_elevator_240621_1127,aa,luna,Luna,contact,1,240621-1127,2024-06-21,NA,captive_facility,NA,F,NA,NA,1,single,data/aa/all_calls/single/luna_52_elevator_240621_1127.wav,Aviary 2,2014,family_1
aa_luna_contact_240621-1127_03.wav,luna_53_elevator_240621_1127,aa,luna,Luna,contact,1,240621-1127,2024-06-21,NA,captive_facility,NA,F,NA,NA,1,single,data/aa/all_calls/single/luna_53_elevator_240621_1127.wav,Aviary 2,2014,family_1
aa_luna_contact_240621-1128_01.wav,luna_54_elevator_240621_1128,aa,luna,Luna,contact,1,240621-1128,2024-06-21,NA,captive_facility,NA,F,NA,NA,1,single,data/aa/all_calls/single/luna_54_elevator_240621_1128.wav,Aviary 2,2014,family_1
aa_luna_contact_240621-1128_02.wav,luna_55_elevator_240621_1128,aa,luna,Luna,contact,1,240621-1128,2024-06-21,NA,captive_facility,NA,F,NA,NA,1,single,data/aa/all_calls/single/luna_55_elevator_240621_1128.wav,Aviary 2,2014,family_1
aa_luna_contactseq_240429-595_01.wav,luna_double_1_240429_0595,aa,luna,Luna,contactseq,2,240429-595,2024-04-29,,captive_facility,NA,F,NA,NA,1,repeated,data/aa/all_calls/repeated/luna_double_1_240429_0595.wav,Aviary 2,2014,family_1
aa_luna_contactseq_240429-597_01.wav,luna_double_2_240429_0597,aa,luna,Luna,contactseq,2,240429-597,2024-04-29,,captive_facility,NA,F,NA,NA,1,repeated,data/aa/all_calls/repeated/luna_double_2_240429_0597.wav,Aviary 2,2014,family_1
aa_luna_contactseq_240430-616_01.wav,luna_double_3_240430_0616,aa,luna,Luna,contactseq,2,240430-616,2024-04-30,,captive_facility,NA,F,NA,NA,1,repeated,data/aa/all_calls/repeated/luna_double_3_240430_0616.wav,Aviary 2,2014,family_1
aa_luna_contactseq_240430-616_02.wav,luna_triple_1_240430_0616,aa,luna,Luna,contactseq,3,240430-616,2024-04-30,,captive_facility,NA,F,NA,NA,1,repeated,data/aa/all_calls/repeated/luna_triple_1_240430_0616.wav,Aviary 2,2014,family_1
aa_luna_contactseq_240509-638_01.wav,luna_triple_2_240509_0638,aa,luna,Luna,contactseq,3,240509-638,2024-05-09,,captive_facility,NA,F,NA,NA,1,repeated,data/aa/all_calls/repeated/luna_triple_2_240509_0638.wav,Aviary 2,2014,family_1
aa_luna_contactseq_240509-638_02.wav,luna_triple_3_240509_0638,aa,luna,Luna,contactseq,3,240509-638,2024-05-09,,captive_facility,NA,F,NA,NA,1,repeated,data/aa/all_calls/repeated/luna_triple_3_240509_0638.wav,Aviary 2,2014,family_1
aa_luna_contactseq_240510-642_01.wav,luna_double_4_240510_0642,aa,luna,Luna,contactseq,2,240510-642,2024-05-10,,captive_facility,NA,F,NA,NA,1,repeated,data/aa/all_calls/repeated/luna_double_4_240510_0642.wav,Aviary 2,2014,family_1
aa_luna_contactseq_240510-642_02.wav,luna_double_5_240510_0642,aa,luna,Luna,contactseq,2,240510-642,2024-05-10,,captive_facility,NA,F,NA,NA,1,repeated,data/aa/all_calls/repeated/luna_double_5_240510_0642.wav,Aviary 2,2014,family_1
aa_luna_contactseq_240510-642_03.wav,luna_double_7_240510_0642,aa,luna,Luna,contactseq,2,240510-642,2024-05-10,,captive_facility,NA,F,NA,NA,1,repeated,data/aa/all_calls/repeated/luna_double_7_240510_0642.wav,Aviary 2,2014,family_1
aa_luna_contactseq_240510-642_04.wav,luna_double_8_240510_0642,aa,luna,Luna,contactseq,2,240510-642,2024-05-10,,captive_facility,NA,F,NA,NA,1,repeated,data/aa/all_calls/repeated/luna_double_8_240510_0642.wav,Aviary 2,2014,family_1
aa_luna_contactseq_240510-644_01.wav,luna_double_6_240510_0644,aa,luna,Luna,contactseq,2,240510-644,2024-05-10,,captive_facility,NA,F,NA,NA,1,repeated,data/aa/all_calls/repeated/luna_double_6_240510_0644.wav,Aviary 2,2014,family_1
aa_luna_contactseq_240510-644_02.wav,luna_double_9_240510_0644,aa,luna,Luna,contactseq,2,240510-644,2024-05-10,,captive_facility,NA,F,NA,NA,1,repeated,data/aa/all_calls/repeated/luna_double_9_240510_0644.wav,Aviary 2,2014,family_1
aa_luna_contactseq_240511-665_01.wav,luna_double_10_240511_0665,aa,luna,Luna,contactseq,2,240511-665,2024-05-11,,captive_facility,NA,F,NA,NA,1,repeated,data/aa/all_calls/repeated/luna_double_10_240511_0665.wav,Aviary 2,2014,family_1
aa_luna_contactseq_240511-665_02.wav,luna_double_11_240511_0665,aa,luna,Luna,contactseq,2,240511-665,2024-05-11,,captive_facility,NA,F,NA,NA,1,repeated,data/aa/all_calls/repeated/luna_double_11_240511_0665.wav,Aviary 2,2014,family_1
aa_luna_contactseq_240512-687_01.wav,luna_double_12_240512_0687,aa,luna,Luna,contactseq,2,240512-687,2024-05-12,,captive_facility,NA,F,NA,NA,1,repeated,data/aa/all_calls/repeated/luna_double_12_240512_0687.wav,Aviary 2,2014,family_1
aa_luna_contactseq_240515-716_01.wav,luna_double_13_240515_0716,aa,luna,Luna,contactseq,2,240515-716,2024-05-15,,captive_facility,NA,F,NA,NA,1,repeated,data/aa/all_calls/repeated/luna_double_13_240515_0716.wav,Aviary 2,2014,family_1
aa_luna_contactseq_240515-716_02.wav,luna_triple_4_240515_0716,aa,luna,Luna,contactseq,3,240515-716,2024-05-15,,captive_facility,NA,F,NA,NA,1,repeated,data/aa/all_calls/repeated/luna_triple_4_240515_0716.wav,Aviary 2,2014,family_1
aa_luna_contactseq_240516-738_01.wav,luna_double_14_240516_0738,aa,luna,Luna,contactseq,2,240516-738,2024-05-16,,captive_facility,NA,F,NA,NA,1,repeated,data/aa/all_calls/repeated/luna_double_14_240516_0738.wav,Aviary 2,2014,family_1
aa_luna_contactseq_240516-752_01.wav,luna_double_15_240516_0752,aa,luna,Luna,contactseq,2,240516-752,2024-05-16,,captive_facility,NA,F,NA,NA,1,repeated,data/aa/all_calls/repeated/luna_double_15_240516_0752.wav,Aviary 2,2014,family_1
aa_luna_contactseq_240517-757_01.wav,luna_triple_5_240517_0757,aa,luna,Luna,contactseq,3,240517-757,2024-05-17,,captive_facility,NA,F,NA,NA,1,repeated,data/aa/all_calls/repeated/luna_triple_5_240517_0757.wav,Aviary 2,2014,family_1
aa_luna_contactseq_240518-786_01.wav,luna_double_7_240518_0786,aa,luna,Luna,contactseq,2,240518-786,2024-05-18,,captive_facility,NA,F,NA,NA,1,repeated,data/aa/all_calls/repeated/luna_double_7_240518_0786.wav,Aviary 2,2014,family_1
aa_luna_contactseq_240518-786_02.wav,luna_triple_6_240518_0786,aa,luna,Luna,contactseq,3,240518-786,2024-05-18,,captive_facility,NA,F,NA,NA,1,repeated,data/aa/all_calls/repeated/luna_triple_6_240518_0786.wav,Aviary 2,2014,family_1
aa_luna_contactseq_240519-795_01.wav,luna_double_16_240519_0795,aa,luna,Luna,contactseq,2,240519-795,2024-05-19,,captive_facility,NA,F,NA,NA,1,repeated,data/aa/all_calls/repeated/luna_double_16_240519_0795.wav,Aviary 2,2014,family_1
aa_luna_contactseq_240520-812_01.wav,luna_double_17_240520_0812,aa,luna,Luna,contactseq,2,240520-812,2024-05-20,,captive_facility,NA,F,NA,NA,1,repeated,data/aa/all_calls/repeated/luna_double_17_240520_0812.wav,Aviary 2,2014,family_1
aa_luna_contactseq_240521-827_01.wav,luna_triple_7_240521_0827,aa,luna,Luna,contactseq,3,240521-827,2024-05-21,,captive_facility,NA,F,NA,NA,1,repeated,data/aa/all_calls/repeated/luna_triple_7_240521_0827.wav,Aviary 2,2014,family_1
aa_luna_contactseq_240524-885_01.wav,luna_double_21_240524_0885,aa,luna,Luna,contactseq,2,240524-885,2024-05-24,,captive_facility,NA,F,NA,NA,1,repeated,data/aa/all_calls/repeated/luna_double_21_240524_0885.wav,Aviary 2,2014,family_1
aa_luna_contactseq_240526-898_01.wav,luna_double_22_240526_0898,aa,luna,Luna,contactseq,2,240526-898,2024-05-26,,captive_facility,NA,F,NA,NA,1,repeated,data/aa/all_calls/repeated/luna_double_22_240526_0898.wav,Aviary 2,2014,family_1
aa_luna_contactseq_240526-898_02.wav,luna_double_23_240526_0898,aa,luna,Luna,contactseq,2,240526-898,2024-05-26,,captive_facility,NA,F,NA,NA,1,repeated,data/aa/all_calls/repeated/luna_double_23_240526_0898.wav,Aviary 2,2014,family_1
aa_luna_contactseq_240529-924_01.wav,luna_double_25_240529_0924,aa,luna,Luna,contactseq,2,240529-924,2024-05-29,,captive_facility,NA,F,NA,NA,1,repeated,data/aa/all_calls/repeated/luna_double_25_240529_0924.wav,Aviary 2,2014,family_1
aa_luna_contactseq_240530-938_01.wav,luna_double_35_240530_0938,aa,luna,Luna,contactseq,2,240530-938,2024-05-30,,captive_facility,NA,F,NA,NA,1,repeated,data/aa/all_calls/repeated/luna_double_35_240530_0938.wav,Aviary 2,2014,family_1
aa_luna_contactseq_240531-949_01.wav,luna_double_26_240531_0949,aa,luna,Luna,contactseq,2,240531-949,2024-05-31,,captive_facility,NA,F,NA,NA,1,repeated,data/aa/all_calls/repeated/luna_double_26_240531_0949.wav,Aviary 2,2014,family_1
aa_luna_contactseq_240531-949_02.wav,luna_double_27_240531_0949,aa,luna,Luna,contactseq,2,240531-949,2024-05-31,,captive_facility,NA,F,NA,NA,1,repeated,data/aa/all_calls/repeated/luna_double_27_240531_0949.wav,Aviary 2,2014,family_1
aa_luna_contactseq_240531-949_03.wav,luna_double_28_240531_0949,aa,luna,Luna,contactseq,2,240531-949,2024-05-31,,captive_facility,NA,F,NA,NA,1,repeated,data/aa/all_calls/repeated/luna_double_28_240531_0949.wav,Aviary 2,2014,family_1
aa_luna_contactseq_240531-949_04.wav,luna_double_34_240531_0949,aa,luna,Luna,contactseq,2,240531-949,2024-05-31,,captive_facility,NA,F,NA,NA,1,repeated,data/aa/all_calls/repeated/luna_double_34_240531_0949.wav,Aviary 2,2014,family_1
aa_luna_contactseq_240601-953_01.wav,luna_double_29_240601_0953,aa,luna,Luna,contactseq,2,240601-953,2024-06-01,,captive_facility,NA,F,NA,NA,1,repeated,data/aa/all_calls/repeated/luna_double_29_240601_0953.wav,Aviary 2,2014,family_1
aa_luna_contactseq_240601-956_01.wav,luna_double_30_240601_0956,aa,luna,Luna,contactseq,2,240601-956,2024-06-01,,captive_facility,NA,F,NA,NA,1,repeated,data/aa/all_calls/repeated/luna_double_30_240601_0956.wav,Aviary 2,2014,family_1
aa_luna_contactseq_240601-956_02.wav,luna_triple_8_240601_0956,aa,luna,Luna,contactseq,3,240601-956,2024-06-01,,captive_facility,NA,F,NA,NA,1,repeated,data/aa/all_calls/repeated/luna_triple_8_240601_0956.wav,Aviary 2,2014,family_1
aa_luna_contactseq_240601-956_03.wav,luna_triple_9_240601_0956,aa,luna,Luna,contactseq,3,240601-956,2024-06-01,,captive_facility,NA,F,NA,NA,1,repeated,data/aa/all_calls/repeated/luna_triple_9_240601_0956.wav,Aviary 2,2014,family_1
aa_luna_contactseq_240602-964_01.wav,luna_double_31_240602_0964,aa,luna,Luna,contactseq,2,240602-964,2024-06-02,,captive_facility,NA,F,NA,NA,1,repeated,data/aa/all_calls/repeated/luna_double_31_240602_0964.wav,Aviary 2,2014,family_1
aa_luna_contactseq_240602-964_02.wav,luna_double_32_240602_0964,aa,luna,Luna,contactseq,2,240602-964,2024-06-02,,captive_facility,NA,F,NA,NA,1,repeated,data/aa/all_calls/repeated/luna_double_32_240602_0964.wav,Aviary 2,2014,family_1
aa_luna_contactseq_240602-964_03.wav,luna_double_33_240602_0964,aa,luna,Luna,contactseq,2,240602-964,2024-06-02,,captive_facility,NA,F,NA,NA,1,repeated,data/aa/all_calls/repeated/luna_double_33_240602_0964.wav,Aviary 2,2014,family_1
aa_luna_contactseq_240602-965_01.wav,luna_double_33_240602_0965,aa,luna,Luna,contactseq,2,240602-965,2024-06-02,,captive_facility,NA,F,NA,NA,1,repeated,data/aa/all_calls/repeated/luna_double_33_240602_0965.wav,Aviary 2,2014,family_1
aa_luna_contactseq_240607-1004_01.wav,luna_quadruple_1_240607_1004,aa,luna,Luna,contactseq,4,240607-1004,2024-06-07,,captive_facility,NA,F,NA,NA,1,repeated,data/aa/all_calls/repeated/luna_quadruple_1_240607_1004.wav,Aviary 2,2014,family_1
aa_luna_contactseq_240607-1005_01.wav,luna_triple_10_240607_1005,aa,luna,Luna,contactseq,3,240607-1005,2024-06-07,,captive_facility,NA,F,NA,NA,1,repeated,data/aa/all_calls/repeated/luna_triple_10_240607_1005.wav,Aviary 2,2014,family_1
aa_madame_contact_240421-532_01.wav,madame_1_elevator_240421_0532,aa,madame,Madame,contact,1,240421-532,2024-04-21,elevator,captive_facility,NA,F,NA,NA,1,single,data/aa/all_calls/single/madame_1_elevator_240421_0532.wav,Aviary 3,2014,family_2
aa_madame_contact_240421-532_02.wav,madame_2_elevator_240421_0532,aa,madame,Madame,contact,1,240421-532,2024-04-21,elevator,captive_facility,NA,F,NA,NA,1,single,data/aa/all_calls/single/madame_2_elevator_240421_0532.wav,Aviary 3,2014,family_2
aa_madame_contact_240422-546_01.wav,madame_3_elevator_240422_0546,aa,madame,Madame,contact,1,240422-546,2024-04-22,elevator,captive_facility,NA,F,NA,NA,1,single,data/aa/all_calls/single/madame_3_elevator_240422_0546.wav,Aviary 3,2014,family_2
aa_madame_contact_240422-546_02.wav,madame_4_elevator_240422_0546,aa,madame,Madame,contact,1,240422-546,2024-04-22,elevator,captive_facility,NA,F,NA,NA,1,single,data/aa/all_calls/single/madame_4_elevator_240422_0546.wav,Aviary 3,2014,family_2
aa_madame_contact_240422-546_03.wav,madame_5_elevator_240422_0546,aa,madame,Madame,contact,1,240422-546,2024-04-22,elevator,captive_facility,NA,F,NA,NA,1,single,data/aa/all_calls/single/madame_5_elevator_240422_0546.wav,Aviary 3,2014,family_2
aa_madame_contact_240424-557_01.wav,madame_6_elevator_240424_0557,aa,madame,Madame,contact,1,240424-557,2024-04-24,elevator,captive_facility,NA,F,NA,NA,1,single,data/aa/all_calls/single/madame_6_elevator_240424_0557.wav,Aviary 3,2014,family_2
aa_madame_contact_240425-564_01.wav,madame_7_elevator_240425_0564,aa,madame,Madame,contact,1,240425-564,2024-04-25,elevator,captive_facility,NA,F,NA,NA,1,single,data/aa/all_calls/single/madame_7_elevator_240425_0564.wav,Aviary 3,2014,family_2
aa_madame_contact_240425-564_02.wav,madame_8_elevator_240425_0564,aa,madame,Madame,contact,1,240425-564,2024-04-25,elevator,captive_facility,NA,F,NA,NA,1,single,data/aa/all_calls/single/madame_8_elevator_240425_0564.wav,Aviary 3,2014,family_2
aa_madame_contact_240429-606_01.wav,madame_9_elevator_240429_0606,aa,madame,Madame,contact,1,240429-606,2024-04-29,elevator,captive_facility,NA,F,NA,NA,1,single,data/aa/all_calls/single/madame_9_elevator_240429_0606.wav,Aviary 3,2014,family_2
aa_madame_contact_240430-614_01.wav,madame_10_elevator_240430_0614,aa,madame,Madame,contact,1,240430-614,2024-04-30,elevator,captive_facility,NA,F,NA,NA,1,single,data/aa/all_calls/single/madame_10_elevator_240430_0614.wav,Aviary 3,2014,family_2
aa_madame_contact_240430-614_02.wav,madame_11_elevator_240430_0614,aa,madame,Madame,contact,1,240430-614,2024-04-30,elevator,captive_facility,NA,F,NA,NA,1,single,data/aa/all_calls/single/madame_11_elevator_240430_0614.wav,Aviary 3,2014,family_2
aa_madame_contact_240510-645_01.wav,madame_12_elevator_240510_0645,aa,madame,Madame,contact,1,240510-645,2024-05-10,elevator,captive_facility,NA,F,NA,NA,1,single,data/aa/all_calls/single/madame_12_elevator_240510_0645.wav,Aviary 3,2014,family_2
aa_madame_contact_240510-645_02.wav,madame_13_elevator_240510_0645,aa,madame,Madame,contact,1,240510-645,2024-05-10,elevator,captive_facility,NA,F,NA,NA,1,single,data/aa/all_calls/single/madame_13_elevator_240510_0645.wav,Aviary 3,2014,family_2
aa_madame_contact_240511-683_01.wav,madame_14_elevator_240511_0683,aa,madame,Madame,contact,1,240511-683,2024-05-11,elevator,captive_facility,NA,F,NA,NA,1,single,data/aa/all_calls/single/madame_14_elevator_240511_0683.wav,Aviary 3,2014,family_2
aa_madame_contact_240511-683_02.wav,madame_15_elevator_240511_0683,aa,madame,Madame,contact,1,240511-683,2024-05-11,elevator,captive_facility,NA,F,NA,NA,1,single,data/aa/all_calls/single/madame_15_elevator_240511_0683.wav,Aviary 3,2014,family_2
aa_madame_contact_240511-683_03.wav,madame_16_elevator_240511_0683,aa,madame,Madame,contact,1,240511-683,2024-05-11,elevator,captive_facility,NA,F,NA,NA,1,single,data/aa/all_calls/single/madame_16_elevator_240511_0683.wav,Aviary 3,2014,family_2
aa_madame_contact_240511-683_04.wav,madame_17_elevator_240511_0683,aa,madame,Madame,contact,1,240511-683,2024-05-11,elevator,captive_facility,NA,F,NA,NA,1,single,data/aa/all_calls/single/madame_17_elevator_240511_0683.wav,Aviary 3,2014,family_2
aa_madame_contact_240511-683_05.wav,madame_18_elevator_240511_0683,aa,madame,Madame,contact,1,240511-683,2024-05-11,elevator,captive_facility,NA,F,NA,NA,1,single,data/aa/all_calls/single/madame_18_elevator_240511_0683.wav,Aviary 3,2014,family_2
aa_madame_contact_240512-695_01.wav,madame_19_elevator_240512_0695,aa,madame,Madame,contact,1,240512-695,2024-05-12,elevator,captive_facility,NA,F,NA,NA,1,single,data/aa/all_calls/single/madame_19_elevator_240512_0695.wav,Aviary 3,2014,family_2
aa_madame_contact_240512-695_02.wav,madame_20_elevator_240512_0695,aa,madame,Madame,contact,1,240512-695,2024-05-12,elevator,captive_facility,NA,F,NA,NA,1,single,data/aa/all_calls/single/madame_20_elevator_240512_0695.wav,Aviary 3,2014,family_2
aa_madame_contact_240512-695_03.wav,madame_21_elevator_240512_0695,aa,madame,Madame,contact,1,240512-695,2024-05-12,elevator,captive_facility,NA,F,NA,NA,1,single,data/aa/all_calls/single/madame_21_elevator_240512_0695.wav,Aviary 3,2014,family_2
aa_madame_contact_240512-695_04.wav,madame_22_elevator_240512_0695,aa,madame,Madame,contact,1,240512-695,2024-05-12,elevator,captive_facility,NA,F,NA,NA,1,single,data/aa/all_calls/single/madame_22_elevator_240512_0695.wav,Aviary 3,2014,family_2
aa_madame_contact_240513-702_01.wav,madame_23_elevator_240513_0702,aa,madame,Madame,contact,1,240513-702,2024-05-13,elevator,captive_facility,NA,F,NA,NA,1,single,data/aa/all_calls/single/madame_23_elevator_240513_0702.wav,Aviary 3,2014,family_2
aa_madame_contact_240513-702_02.wav,madame_24_elevator_240513_0702,aa,madame,Madame,contact,1,240513-702,2024-05-13,elevator,captive_facility,NA,F,NA,NA,1,single,data/aa/all_calls/single/madame_24_elevator_240513_0702.wav,Aviary 3,2014,family_2
aa_madame_contact_240515-719_01.wav,madame_25_elevator_240515_0719,aa,madame,Madame,contact,1,240515-719,2024-05-15,elevator,captive_facility,NA,F,NA,NA,1,single,data/aa/all_calls/single/madame_25_elevator_240515_0719.wav,Aviary 3,2014,family_2
aa_madame_contact_240515-719_02.wav,madame_26_elevator_240515_0719,aa,madame,Madame,contact,1,240515-719,2024-05-15,elevator,captive_facility,NA,F,NA,NA,1,single,data/aa/all_calls/single/madame_26_elevator_240515_0719.wav,Aviary 3,2014,family_2
aa_madame_contact_240515-721_01.wav,madame_27_elevator_240515_0721,aa,madame,Madame,contact,1,240515-721,2024-05-15,elevator,captive_facility,NA,F,NA,NA,1,single,data/aa/all_calls/single/madame_27_elevator_240515_0721.wav,Aviary 3,2014,family_2
aa_madame_contact_240517-760_01.wav,madame_28_elevator_240517_0760,aa,madame,Madame,contact,1,240517-760,2024-05-17,elevator,captive_facility,NA,F,NA,NA,1,single,data/aa/all_calls/single/madame_28_elevator_240517_0760.wav,Aviary 3,2014,family_2
aa_madame_contact_240517-760_02.wav,madame_29_elevator_240517_0760,aa,madame,Madame,contact,1,240517-760,2024-05-17,elevator,captive_facility,NA,F,NA,NA,1,single,data/aa/all_calls/single/madame_29_elevator_240517_0760.wav,Aviary 3,2014,family_2
aa_madame_contact_240517-762_01.wav,madame_30_elevator_240517_0762,aa,madame,Madame,contact,1,240517-762,2024-05-17,elevator,captive_facility,NA,F,NA,NA,1,single,data/aa/all_calls/single/madame_30_elevator_240517_0762.wav,Aviary 3,2014,family_2
aa_madame_contact_240521-839_01.wav,madame_31_elevator_240521_0839,aa,madame,Madame,contact,1,240521-839,2024-05-21,elevator,captive_facility,NA,F,NA,NA,1,single,data/aa/all_calls/single/madame_31_elevator_240521_0839.wav,Aviary 3,2014,family_2
aa_madame_contact_240521-839_02.wav,madame_32_elevator_240521_0839,aa,madame,Madame,contact,1,240521-839,2024-05-21,elevator,captive_facility,NA,F,NA,NA,1,single,data/aa/all_calls/single/madame_32_elevator_240521_0839.wav,Aviary 3,2014,family_2
aa_madame_contact_240521-841_01.wav,madame_33_elevator_240521_0841,aa,madame,Madame,contact,1,240521-841,2024-05-21,elevator,captive_facility,NA,F,NA,NA,1,single,data/aa/all_calls/single/madame_33_elevator_240521_0841.wav,Aviary 3,2014,family_2
aa_madame_contact_240607-1000_01.wav,madame_40_elevator_240607_1000,aa,madame,Madame,contact,1,240607-1000,2024-06-07,elevator,captive_facility,NA,F,NA,NA,1,single,data/aa/all_calls/single/madame_40_elevator_240607_1000.wav,Aviary 3,2014,family_2
aa_madame_contact_240607-999_01.wav,madame_34_elevator_240607_0999,aa,madame,Madame,contact,1,240607-999,2024-06-07,elevator,captive_facility,NA,F,NA,NA,1,single,data/aa/all_calls/single/madame_34_elevator_240607_0999.wav,Aviary 3,2014,family_2
aa_madame_contact_240607-999_02.wav,madame_35_elevator_240607_0999,aa,madame,Madame,contact,1,240607-999,2024-06-07,elevator,captive_facility,NA,F,NA,NA,1,single,data/aa/all_calls/single/madame_35_elevator_240607_0999.wav,Aviary 3,2014,family_2
aa_madame_contact_240607-999_03.wav,madame_36_elevator_240607_0999,aa,madame,Madame,contact,1,240607-999,2024-06-07,elevator,captive_facility,NA,F,NA,NA,1,single,data/aa/all_calls/single/madame_36_elevator_240607_0999.wav,Aviary 3,2014,family_2
aa_madame_contact_240607-999_04.wav,madame_37_elevator_240607_0999,aa,madame,Madame,contact,1,240607-999,2024-06-07,elevator,captive_facility,NA,F,NA,NA,1,single,data/aa/all_calls/single/madame_37_elevator_240607_0999.wav,Aviary 3,2014,family_2
aa_madame_contact_240607-999_05.wav,madame_38_elevator_240607_0999,aa,madame,Madame,contact,1,240607-999,2024-06-07,elevator,captive_facility,NA,F,NA,NA,1,single,data/aa/all_calls/single/madame_38_elevator_240607_0999.wav,Aviary 3,2014,family_2
aa_madame_contact_240607-999_06.wav,madame_39_elevator_240607_0999,aa,madame,Madame,contact,1,240607-999,2024-06-07,elevator,captive_facility,NA,F,NA,NA,1,single,data/aa/all_calls/single/madame_39_elevator_240607_0999.wav,Aviary 3,2014,family_2
aa_madame_contact_240609-1021_01.wav,madame_41_elevator_240609_1021,aa,madame,Madame,contact,1,240609-1021,2024-06-09,elevator,captive_facility,NA,F,NA,NA,1,single,data/aa/all_calls/single/madame_41_elevator_240609_1021.wav,Aviary 3,2014,family_2
aa_madame_contact_240609-1021_02.wav,madame_42_elevator_240609_1021,aa,madame,Madame,contact,1,240609-1021,2024-06-09,elevator,captive_facility,NA,F,NA,NA,1,single,data/aa/all_calls/single/madame_42_elevator_240609_1021.wav,Aviary 3,2014,family_2
aa_madame_contact_240609-1021_03.wav,madame_43_elevator_240609_1021,aa,madame,Madame,contact,1,240609-1021,2024-06-09,elevator,captive_facility,NA,F,NA,NA,1,single,data/aa/all_calls/single/madame_43_elevator_240609_1021.wav,Aviary 3,2014,family_2
aa_madame_contact_240609-1021_04.wav,madame_44_elevator_240609_1021,aa,madame,Madame,contact,1,240609-1021,2024-06-09,elevator,captive_facility,NA,F,NA,NA,1,single,data/aa/all_calls/single/madame_44_elevator_240609_1021.wav,Aviary 3,2014,family_2
aa_madame_contact_240609-1021_05.wav,madame_45_elevator_240609_1021,aa,madame,Madame,contact,1,240609-1021,2024-06-09,elevator,captive_facility,NA,F,NA,NA,1,single,data/aa/all_calls/single/madame_45_elevator_240609_1021.wav,Aviary 3,2014,family_2
aa_madame_contact_240609-1021_06.wav,madame_46_elevator_240609_1021,aa,madame,Madame,contact,1,240609-1021,2024-06-09,elevator,captive_facility,NA,F,NA,NA,1,single,data/aa/all_calls/single/madame_46_elevator_240609_1021.wav,Aviary 3,2014,family_2
aa_madame_contact_240609-1021_07.wav,madame_47_elevator_240609_1021,aa,madame,Madame,contact,1,240609-1021,2024-06-09,elevator,captive_facility,NA,F,NA,NA,1,single,data/aa/all_calls/single/madame_47_elevator_240609_1021.wav,Aviary 3,2014,family_2
aa_madame_contact_240612-1056_01.wav,madame_48_elevator_240612_1056,aa,madame,Madame,contact,1,240612-1056,2024-06-12,elevator,captive_facility,NA,F,NA,NA,1,single,data/aa/all_calls/single/madame_48_elevator_240612_1056.wav,Aviary 3,2014,family_2
aa_madame_contact_240612-1056_02.wav,madame_49_elevator_240612_1056,aa,madame,Madame,contact,1,240612-1056,2024-06-12,elevator,captive_facility,NA,F,NA,NA,1,single,data/aa/all_calls/single/madame_49_elevator_240612_1056.wav,Aviary 3,2014,family_2
aa_madame_contact_240612-1056_03.wav,madame_50_elevator_240612_1056,aa,madame,Madame,contact,1,240612-1056,2024-06-12,elevator,captive_facility,NA,F,NA,NA,1,single,data/aa/all_calls/single/madame_50_elevator_240612_1056.wav,Aviary 3,2014,family_2
aa_madame_contact_240612-1056_04.wav,madame_51_elevator_240612_1056,aa,madame,Madame,contact,1,240612-1056,2024-06-12,elevator,captive_facility,NA,F,NA,NA,1,single,data/aa/all_calls/single/madame_51_elevator_240612_1056.wav,Aviary 3,2014,family_2
aa_madame_contact_240614-1065_01.wav,madame_52_elevator_240614_1065,aa,madame,Madame,contact,1,240614-1065,2024-06-14,NA,captive_facility,NA,F,NA,NA,1,single,data/aa/all_calls/single/madame_52_elevator_240614_1065.wav,Aviary 3,2014,family_2
aa_madame_contact_240614-1065_02.wav,madame_53_elevator_240614_1065,aa,madame,Madame,contact,1,240614-1065,2024-06-14,NA,captive_facility,NA,F,NA,NA,1,single,data/aa/all_calls/single/madame_53_elevator_240614_1065.wav,Aviary 3,2014,family_2
aa_madame_contact_240614-1065_03.wav,madame_54_elevator_240614_1065,aa,madame,Madame,contact,1,240614-1065,2024-06-14,NA,captive_facility,NA,F,NA,NA,1,single,data/aa/all_calls/single/madame_54_elevator_240614_1065.wav,Aviary 3,2014,family_2
aa_madame_contact_240614-1065_04.wav,madame_55_elevator_240614_1065,aa,madame,Madame,contact,1,240614-1065,2024-06-14,NA,captive_facility,NA,F,NA,NA,1,single,data/aa/all_calls/single/madame_55_elevator_240614_1065.wav,Aviary 3,2014,family_2
aa_madame_contact_240614-1065_05.wav,madame_56_elevator_240614_1065,aa,madame,Madame,contact,1,240614-1065,2024-06-14,NA,captive_facility,NA,F,NA,NA,1,single,data/aa/all_calls/single/madame_56_elevator_240614_1065.wav,Aviary 3,2014,family_2
aa_madame_contact_240614-1065_06.wav,madame_57_elevator_240614_1065,aa,madame,Madame,contact,1,240614-1065,2024-06-14,NA,captive_facility,NA,F,NA,NA,1,single,data/aa/all_calls/single/madame_57_elevator_240614_1065.wav,Aviary 3,2014,family_2
aa_madame_contact_240614-1066_01.wav,madame_58_elevator_240614_1066,aa,madame,Madame,contact,1,240614-1066,2024-06-14,NA,captive_facility,NA,F,NA,NA,1,single,data/aa/all_calls/single/madame_58_elevator_240614_1066.wav,Aviary 3,2014,family_2
aa_madame_contact_240614-1078_01.wav,madame_59_elevator_240614_1078,aa,madame,Madame,contact,1,240614-1078,2024-06-14,NA,captive_facility,NA,F,NA,NA,1,single,data/aa/all_calls/single/madame_59_elevator_240614_1078.wav,Aviary 3,2014,family_2
aa_madame_contact_240614-1078_02.wav,madame_60_elevator_240614_1078,aa,madame,Madame,contact,1,240614-1078,2024-06-14,NA,captive_facility,NA,F,NA,NA,1,single,data/aa/all_calls/single/madame_60_elevator_240614_1078.wav,Aviary 3,2014,family_2
aa_madame_contactseq_240430-614_01.wav,madame_double_1_240430_0614,aa,madame,Madame,contactseq,2,240430-614,2024-04-30,,captive_facility,NA,F,NA,NA,1,repeated,data/aa/all_calls/repeated/madame_double_1_240430_0614.wav,Aviary 3,2014,family_2
aa_rita_contact_240420-518_01.wav,rita_1_elevator_240420_0518,aa,rita,Rita,contact,1,240420-518,2024-04-20,elevator,captive_facility,NA,F,NA,NA,1,single,data/aa/all_calls/single/rita_1_elevator_240420_0518.wav,Aviary 3,2014,family_1
aa_rita_contact_240421-525_01.wav,rita_2_elevator_240421_0525,aa,rita,Rita,contact,1,240421-525,2024-04-21,elevator,captive_facility,NA,F,NA,NA,1,single,data/aa/all_calls/single/rita_2_elevator_240421_0525.wav,Aviary 3,2014,family_1
aa_rita_contact_240430-626_01.wav,rita_3_elevator_240430_0626,aa,rita,Rita,contact,1,240430-626,2024-04-30,elevator,captive_facility,NA,F,NA,NA,1,single,data/aa/all_calls/single/rita_3_elevator_240430_0626.wav,Aviary 3,2014,family_1
aa_rita_contact_240430-626_02.wav,rita_4_elevator_240430_0626,aa,rita,Rita,contact,1,240430-626,2024-04-30,elevator,captive_facility,NA,F,NA,NA,1,single,data/aa/all_calls/single/rita_4_elevator_240430_0626.wav,Aviary 3,2014,family_1
aa_rita_contact_240512-691_01.wav,rita_5_elevator_240512_0691,aa,rita,Rita,contact,1,240512-691,2024-05-12,elevator,captive_facility,NA,F,NA,NA,1,single,data/aa/all_calls/single/rita_5_elevator_240512_0691.wav,Aviary 3,2014,family_1
aa_rita_contact_240512-691_02.wav,rita_6_elevator_240512_0691,aa,rita,Rita,contact,1,240512-691,2024-05-12,elevator,captive_facility,NA,F,NA,NA,1,single,data/aa/all_calls/single/rita_6_elevator_240512_0691.wav,Aviary 3,2014,family_1
aa_rita_contact_240513-706_01.wav,rita_7_elevator_240513_0706,aa,rita,Rita,contact,1,240513-706,2024-05-13,elevator,captive_facility,NA,F,NA,NA,1,single,data/aa/all_calls/single/rita_7_elevator_240513_0706.wav,Aviary 3,2014,family_1
aa_rita_contact_240513-706_02.wav,rita_8_elevator_240513_0706,aa,rita,Rita,contact,1,240513-706,2024-05-13,elevator,captive_facility,NA,F,NA,NA,1,single,data/aa/all_calls/single/rita_8_elevator_240513_0706.wav,Aviary 3,2014,family_1
aa_rita_contact_240513-708_01.wav,rita_9_elevator_240513_0708,aa,rita,Rita,contact,1,240513-708,2024-05-13,elevator,captive_facility,NA,F,NA,NA,1,single,data/aa/all_calls/single/rita_9_elevator_240513_0708.wav,Aviary 3,2014,family_1
aa_rita_contact_240515-724_01.wav,rita_10_elevator_240515_0724,aa,rita,Rita,contact,1,240515-724,2024-05-15,elevator,captive_facility,NA,F,NA,NA,1,single,data/aa/all_calls/single/rita_10_elevator_240515_0724.wav,Aviary 3,2014,family_1
aa_rita_contact_240515-726_01.wav,rita_11_elevator_240515_0726,aa,rita,Rita,contact,1,240515-726,2024-05-15,elevator,captive_facility,NA,F,NA,NA,1,single,data/aa/all_calls/single/rita_11_elevator_240515_0726.wav,Aviary 3,2014,family_1
aa_rita_contact_240516-749_01.wav,rita_12_elevator_240516_0749,aa,rita,Rita,contact,1,240516-749,2024-05-16,elevator,captive_facility,NA,F,NA,NA,1,single,data/aa/all_calls/single/rita_12_elevator_240516_0749.wav,Aviary 3,2014,family_1
aa_rita_contact_240516-749_02.wav,rita_13_elevator_240516_0749,aa,rita,Rita,contact,1,240516-749,2024-05-16,elevator,captive_facility,NA,F,NA,NA,1,single,data/aa/all_calls/single/rita_13_elevator_240516_0749.wav,Aviary 3,2014,family_1
aa_rita_contact_240517-769_01.wav,rita_14_elevator_240517_0769,aa,rita,Rita,contact,1,240517-769,2024-05-17,elevator,captive_facility,NA,F,NA,NA,1,single,data/aa/all_calls/single/rita_14_elevator_240517_0769.wav,Aviary 3,2014,family_1
aa_rita_contact_240518-785_01.wav,rita_15_elevator_240518_0785,aa,rita,Rita,contact,1,240518-785,2024-05-18,elevator,captive_facility,NA,F,NA,NA,1,single,data/aa/all_calls/single/rita_15_elevator_240518_0785.wav,Aviary 3,2014,family_1
aa_rita_contact_240518-785_02.wav,rita_16_elevator_240518_0785,aa,rita,Rita,contact,1,240518-785,2024-05-18,elevator,captive_facility,NA,F,NA,NA,1,single,data/aa/all_calls/single/rita_16_elevator_240518_0785.wav,Aviary 3,2014,family_1
aa_rita_contact_240518-785_03.wav,rita_17_elevator_240518_0785,aa,rita,Rita,contact,1,240518-785,2024-05-18,elevator,captive_facility,NA,F,NA,NA,1,single,data/aa/all_calls/single/rita_17_elevator_240518_0785.wav,Aviary 3,2014,family_1
aa_rita_contact_240518-785_04.wav,rita_18_elevator_240518_0785,aa,rita,Rita,contact,1,240518-785,2024-05-18,elevator,captive_facility,NA,F,NA,NA,1,single,data/aa/all_calls/single/rita_18_elevator_240518_0785.wav,Aviary 3,2014,family_1
aa_rita_contact_240518-785_05.wav,rita_19_elevator_240518_0785,aa,rita,Rita,contact,1,240518-785,2024-05-18,elevator,captive_facility,NA,F,NA,NA,1,single,data/aa/all_calls/single/rita_19_elevator_240518_0785.wav,Aviary 3,2014,family_1
aa_rita_contact_240519-800_01.wav,rita_20_elevator_240519_0800,aa,rita,Rita,contact,1,240519-800,2024-05-19,elevator,captive_facility,NA,F,NA,NA,1,single,data/aa/all_calls/single/rita_20_elevator_240519_0800.wav,Aviary 3,2014,family_1
aa_rita_contact_240520-814_01.wav,rita_21_elevator_240520_0814,aa,rita,Rita,contact,1,240520-814,2024-05-20,elevator,captive_facility,NA,F,NA,NA,1,single,data/aa/all_calls/single/rita_21_elevator_240520_0814.wav,Aviary 3,2014,family_1
aa_rita_contact_240520-814_02.wav,rita_22_elevator_240520_0814,aa,rita,Rita,contact,1,240520-814,2024-05-20,elevator,captive_facility,NA,F,NA,NA,1,single,data/aa/all_calls/single/rita_22_elevator_240520_0814.wav,Aviary 3,2014,family_1
aa_rita_contact_240521-821_01.wav,rita_23_elevator_240521_0821,aa,rita,Rita,contact,1,240521-821,2024-05-21,elevator,captive_facility,NA,F,NA,NA,1,single,data/aa/all_calls/single/rita_23_elevator_240521_0821.wav,Aviary 3,2014,family_1
aa_rita_contact_240521-821_02.wav,rita_24_elevator_240521_0821,aa,rita,Rita,contact,1,240521-821,2024-05-21,elevator,captive_facility,NA,F,NA,NA,1,single,data/aa/all_calls/single/rita_24_elevator_240521_0821.wav,Aviary 3,2014,family_1
aa_rita_contact_240522-854_01.wav,rita_25_elevator_240522_0854,aa,rita,Rita,contact,1,240522-854,2024-05-22,elevator,captive_facility,NA,F,NA,NA,1,single,data/aa/all_calls/single/rita_25_elevator_240522_0854.wav,Aviary 3,2014,family_1
aa_rita_contact_240522-854_02.wav,rita_26_elevator_240522_0854,aa,rita,Rita,contact,1,240522-854,2024-05-22,elevator,captive_facility,NA,F,NA,NA,1,single,data/aa/all_calls/single/rita_26_elevator_240522_0854.wav,Aviary 3,2014,family_1
aa_rita_contact_240522-854_03.wav,rita_27_elevator_240522_0854,aa,rita,Rita,contact,1,240522-854,2024-05-22,elevator,captive_facility,NA,F,NA,NA,1,single,data/aa/all_calls/single/rita_27_elevator_240522_0854.wav,Aviary 3,2014,family_1
aa_rita_contact_240523-861_01.wav,rita_28_elevator_240523_0861,aa,rita,Rita,contact,1,240523-861,2024-05-23,elevator,captive_facility,NA,F,NA,NA,1,single,data/aa/all_calls/single/rita_28_elevator_240523_0861.wav,Aviary 3,2014,family_1
aa_rita_contact_240524-882_01.wav,rita_29_elevator_240524_0882,aa,rita,Rita,contact,1,240524-882,2024-05-24,elevator,captive_facility,NA,F,NA,NA,1,single,data/aa/all_calls/single/rita_29_elevator_240524_0882.wav,Aviary 3,2014,family_1
aa_rita_contact_240524-882_02.wav,rita_30_elevator_240524_0882,aa,rita,Rita,contact,1,240524-882,2024-05-24,elevator,captive_facility,NA,F,NA,NA,1,single,data/aa/all_calls/single/rita_30_elevator_240524_0882.wav,Aviary 3,2014,family_1
aa_rita_contact_240528-909_01.wav,rita_31_elevator_240528_0909,aa,rita,Rita,contact,1,240528-909,2024-05-28,elevator,captive_facility,NA,F,NA,NA,1,single,data/aa/all_calls/single/rita_31_elevator_240528_0909.wav,Aviary 3,2014,family_1
aa_rita_contact_240528-915_01.wav,rita_38_elevator_240528_0915,aa,rita,Rita,contact,1,240528-915,2024-05-28,elevator,captive_facility,NA,F,NA,NA,1,single,data/aa/all_calls/single/rita_38_elevator_240528_0915.wav,Aviary 3,2014,family_1
aa_rita_contact_240528-916_01.wav,rita_32_elevator_240528_0916,aa,rita,Rita,contact,1,240528-916,2024-05-28,elevator,captive_facility,NA,F,NA,NA,1,single,data/aa/all_calls/single/rita_32_elevator_240528_0916.wav,Aviary 3,2014,family_1
aa_rita_contact_240528-916_02.wav,rita_33_elevator_240528_0916,aa,rita,Rita,contact,1,240528-916,2024-05-28,elevator,captive_facility,NA,F,NA,NA,1,single,data/aa/all_calls/single/rita_33_elevator_240528_0916.wav,Aviary 3,2014,family_1
aa_rita_contact_240529-920_01.wav,rita_34_elevator_240529_0920,aa,rita,Rita,contact,1,240529-920,2024-05-29,elevator,captive_facility,NA,F,NA,NA,1,single,data/aa/all_calls/single/rita_34_elevator_240529_0920.wav,Aviary 3,2014,family_1
aa_rita_contact_240529-920_02.wav,rita_35_elevator_240529_0920,aa,rita,Rita,contact,1,240529-920,2024-05-29,elevator,captive_facility,NA,F,NA,NA,1,single,data/aa/all_calls/single/rita_35_elevator_240529_0920.wav,Aviary 3,2014,family_1
aa_rita_contact_240529-920_03.wav,rita_36_elevator_240529_0920,aa,rita,Rita,contact,1,240529-920,2024-05-29,elevator,captive_facility,NA,F,NA,NA,1,single,data/aa/all_calls/single/rita_36_elevator_240529_0920.wav,Aviary 3,2014,family_1
aa_rita_contact_240530-937_01.wav,rita_37_elevator_240530_0937,aa,rita,Rita,contact,1,240530-937,2024-05-30,elevator,captive_facility,NA,F,NA,NA,1,single,data/aa/all_calls/single/rita_37_elevator_240530_0937.wav,Aviary 3,2014,family_1
aa_rita_contact_240603-982_01.wav,rita_39_elevator_240603_0982,aa,rita,Rita,contact,1,240603-982,2024-06-03,elevator,captive_facility,NA,F,NA,NA,1,single,data/aa/all_calls/single/rita_39_elevator_240603_0982.wav,Aviary 3,2014,family_1
aa_rita_contact_240603-983_01.wav,rita_40_elevator_240603_0983,aa,rita,Rita,contact,1,240603-983,2024-06-03,elevator,captive_facility,NA,F,NA,NA,1,single,data/aa/all_calls/single/rita_40_elevator_240603_0983.wav,Aviary 3,2014,family_1
aa_rita_contact_240607-1006_01.wav,rita_41_elevator_240607_1006,aa,rita,Rita,contact,1,240607-1006,2024-06-07,elevator,captive_facility,NA,F,NA,NA,1,single,data/aa/all_calls/single/rita_41_elevator_240607_1006.wav,Aviary 3,2014,family_1
aa_rita_contact_240607-1006_02.wav,rita_42_elevator_240607_1006,aa,rita,Rita,contact,1,240607-1006,2024-06-07,elevator,captive_facility,NA,F,NA,NA,1,single,data/aa/all_calls/single/rita_42_elevator_240607_1006.wav,Aviary 3,2014,family_1
aa_rita_contact_240607-1006_03.wav,rita_43_elevator_240607_1006,aa,rita,Rita,contact,1,240607-1006,2024-06-07,elevator,captive_facility,NA,F,NA,NA,1,single,data/aa/all_calls/single/rita_43_elevator_240607_1006.wav,Aviary 3,2014,family_1
aa_rita_contact_240607-1006_04.wav,rita_44_elevator_240607_1006,aa,rita,Rita,contact,1,240607-1006,2024-06-07,elevator,captive_facility,NA,F,NA,NA,1,single,data/aa/all_calls/single/rita_44_elevator_240607_1006.wav,Aviary 3,2014,family_1
aa_rita_contact_240607-1006_05.wav,rita_45_elevator_240607_1006,aa,rita,Rita,contact,1,240607-1006,2024-06-07,elevator,captive_facility,NA,F,NA,NA,1,single,data/aa/all_calls/single/rita_45_elevator_240607_1006.wav,Aviary 3,2014,family_1
aa_rita_contact_240607-1006_06.wav,rita_46_elevator_240607_1006,aa,rita,Rita,contact,1,240607-1006,2024-06-07,elevator,captive_facility,NA,F,NA,NA,1,single,data/aa/all_calls/single/rita_46_elevator_240607_1006.wav,Aviary 3,2014,family_1
aa_rita_contact_240607-1006_07.wav,rita_47_elevator_240607_1006,aa,rita,Rita,contact,1,240607-1006,2024-06-07,elevator,captive_facility,NA,F,NA,NA,1,single,data/aa/all_calls/single/rita_47_elevator_240607_1006.wav,Aviary 3,2014,family_1
aa_rita_contact_240607-1006_08.wav,rita_48_elevator_240607_1006,aa,rita,Rita,contact,1,240607-1006,2024-06-07,elevator,captive_facility,NA,F,NA,NA,1,single,data/aa/all_calls/single/rita_48_elevator_240607_1006.wav,Aviary 3,2014,family_1
aa_rita_contact_240607-1006_09.wav,rita_49_elevator_240607_1006,aa,rita,Rita,contact,1,240607-1006,2024-06-07,elevator,captive_facility,NA,F,NA,NA,1,single,data/aa/all_calls/single/rita_49_elevator_240607_1006.wav,Aviary 3,2014,family_1
aa_rita_contact_240607-1006_10.wav,rita_50_elevator_240607_1006,aa,rita,Rita,contact,1,240607-1006,2024-06-07,elevator,captive_facility,NA,F,NA,NA,1,single,data/aa/all_calls/single/rita_50_elevator_240607_1006.wav,Aviary 3,2014,family_1
aa_rita_contact_240607-1007_01.wav,rita_51_elevator_240607_1007,aa,rita,Rita,contact,1,240607-1007,2024-06-07,elevator,captive_facility,NA,F,NA,NA,1,single,data/aa/all_calls/single/rita_51_elevator_240607_1007.wav,Aviary 3,2014,family_1
aa_rita_contact_240608-1012_01.wav,rita_52_elevator_240608_1012,aa,rita,Rita,contact,1,240608-1012,2024-06-08,elevator,captive_facility,NA,F,NA,NA,1,single,data/aa/all_calls/single/rita_52_elevator_240608_1012.wav,Aviary 3,2014,family_1
aa_rita_contact_240614-1073_01.wav,rita_53_elevator_240614_1073,aa,rita,Rita,contact,1,240614-1073,2024-06-14,NA,captive_facility,NA,F,NA,NA,1,single,data/aa/all_calls/single/rita_53_elevator_240614_1073.wav,Aviary 3,2014,family_1
aa_rita_contact_240614-1076_01.wav,rita_54_elevator_240614_1076,aa,rita,Rita,contact,1,240614-1076,2024-06-14,NA,captive_facility,NA,F,NA,NA,1,single,data/aa/all_calls/single/rita_54_elevator_240614_1076.wav,Aviary 3,2014,family_1
aa_rita_contact_240614-1076_02.wav,rita_55_elevator_240614_1076,aa,rita,Rita,contact,1,240614-1076,2024-06-14,NA,captive_facility,NA,F,NA,NA,1,single,data/aa/all_calls/single/rita_55_elevator_240614_1076.wav,Aviary 3,2014,family_1
aa_rita_contact_240614-1076_03.wav,rita_56_elevator_240614_1076,aa,rita,Rita,contact,1,240614-1076,2024-06-14,NA,captive_facility,NA,F,NA,NA,1,single,data/aa/all_calls/single/rita_56_elevator_240614_1076.wav,Aviary 3,2014,family_1
aa_rita_contact_240614-1076_04.wav,rita_57_elevator_240614_1076,aa,rita,Rita,contact,1,240614-1076,2024-06-14,NA,captive_facility,NA,F,NA,NA,1,single,data/aa/all_calls/single/rita_57_elevator_240614_1076.wav,Aviary 3,2014,family_1
aa_rita_contact_240614-1076_05.wav,rita_58_elevator_240614_1076,aa,rita,Rita,contact,1,240614-1076,2024-06-14,NA,captive_facility,NA,F,NA,NA,1,single,data/aa/all_calls/single/rita_58_elevator_240614_1076.wav,Aviary 3,2014,family_1
aa_rita_contact_240621-1126_01.wav,rita_59_elevator_240621_1126,aa,rita,Rita,contact,1,240621-1126,2024-06-21,NA,captive_facility,NA,F,NA,NA,1,single,data/aa/all_calls/single/rita_59_elevator_240621_1126.wav,Aviary 3,2014,family_1
aa_rita_contact_240621-1126_02.wav,rita_60_elevator_240621_1126,aa,rita,Rita,contact,1,240621-1126,2024-06-21,NA,captive_facility,NA,F,NA,NA,1,single,data/aa/all_calls/single/rita_60_elevator_240621_1126.wav,Aviary 3,2014,family_1
aa_rita_contactseq_240424-555_01.wav,rita_double_1_elevator_240424_0555,aa,rita,Rita,contactseq,2,240424-555,2024-04-24,elevator,captive_facility,NA,F,NA,NA,1,repeated,data/aa/all_calls/repeated/rita_double_1_elevator_240424_0555.wav,Aviary 3,2014,family_1
aa_rita_contactseq_240424-555_02.wav,rita_double_2_elevator_240424_0555,aa,rita,Rita,contactseq,2,240424-555,2024-04-24,elevator,captive_facility,NA,F,NA,NA,1,repeated,data/aa/all_calls/repeated/rita_double_2_elevator_240424_0555.wav,Aviary 3,2014,family_1
aa_rita_contactseq_240424-555_03.wav,rita_double_3_elevator_240424_0555,aa,rita,Rita,contactseq,2,240424-555,2024-04-24,elevator,captive_facility,NA,F,NA,NA,1,repeated,data/aa/all_calls/repeated/rita_double_3_elevator_240424_0555.wav,Aviary 3,2014,family_1
aa_rita_contactseq_240424-555_04.wav,rita_double_4_240424_0555,aa,rita,Rita,contactseq,2,240424-555,2024-04-24,,captive_facility,NA,F,NA,NA,1,repeated,data/aa/all_calls/repeated/rita_double_4_240424_0555.wav,Aviary 3,2014,family_1
aa_rita_contactseq_240424-555_05.wav,rita_double_5_240424_0555,aa,rita,Rita,contactseq,2,240424-555,2024-04-24,,captive_facility,NA,F,NA,NA,1,repeated,data/aa/all_calls/repeated/rita_double_5_240424_0555.wav,Aviary 3,2014,family_1
aa_rita_contactseq_240425-570_01.wav,rita_double_6_240425_0570,aa,rita,Rita,contactseq,2,240425-570,2024-04-25,,captive_facility,NA,F,NA,NA,1,repeated,data/aa/all_calls/repeated/rita_double_6_240425_0570.wav,Aviary 3,2014,family_1
aa_rita_contactseq_240425-570_02.wav,rita_double_7_240425_0570,aa,rita,Rita,contactseq,2,240425-570,2024-04-25,,captive_facility,NA,F,NA,NA,1,repeated,data/aa/all_calls/repeated/rita_double_7_240425_0570.wav,Aviary 3,2014,family_1
aa_rita_contactseq_240426-586_01.wav,rita_sextuple_1_240426_0586,aa,rita,Rita,contactseq,6,240426-586,2024-04-26,,captive_facility,NA,F,NA,NA,1,repeated,data/aa/all_calls/repeated/rita_sextuple_1_240426_0586.wav,Aviary 3,2014,family_1
aa_rita_contactseq_240426-586_02.wav,rita_triple_1_240426_0586,aa,rita,Rita,contactseq,3,240426-586,2024-04-26,,captive_facility,NA,F,NA,NA,1,repeated,data/aa/all_calls/repeated/rita_triple_1_240426_0586.wav,Aviary 3,2014,family_1
aa_rita_contactseq_240513-706_01.wav,rita_double_8_240513_0706,aa,rita,Rita,contactseq,2,240513-706,2024-05-13,,captive_facility,NA,F,NA,NA,1,repeated,data/aa/all_calls/repeated/rita_double_8_240513_0706.wav,Aviary 3,2014,family_1
aa_rita_contactseq_240515-724_01.wav,rita_double_9_240515_0724,aa,rita,Rita,contactseq,2,240515-724,2024-05-15,,captive_facility,NA,F,NA,NA,1,repeated,data/aa/all_calls/repeated/rita_double_9_240515_0724.wav,Aviary 3,2014,family_1
aa_rita_contactseq_240517-767_01.wav,rita_double_10_240517_0767,aa,rita,Rita,contactseq,2,240517-767,2024-05-17,,captive_facility,NA,F,NA,NA,1,repeated,data/aa/all_calls/repeated/rita_double_10_240517_0767.wav,Aviary 3,2014,family_1
aa_rita_contactseq_240517-767_02.wav,rita_double_11_240517_0767,aa,rita,Rita,contactseq,2,240517-767,2024-05-17,,captive_facility,NA,F,NA,NA,1,repeated,data/aa/all_calls/repeated/rita_double_11_240517_0767.wav,Aviary 3,2014,family_1
aa_rita_contactseq_240518-785_01.wav,rita_double_12_240518_0785,aa,rita,Rita,contactseq,2,240518-785,2024-05-18,,captive_facility,NA,F,NA,NA,1,repeated,data/aa/all_calls/repeated/rita_double_12_240518_0785.wav,Aviary 3,2014,family_1
aa_rita_contactseq_240518-785_02.wav,rita_double_13_240518_0785,aa,rita,Rita,contactseq,2,240518-785,2024-05-18,,captive_facility,NA,F,NA,NA,1,repeated,data/aa/all_calls/repeated/rita_double_13_240518_0785.wav,Aviary 3,2014,family_1
aa_rita_contactseq_240519-800_01.wav,rita_double_14_240519_0800,aa,rita,Rita,contactseq,2,240519-800,2024-05-19,,captive_facility,NA,F,NA,NA,1,repeated,data/aa/all_calls/repeated/rita_double_14_240519_0800.wav,Aviary 3,2014,family_1
aa_rita_contactseq_240519-800_02.wav,rita_double_15_240519_0800,aa,rita,Rita,contactseq,2,240519-800,2024-05-19,,captive_facility,NA,F,NA,NA,1,repeated,data/aa/all_calls/repeated/rita_double_15_240519_0800.wav,Aviary 3,2014,family_1
aa_rita_contactseq_240519-800_03.wav,rita_double_16_240519_0800,aa,rita,Rita,contactseq,2,240519-800,2024-05-19,,captive_facility,NA,F,NA,NA,1,repeated,data/aa/all_calls/repeated/rita_double_16_240519_0800.wav,Aviary 3,2014,family_1
aa_rita_contactseq_240519-800_04.wav,rita_double_17_240519_0800,aa,rita,Rita,contactseq,2,240519-800,2024-05-19,,captive_facility,NA,F,NA,NA,1,repeated,data/aa/all_calls/repeated/rita_double_17_240519_0800.wav,Aviary 3,2014,family_1
aa_rita_contactseq_240522-854_01.wav,rita_double_18_240522_0854,aa,rita,Rita,contactseq,2,240522-854,2024-05-22,,captive_facility,NA,F,NA,NA,1,repeated,data/aa/all_calls/repeated/rita_double_18_240522_0854.wav,Aviary 3,2014,family_1
aa_rita_contactseq_240528-915_01.wav,rita_double_20_240528_0915,aa,rita,Rita,contactseq,2,240528-915,2024-05-28,,captive_facility,NA,F,NA,NA,1,repeated,data/aa/all_calls/repeated/rita_double_20_240528_0915.wav,Aviary 3,2014,family_1
aa_rita_contactseq_240528-915_02.wav,rita_double_21_240528_0915,aa,rita,Rita,contactseq,2,240528-915,2024-05-28,,captive_facility,NA,F,NA,NA,1,repeated,data/aa/all_calls/repeated/rita_double_21_240528_0915.wav,Aviary 3,2014,family_1
aa_rita_contactseq_240528-915_03.wav,rita_double_22_240528_0915,aa,rita,Rita,contactseq,2,240528-915,2024-05-28,,captive_facility,NA,F,NA,NA,1,repeated,data/aa/all_calls/repeated/rita_double_22_240528_0915.wav,Aviary 3,2014,family_1
aa_rita_contactseq_240528-915_04.wav,rita_triple_2_240528_0915,aa,rita,Rita,contactseq,3,240528-915,2024-05-28,,captive_facility,NA,F,NA,NA,1,repeated,data/aa/all_calls/repeated/rita_triple_2_240528_0915.wav,Aviary 3,2014,family_1
aa_rita_contactseq_240530-937_01.wav,rita_double_23_240530_0937,aa,rita,Rita,contactseq,2,240530-937,2024-05-30,,captive_facility,NA,F,NA,NA,1,repeated,data/aa/all_calls/repeated/rita_double_23_240530_0937.wav,Aviary 3,2014,family_1
aa_rita_contactseq_240603-982_01.wav,rita_quadruple_1_240603_0982,aa,rita,Rita,contactseq,4,240603-982,2024-06-03,,captive_facility,NA,F,NA,NA,1,repeated,data/aa/all_calls/repeated/rita_quadruple_1_240603_0982.wav,Aviary 3,2014,family_1
aa_rita_contactseq_240603-982_02.wav,rita_septuple_1_240603_0982,aa,rita,Rita,contactseq,7,240603-982,2024-06-03,,captive_facility,NA,F,NA,NA,1,repeated,data/aa/all_calls/repeated/rita_septuple_1_240603_0982.wav,Aviary 3,2014,family_1
aa_rita_contactseq_240603-983_01.wav,rita_double_up_1_240603_0983,aa,rita,Rita,contactseq,2,240603-983,2024-06-03,,captive_facility,NA,F,NA,NA,1,repeated,data/aa/all_calls/repeated/rita_double_up_1_240603_0983.wav,Aviary 3,2014,family_1
aa_rita_contactseq_240603-983_02.wav,rita_double_up_2_240603_0983,aa,rita,Rita,contactseq,2,240603-983,2024-06-03,,captive_facility,NA,F,NA,NA,1,repeated,data/aa/all_calls/repeated/rita_double_up_2_240603_0983.wav,Aviary 3,2014,family_1
aa_rita_contactseq_240607-1006_01.wav,rita_13times_240607_1006,aa,rita,Rita,contactseq,13,240607-1006,2024-06-07,,captive_facility,NA,F,NA,NA,1,repeated,data/aa/all_calls/repeated/rita_13times_240607_1006.wav,Aviary 3,2014,family_1
aa_rita_contactseq_240607-1007_01.wav,rita_triple_3_240607_1007,aa,rita,Rita,contactseq,3,240607-1007,2024-06-07,,captive_facility,NA,F,NA,NA,1,repeated,data/aa/all_calls/repeated/rita_triple_3_240607_1007.wav,Aviary 3,2014,family_1
aa_rita_contactseq_240608-1012_01.wav,rita_double_24_240608_1012,aa,rita,Rita,contactseq,2,240608-1012,2024-06-08,,captive_facility,NA,F,NA,NA,1,repeated,data/aa/all_calls/repeated/rita_double_24_240608_1012.wav,Aviary 3,2014,family_1
aa_rita_contactseq_240608-1012_02.wav,rita_triple_4_240608_1012,aa,rita,Rita,contactseq,3,240608-1012,2024-06-08,,captive_facility,NA,F,NA,NA,1,repeated,data/aa/all_calls/repeated/rita_triple_4_240608_1012.wav,Aviary 3,2014,family_1
