standardized_filename,original_stem,species,bird,display_name,call_type,n_calls,recording_id,date,location,environment_class,stimulus_only,sex,age_years,social_group,session_known,kind,rel_audio_path,aviary,birth_year,sibling_group
ag_a_ah_241203-1371_01.wav,a_241203_ah_01,ag,a,Jello,ah,1,241203-1371,2024-12-03,shelter_group4,shelter,yes,F,14,4,1,single,data/ag/audio/single/a/ah/a_241203_ah_01.wav,NA,NA,unknown
ag_a_ah_241203-1371_02.wav,a_241203_ah_02,ag,a,Jello,ah,1,241203-1371,2024-12-03,shelter_group4,shelter,yes,F,14,4,1,single,data/ag/audio/single/a/ah/a_241203_ah_02.wav,NA,NA,unknown
ag_a_ah_241203-1371_03.wav,a_241203_ah_03,ag,a,Jello,ah,1,241203-1371,2024-12-03,shelter_group4,shelter,yes,F,14,4,1,single,data/ag/audio/single/a/ah/a_241203_ah_03.wav,NA,NA,unknown
ag_a_ah_241203-1371_04.wav,a_241203_ah_04,ag,a,Jello,ah,1,241203-1371,2024-12-03,shelter_group4,shelter,yes,F,14,4,1,single,data/ag/audio/single/a/ah/a_241203_ah_04.wav,NA,NA,unknown
ag_a_ah_241203-1371_05.wav,a_241203_ah_07,ag,a,Jello,ah,1,241203-1371,2024-12-03,shelter_group4,shelter,yes,F,14,4,1,single,data/ag/audio/single/a/ah/a_241203_ah_07.wav,NA,NA,unknown
ag_a_ah_241203-1371_06.wav,a_241203_ah_08,ag,a,Jello,ah,1,241203-1371,2024-12-03,shelter_group4,shelter,yes,F,14,4,1,single,data/ag/audio/single/a/ah/a_241203_ah_08.wav,NA,NA,unknown
ag_a_ah_241203-1371_07.wav,a_241203_ah_09,ag,a,Jello,ah,1,241203-1371,2024-12-03,shelter_group4,shelter,yes,F,14,4,1,single,data/ag/audio/single/a/ah/a_241203_ah_09.wav,NA,NA,unknown
ag_a_ah_241203-1371_08.wav,a_241203_ah_11,ag,a,Jello,ah,1,241203-1371,2024-12-03,shelter_group4,shelter,yes,F,14,4,1,single,data/ag/audio/single/a/ah/a_241203_ah_11.wav,NA,NA,unknown
ag_a_ah_241203-1371_09.wav,a_241203_ah_12,ag,a,Jello,ah,1,241203-1371,2024-12-03,shelter_group4,shelter,yes,F,14,4,1,single,data/ag/audio/single/a/ah/a_241203_ah_12.wav,NA,NA,unknown
ag_a_ah_241203-1371_10.wav,a_241203_ah_13,ag,a,Jello,ah,1,241203-1371,2024-12-03,shelter_group4,shelter,yes,F,14,4,1,single,data/ag/audio/single/a/ah/a_241203_ah_13.wav,NA,NA,unknown
ag_a_ah_241203-1374_01.wav,a_241203_ah_06,ag,a,Jello,ah,1,241203-1374,2024-12-03,shelter_group4,shelter,yes,F,14,4,1,single,data/ag/audio/single/a/ah/a_241203_ah_06.wav,NA,NA,unknown
ag_a_ah_241204-1376_01.wav,a_241204_ah_05,ag,a,Jello,ah,1,241204-1376,2024-12-04,shelter_group4,shelter,yes,F,14,4,1,single,data/ag/audio/single/a/ah/a_241204_ah_05.wav,NA,NA,unknown
ag_a_ah_241204-1376_02.wav,a_241204_ah_10,ag,a,Jello,ah,1,241204-1376,2024-12-04,shelter_group4,shelter,yes,F,14,4,1,single,data/ag/audio/single/a/ah/a_241204_ah_10.wav,NA,NA,unknown
ag_a_doubleco_241204-1376_01.wav,a_241204_doubleco_01,ag,a,Jello,doubleco,1,241204-1376,2024-12-04,shelter_group4,shelter,yes,F,14,4,1,single,data/ag/audio/single/a/doubleco/a_241204_doubleco_01.wav,NA,NA,unknown
ag_a_raspy_241203-1371_01.wav,a_241203_raspy_34,ag,a,Jello,raspy,1,241203-1371,2024-12-03,shelter_group4,shelter,yes,F,14,4,1,single,data/ag/audio/single/a/raspy/a_241203_raspy_34.wav,NA,NA,unknown
ag_a_raspy_241203-1371_02.wav,a_241203_raspy_35,ag,a,Jello,raspy,1,241203-1371,2024-12-03,shelter_group4,shelter,yes,F,14,4,1,single,data/ag/audio/single/a/raspy/a_241203_raspy_35.wav,NA,NA,unknown
ag_a_raspy_241203-1371_03.wav,a_241203_raspy_36,ag,a,Jello,raspy,1,241203-1371,2024-12-03,shelter_group4,shelter,yes,F,14,4,1,single,data/ag/audio/single/a/raspy/a_241203_raspy_36.wav,NA,NA,unknown
ag_a_raspy_241204-1376_01.wav,a_241204_raspy_01,ag,a,Jello,raspy,1,241204-1376,2024-12-04,shelter_group4,shelter,yes,F,14,4,1,single,data/ag/audio/single/a/raspy/a_241204_raspy_01.wav,NA,NA,unknown
ag_a_raspy_241204-1376_02.wav,a_241204_raspy_02,ag,a,Jello,raspy,1,241204-1376,2024-12-04,shelter_group4,shelter,yes,F,14,4,1,single,data/ag/audio/single/a/raspy/a_241204_raspy_02.wav,NA,NA,unknown
ag_a_raspy_241204-1376_03.wav,a_241204_raspy_03,ag,a,Jello,raspy,1,241204-1376,2024-12-04,shelter_group4,shelter,yes,F,14,4,1,single,data/ag/audio/single/a/raspy/a_241204_raspy_03.wav,NA,NA,unknown
ag_a_raspy_241204-1376_04.wav,a_241204_raspy_04,ag,a,Jello,raspy,1,241204-1376,2024-12-04,shelter_group4,shelter,yes,F,14,4,1,single,data/ag/audio/single/a/raspy/a_241204_raspy_04.wav,NA,NA,unknown
ag_a_raspy_241204-1376_05.wav,a_241204_raspy_05,ag,a,Jello,raspy,1,241204-1376,2024-12-04,shelter_group4,shelter,yes,F,14,4,1,single,data/ag/audio/single/a/raspy/a_241204_raspy_05.wav,NA,NA,unknown
ag_a_raspy_241204-1376_06.wav,a_241204_raspy_06,ag,a,Jello,raspy,1,241204-1376,2024-12-04,shelter_group4,shelter,yes,F,14,4,1,single,data/ag/audio/single/a/raspy/a_241204_raspy_06.wav,NA,NA,unknown
ag_a_raspy_241204-1376_07.wav,a_241204_raspy_07,ag,a,Jello,raspy,1,241204-1376,2024-12-04,shelter_group4,shelter,yes,F,14,4,1,single,data/ag/audio/single/a/raspy/a_241204_raspy_07.wav,NA,NA,unknown
ag_a_raspy_241204-1376_08.wav,a_241204_raspy_08,ag,a,Jello,raspy,1,241204-1376,2024-12-04,shelter_group4,shelter,yes,F,14,4,1,single,data/ag/audio/single/a/raspy/a_241204_raspy_08.wav,NA,NA,unknown
ag_a_raspy_241204-1376_09.wav,a_241204_raspy_09,ag,a,Jello,raspy,1,241204-1376,2024-12-04,shelter_group4,shelter,yes,F,14,4,1,single,data/ag/audio/single/a/raspy/a_241204_raspy_09.wav,NA,NA,unknown
ag_a_raspy_241204-1376_10.wav,a_241204_raspy_10,ag,a,Jello,raspy,1,241204-1376,2024-12-04,shelter_group4,shelter,yes,F,14,4,1,single,data/ag/audio/single/a/raspy/a_241204_raspy_10.wav,NA,NA,unknown
ag_a_raspy_241204-1376_11.wav,a_241204_raspy_11,ag,a,Jello,raspy,1,241204-1376,2024-12-04,shelter_group4,shelter,yes,F,14,4,1,single,data/ag/audio/single/a/raspy/a_241204_raspy_11.wav,NA,NA,unknown
ag_a_raspy_241204-1376_12.wav,a_241204_raspy_12,ag,a,Jello,raspy,1,241204-1376,2024-12-04,shelter_group4,shelter,yes,F,14,4,1,single,data/ag/audio/single/a/raspy/a_241204_raspy_12.wav,NA,NA,unknown
ag_a_raspy_241204-1376_13.wav,a_241204_raspy_13,ag,a,Jello,raspy,1,241204-1376,2024-12-04,shelter_group4,shelter,yes,F,14,4,1,single,data/ag/audio/single/a/raspy/a_241204_raspy_13.wav,NA,NA,unknown
ag_a_raspy_241204-1376_14.wav,a_241204_raspy_14,ag,a,Jello,raspy,1,241204-1376,2024-12-04,shelter_group4,shelter,yes,F,14,4,1,single,data/ag/audio/single/a/raspy/a_241204_raspy_14.wav,NA,NA,unknown
ag_a_raspy_241204-1376_15.wav,a_241204_raspy_15,ag,a,Jello,raspy,1,241204-1376,2024-12-04,shelter_group4,shelter,yes,F,14,4,1,single,data/ag/audio/single/a/raspy/a_241204_raspy_15.wav,NA,NA,unknown
ag_a_raspy_241204-1376_16.wav,a_241204_raspy_16,ag,a,Jello,raspy,1,241204-1376,2024-12-04,shelter_group4,shelter,yes,F,14,4,1,single,data/ag/audio/single/a/raspy/a_241204_raspy_16.wav,NA,NA,unknown
ag_a_raspy_241204-1376_17.wav,a_241204_raspy_17,ag,a,Jello,raspy,1,241204-1376,2024-12-04,shelter_group4,shelter,yes,F,14,4,1,single,data/ag/audio/single/a/raspy/a_241204_raspy_17.wav,NA,NA,unknown
ag_a_raspy_241204-1376_18.wav,a_241204_raspy_18,ag,a,Jello,raspy,1,241204-1376,2024-12-04,shelter_group4,shelter,yes,F,14,4,1,single,data/ag/audio/single/a/raspy/a_241204_raspy_18.wav,NA,NA,unknown
ag_a_raspy_241204-1376_19.wav,a_241204_raspy_19,ag,a,Jello,raspy,1,241204-1376,2024-12-04,shelter_group4,shelter,yes,F,14,4,1,single,data/ag/audio/single/a/raspy/a_241204_raspy_19.wav,NA,NA,unknown
ag_a_raspy_241204-1376_20.wav,a_241204_raspy_20,ag,a,Jello,raspy,1,241204-1376,2024-12-04,shelter_group4,shelter,yes,F,14,4,1,single,data/ag/audio/single/a/raspy/a_241204_raspy_20.wav,NA,NA,unknown
ag_a_raspy_241204-1376_21.wav,a_241204_raspy_21,ag,a,Jello,raspy,1,241204-1376,2024-12-04,shelter_group4,shelter,yes,F,14,4,1,single,data/ag/audio/single/a/raspy/a_241204_raspy_21.wav,NA,NA,unknown
ag_a_raspy_241204-1376_22.wav,a_241204_raspy_22,ag,a,Jello,raspy,1,241204-1376,2024-12-04,shelter_group4,shelter,yes,F,14,4,1,single,data/ag/audio/single/a/raspy/a_241204_raspy_22.wav,NA,NA,unknown
ag_a_raspy_241204-1376_23.wav,a_241204_raspy_23,ag,a,Jello,raspy,1,241204-1376,2024-12-04,shelter_group4,shelter,yes,F,14,4,1,single,data/ag/audio/single/a/raspy/a_241204_raspy_23.wav,NA,NA,unknown
ag_a_raspy_241204-1376_24.wav,a_241204_raspy_24,ag,a,Jello,raspy,1,241204-1376,2024-12-04,shelter_group4,shelter,yes,F,14,4,1,single,data/ag/audio/single/a/raspy/a_241204_raspy_24.wav,NA,NA,unknown
ag_a_raspy_241204-1376_25.wav,a_241204_raspy_25,ag,a,Jello,raspy,1,241204-1376,2024-12-04,shelter_group4,shelter,yes,F,14,4,1,single,data/ag/audio/single/a/raspy/a_241204_raspy_25.wav,NA,NA,unknown
ag_a_raspy_241204-1376_26.wav,a_241204_raspy_26,ag,a,Jello,raspy,1,241204-1376,2024-12-04,shelter_group4,shelter,yes,F,14,4,1,single,data/ag/audio/single/a/raspy/a_241204_raspy_26.wav,NA,NA,unknown
ag_a_raspy_241204-1376_27.wav,a_241204_raspy_27,ag,a,Jello,raspy,1,241204-1376,2024-12-04,shelter_group4,shelter,yes,F,14,4,1,single,data/ag/audio/single/a/raspy/a_241204_raspy_27.wav,NA,NA,unknown
ag_a_raspy_241204-1376_28.wav,a_241204_raspy_28,ag,a,Jello,raspy,1,241204-1376,2024-12-04,shelter_group4,shelter,yes,F,14,4,1,single,data/ag/audio/single/a/raspy/a_241204_raspy_28.wav,NA,NA,unknown
ag_a_raspy_241204-1376_29.wav,a_241204_raspy_29,ag,a,Jello,raspy,1,241204-1376,2024-12-04,shelter_group4,shelter,yes,F,14,4,1,single,data/ag/audio/single/a/raspy/a_241204_raspy_29.wav,NA,NA,unknown
ag_a_raspy_241204-1376_30.wav,a_241204_raspy_30,ag,a,Jello,raspy,1,241204-1376,2024-12-04,shelter_group4,shelter,yes,F,14,4,1,single,data/ag/audio/single/a/raspy/a_241204_raspy_30.wav,NA,NA,unknown
ag_a_raspy_241204-1376_31.wav,a_241204_raspy_31,ag,a,Jello,raspy,1,241204-1376,2024-12-04,shelter_group4,shelter,yes,F,14,4,1,single,data/ag/audio/single/a/raspy/a_241204_raspy_31.wav,NA,NA,unknown
ag_a_raspy_241204-1376_32.wav,a_241204_raspy_32,ag,a,Jello,raspy,1,241204-1376,2024-12-04,shelter_group4,shelter,yes,F,14,4,1,single,data/ag/audio/single/a/raspy/a_241204_raspy_32.wav,NA,NA,unknown
ag_a_raspy_241204-1376_33.wav,a_241204_raspy_33,ag,a,Jello,raspy,1,241204-1376,2024-12-04,shelter_group4,shelter,yes,F,14,4,1,single,data/ag/audio/single/a/raspy/a_241204_raspy_33.wav,NA,NA,unknown
ag_a_short_241203-1369_01.wav,a_241203_short_01,ag,a,Jello,short,1,241203-1369,2024-12-03,shelter_group4,shelter,yes,F,14,4,1,single,data/ag/audio/single/a/short/a_241203_short_01.wav,NA,NA,unknown
ag_a_short_241203-1369_02.wav,a_241203_short_02,ag,a,Jello,short,1,241203-1369,2024-12-03,shelter_group4,shelter,yes,F,14,4,1,single,data/ag/audio/single/a/short/a_241203_short_02.wav,NA,NA,unknown
ag_a_short_241203-1369_03.wav,a_241203_short_03,ag,a,Jello,short,1,241203-1369,2024-12-03,shelter_group4,shelter,yes,F,14,4,1,single,data/ag/audio/single/a/short/a_241203_short_03.wav,NA,NA,unknown
ag_a_short_241203-1369_04.wav,a_241203_short_04,ag,a,Jello,short,1,241203-1369,2024-12-03,shelter_group4,shelter,yes,F,14,4,1,single,data/ag/audio/single/a/short/a_241203_short_04.wav,NA,NA,unknown
ag_a_short_241203-1371_01.wav,a_241203_short_05,ag,a,Jello,short,1,241203-1371,2024-12-03,shelter_group4,shelter,yes,F,14,4,1,single,data/ag/audio/single/a/short/a_241203_short_05.wav,NA,NA,unknown
ag_a_short_241203-1371_02.wav,a_241203_short_06,ag,a,Jello,short,1,241203-1371,2024-12-03,shelter_group4,shelter,yes,F,14,4,1,single,data/ag/audio/single/a/short/a_241203_short_06.wav,NA,NA,unknown
ag_a_short_241203-1371_03.wav,a_241203_short_07,ag,a,Jello,short,1,241203-1371,2024-12-03,shelter_group4,shelter,yes,F,14,4,1,single,data/ag/audio/single/a/short/a_241203_short_07.wav,NA,NA,unknown
ag_a_short_241203-1371_04.wav,a_241203_short_09,ag,a,Jello,short,1,241203-1371,2024-12-03,shelter_group4,shelter,yes,F,14,4,1,single,data/ag/audio/single/a/short/a_241203_short_09.wav,NA,NA,unknown
ag_a_short_241203-1371_05.wav,a_241203_short_10,ag,a,Jello,short,1,241203-1371,2024-12-03,shelter_group4,shelter,yes,F,14,4,1,single,data/ag/audio/single/a/short/a_241203_short_10.wav,NA,NA,unknown
ag_a_short_241203-1371_06.wav,a_241203_short_11,ag,a,Jello,short,1,241203-1371,2024-12-03,shelter_group4,shelter,yes,F,14,4,1,single,data/ag/audio/single/a/short/a_241203_short_11.wav,NA,NA,unknown
ag_a_short_241203-1371_07.wav,a_241203_short_12,ag,a,Jello,short,1,241203-1371,2024-12-03,shelter_group4,shelter,yes,F,14,4,1,single,data/ag/audio/single/a/short/a_241203_short_12.wav,NA,NA,unknown
ag_a_short_241203-1371_08.wav,a_241203_short_13,ag,a,Jello,short,1,241203-1371,2024-12-03,shelter_group4,shelter,yes,F,14,4,1,single,data/ag/audio/single/a/short/a_241203_short_13.wav,NA,NA,unknown
ag_a_short_241203-1371_09.wav,a_241203_short_14,ag,a,Jello,short,1,241203-1371,2024-12-03,shelter_group4,shelter,yes,F,14,4,1,single,data/ag/audio/single/a/short/a_241203_short_14.wav,NA,NA,unknown
ag_a_short_241203-1371_10.wav,a_241203_short_15,ag,a,Jello,short,1,241203-1371,2024-12-03,shelter_group4,shelter,yes,F,14,4,1,single,data/ag/audio/single/a/short/a_241203_short_15.wav,NA,NA,unknown
ag_a_short_241203-1371_11.wav,a_241203_short_16,ag,a,Jello,short,1,241203-1371,2024-12-03,shelter_group4,shelter,yes,F,14,4,1,single,data/ag/audio/single/a/short/a_241203_short_16.wav,NA,NA,unknown
ag_a_short_241203-1371_12.wav,a_241203_short_17,ag,a,Jello,short,1,241203-1371,2024-12-03,shelter_group4,shelter,yes,F,14,4,1,single,data/ag/audio/single/a/short/a_241203_short_17.wav,NA,NA,unknown
ag_a_short_241203-1371_13.wav,a_241203_short_18,ag,a,Jello,short,1,241203-1371,2024-12-03,shelter_group4,shelter,yes,F,14,4,1,single,data/ag/audio/single/a/short/a_241203_short_18.wav,NA,NA,unknown
ag_a_short_241203-1371_14.wav,a_241203_short_19,ag,a,Jello,short,1,241203-1371,2024-12-03,shelter_group4,shelter,yes,F,14,4,1,single,data/ag/audio/single/a/short/a_241203_short_19.wav,NA,NA,unknown
ag_a_short_241203-1371_15.wav,a_241203_short_20,ag,a,Jello,short,1,241203-1371,2024-12-03,shelter_group4,shelter,yes,F,14,4,1,single,data/ag/audio/single/a/short/a_241203_short_20.wav,NA,NA,unknown
ag_a_short_241203-1371_16.wav,a_241203_short_21,ag,a,Jello,short,1,241203-1371,2024-12-03,shelter_group4,shelter,yes,F,14,4,1,single,data/ag/audio/single/a/short/a_241203_short_21.wav,NA,NA,unknown
ag_a_short_241203-1371_17.wav,a_241203_short_22,ag,a,Jello,short,1,241203-1371,2024-12-03,shelter_group4,shelter,yes,F,14,4,1,single,data/ag/audio/single/a/short/a_241203_short_22.wav,NA,NA,unknown
ag_a_short_241204-1376_01.wav,a_241204_short_08,ag,a,Jello,short,1,241204-1376,2024-12-04,shelter_group4,shelter,yes,F,14,4,1,single,data/ag/audio/single/a/short/a_241204_short_08.wav,NA,NA,unknown
ag_a_short_241204-1376_02.wav,a_241204_short_23,ag,a,Jello,short,1,241204-1376,2024-12-04,shelter_group4,shelter,yes,F,14,4,1,single,data/ag/audio/single/a/short/a_241204_short_23.wav,NA,NA,unknown
ag_a_short_241204-1376_03.wav,a_241204_short_24,ag,a,Jello,short,1,241204-1376,2024-12-04,shelter_group4,shelter,yes,F,14,4,1,single,data/ag/audio/single/a/short/a_241204_short_24.wav,NA,NA,unknown
ag_a_short_241204-1376_04.wav,a_241204_short_25,ag,a,Jello,short,1,241204-1376,2024-12-04,shelter_group4,shelter,yes,F,14,4,1,single,data/ag/audio/single/a/short/a_241204_short_25.wav,NA,NA,unknown
ag_a_short_241204-1376_05.wav,a_241204_short_26,ag,a,Jello,short,1,241204-1376,2024-12-04,shelter_group4,shelter,yes,F,14,4,1,single,data/ag/audio/single/a/short/a_241204_short_26.wav,NA,NA,unknown
ag_a_short_241204-1376_06.wav,a_241204_short_27,ag,a,Jello,short,1,241204-1376,2024-12-04,shelter_group4,shelter,yes,F,14,4,1,single,data/ag/audio/single/a/short/a_241204_short_27.wav,NA,NA,unknown
ag_a_short_241204-1376_07.wav,a_241204_short_28,ag,a,Jello,short,1,241204-1376,2024-12-04,shelter_group4,shelter,yes,F,14,4,1,single,data/ag/audio/single/a/short/a_241204_short_28.wav,NA,NA,unknown
ag_a_triple_241203-1371_01.wav,a_241203_triple_01,ag,a,Jello,triple,1,241203-1371,2024-12-03,shelter_group4,shelter,yes,F,14,4,1,single,data/ag/audio/single/a/triple/a_241203_triple_01.wav,NA,NA,unknown
ag_a_triple_241203-1371_02.wav,a_241203_triple_03,ag,a,Jello,triple,1,241203-1371,2024-12-03,shelter_group4,shelter,yes,F,14,4,1,single,data/ag/audio/single/a/triple/a_241203_triple_03.wav,NA,NA,unknown
ag_a_triple_241203-1374_01.wav,a_241203_triple_02,ag,a,Jello,triple,1,241203-1374,2024-12-03,shelter_group4,shelter,yes,F,14,4,1,single,data/ag/audio/single/a/triple/a_241203_triple_02.wav,NA,NA,unknown
ag_a_triple_241204-1376_01.wav,a_241204_triple_04,ag,a,Jello,triple,1,241204-1376,2024-12-04,shelter_group4,shelter,yes,F,14,4,1,single,data/ag/audio/single/a/triple/a_241204_triple_04.wav,NA,NA,unknown
ag_a_vibrato_241203-1371_01.wav,a_241203_vibrato_04,ag,a,Jello,vibrato,1,241203-1371,2024-12-03,shelter_group4,shelter,yes,F,14,4,1,single,data/ag/audio/single/a/vibrato/a_241203_vibrato_04.wav,NA,NA,unknown
ag_a_vibrato_241203-1371_02.wav,a_241203_vibrato_05,ag,a,Jello,vibrato,1,241203-1371,2024-12-03,shelter_group4,shelter,yes,F,14,4,1,single,data/ag/audio/single/a/vibrato/a_241203_vibrato_05.wav,NA,NA,unknown
ag_a_vibrato_241203-1371_03.wav,a_241203_vibrato_06,ag,a,Jello,vibrato,1,241203-1371,2024-12-03,shelter_group4,shelter,yes,F,14,4,1,single,data/ag/audio/single/a/vibrato/a_241203_vibrato_06.wav,NA,NA,unknown
ag_a_vibrato_241204-1376_01.wav,a_241204_vibrato_01,ag,a,Jello,vibrato,1,241204-1376,2024-12-04,shelter_group4,shelter,yes,F,14,4,1,single,data/ag/audio/single/a/vibrato/a_241204_vibrato_01.wav,NA,NA,unknown
ag_a_vibrato_241204-1376_02.wav,a_241204_vibrato_02,ag,a,Jello,vibrato,1,241204-1376,2024-12-04,shelter_group4,shelter,yes,F,14,4,1,single,data/ag/audio/single/a/vibrato/a_241204_vibrato_02.wav,NA,NA,unknown
ag_a_vibrato_241204-1376_03.wav,a_241204_vibrato_03,ag,a,Jello,vibrato,1,241204-1376,2024-12-04,shelter_group4,shelter,yes,F,14,4,1,single,data/ag/audio/single/a/vibrato/a_241204_vibrato_03.wav,NA,NA,unknown
ag_b_ah_241203-1372_01.wav,b_241203_ah_01,ag,b,Nicky,ah,1,241203-1372,2024-12-03,shelter_group4,shelter,yes,M,14,4,1,single,data/ag/audio/single/b/ah/b_241203_ah_01.wav,NA,NA,unknown
ag_b_ah_241203-1372_02.wav,b_241203_ah_02,ag,b,Nicky,ah,1,241203-1372,2024-12-03,shelter_group4,shelter,yes,M,14,4,1,single,data/ag/audio/single/b/ah/b_241203_ah_02.wav,NA,NA,unknown
ag_b_ah_241203-1372_03.wav,b_241203_ah_03,ag,b,Nicky,ah,1,241203-1372,2024-12-03,shelter_group4,shelter,yes,M,14,4,1,single,data/ag/audio/single/b/ah/b_241203_ah_03.wav,NA,NA,unknown
ag_b_ah_241203-1372_04.wav,b_241203_ah_04,ag,b,Nicky,ah,1,241203-1372,2024-12-03,shelter_group4,shelter,yes,M,14,4,1,single,data/ag/audio/single/b/ah/b_241203_ah_04.wav,NA,NA,unknown
ag_b_ah_241203-1372_05.wav,b_241203_ah_05,ag,b,Nicky,ah,1,241203-1372,2024-12-03,shelter_group4,shelter,yes,M,14,4,1,single,data/ag/audio/single/b/ah/b_241203_ah_05.wav,NA,NA,unknown
ag_b_ah_241203-1372_06.wav,b_241203_ah_06,ag,b,Nicky,ah,1,241203-1372,2024-12-03,shelter_group4,shelter,yes,M,14,4,1,single,data/ag/audio/single/b/ah/b_241203_ah_06.wav,NA,NA,unknown
ag_b_ah_241203-1372_07.wav,b_241203_ah_07,ag,b,Nicky,ah,1,241203-1372,2024-12-03,shelter_group4,shelter,yes,M,14,4,1,single,data/ag/audio/single/b/ah/b_241203_ah_07.wav,NA,NA,unknown
ag_b_ah_241203-1372_08.wav,b_241203_ah_08,ag,b,Nicky,ah,1,241203-1372,2024-12-03,shelter_group4,shelter,yes,M,14,4,1,single,data/ag/audio/single/b/ah/b_241203_ah_08.wav,NA,NA,unknown
ag_b_ah_241203-1372_09.wav,b_241203_ah_09,ag,b,Nicky,ah,1,241203-1372,2024-12-03,shelter_group4,shelter,yes,M,14,4,1,single,data/ag/audio/single/b/ah/b_241203_ah_09.wav,NA,NA,unknown
ag_b_ah_241203-1372_10.wav,b_241203_ah_26,ag,b,Nicky,ah,1,241203-1372,2024-12-03,shelter_group4,shelter,yes,M,14,4,1,single,data/ag/audio/single/b/ah/b_241203_ah_26.wav,NA,NA,unknown
ag_b_ah_241203-1373_01.wav,b_241203_ah_10,ag,b,Nicky,ah,1,241203-1373,2024-12-03,shelter_group4,shelter,yes,M,14,4,1,single,data/ag/audio/single/b/ah/b_241203_ah_10.wav,NA,NA,unknown
ag_b_ah_241203-1373_02.wav,b_241203_ah_11,ag,b,Nicky,ah,1,241203-1373,2024-12-03,shelter_group4,shelter,yes,M,14,4,1,single,data/ag/audio/single/b/ah/b_241203_ah_11.wav,NA,NA,unknown
ag_b_ah_241203-1373_03.wav,b_241203_ah_12,ag,b,Nicky,ah,1,241203-1373,2024-12-03,shelter_group4,shelter,yes,M,14,4,1,single,data/ag/audio/single/b/ah/b_241203_ah_12.wav,NA,NA,unknown
ag_b_ah_241203-1373_04.wav,b_241203_ah_13,ag,b,Nicky,ah,1,241203-1373,2024-12-03,shelter_group4,shelter,yes,M,14,4,1,single,data/ag/audio/single/b/ah/b_241203_ah_13.wav,NA,NA,unknown
ag_b_ah_241203-1373_05.wav,b_241203_ah_14,ag,b,Nicky,ah,1,241203-1373,2024-12-03,shelter_group4,shelter,yes,M,14,4,1,single,data/ag/audio/single/b/ah/b_241203_ah_14.wav,NA,NA,unknown
ag_b_ah_241203-1373_06.wav,b_241203_ah_15,ag,b,Nicky,ah,1,241203-1373,2024-12-03,shelter_group4,shelter,yes,M,14,4,1,single,data/ag/audio/single/b/ah/b_241203_ah_15.wav,NA,NA,unknown
ag_b_ah_241203-1373_07.wav,b_241203_ah_16,ag,b,Nicky,ah,1,241203-1373,2024-12-03,shelter_group4,shelter,yes,M,14,4,1,single,data/ag/audio/single/b/ah/b_241203_ah_16.wav,NA,NA,unknown
ag_b_ah_241203-1373_08.wav,b_241203_ah_17,ag,b,Nicky,ah,1,241203-1373,2024-12-03,shelter_group4,shelter,yes,M,14,4,1,single,data/ag/audio/single/b/ah/b_241203_ah_17.wav,NA,NA,unknown
ag_b_ah_241203-1373_09.wav,b_241203_ah_18,ag,b,Nicky,ah,1,241203-1373,2024-12-03,shelter_group4,shelter,yes,M,14,4,1,single,data/ag/audio/single/b/ah/b_241203_ah_18.wav,NA,NA,unknown
ag_b_ah_241203-1373_10.wav,b_241203_ah_19,ag,b,Nicky,ah,1,241203-1373,2024-12-03,shelter_group4,shelter,yes,M,14,4,1,single,data/ag/audio/single/b/ah/b_241203_ah_19.wav,NA,NA,unknown
ag_b_ah_241203-1373_11.wav,b_241203_ah_20,ag,b,Nicky,ah,1,241203-1373,2024-12-03,shelter_group4,shelter,yes,M,14,4,1,single,data/ag/audio/single/b/ah/b_241203_ah_20.wav,NA,NA,unknown
ag_b_ah_241203-1373_12.wav,b_241203_ah_21,ag,b,Nicky,ah,1,241203-1373,2024-12-03,shelter_group4,shelter,yes,M,14,4,1,single,data/ag/audio/single/b/ah/b_241203_ah_21.wav,NA,NA,unknown
ag_b_ah_241203-1373_13.wav,b_241203_ah_22,ag,b,Nicky,ah,1,241203-1373,2024-12-03,shelter_group4,shelter,yes,M,14,4,1,single,data/ag/audio/single/b/ah/b_241203_ah_22.wav,NA,NA,unknown
ag_b_ah_241203-1373_14.wav,b_241203_ah_23,ag,b,Nicky,ah,1,241203-1373,2024-12-03,shelter_group4,shelter,yes,M,14,4,1,single,data/ag/audio/single/b/ah/b_241203_ah_23.wav,NA,NA,unknown
ag_b_ah_241203-1373_15.wav,b_241203_ah_24,ag,b,Nicky,ah,1,241203-1373,2024-12-03,shelter_group4,shelter,yes,M,14,4,1,single,data/ag/audio/single/b/ah/b_241203_ah_24.wav,NA,NA,unknown
ag_b_ah_241203-1373_16.wav,b_241203_ah_25,ag,b,Nicky,ah,1,241203-1373,2024-12-03,shelter_group4,shelter,yes,M,14,4,1,single,data/ag/audio/single/b/ah/b_241203_ah_25.wav,NA,NA,unknown
ag_b_ah_241203-1373_17.wav,b_241203_ah_27,ag,b,Nicky,ah,1,241203-1373,2024-12-03,shelter_group4,shelter,yes,M,14,4,1,single,data/ag/audio/single/b/ah/b_241203_ah_27.wav,NA,NA,unknown
ag_b_ah_241203-1373_18.wav,b_241203_ah_28,ag,b,Nicky,ah,1,241203-1373,2024-12-03,shelter_group4,shelter,yes,M,14,4,1,single,data/ag/audio/single/b/ah/b_241203_ah_28.wav,NA,NA,unknown
ag_b_ah_241203-1373_19.wav,b_241203_ah_29,ag,b,Nicky,ah,1,241203-1373,2024-12-03,shelter_group4,shelter,yes,M,14,4,1,single,data/ag/audio/single/b/ah/b_241203_ah_29.wav,NA,NA,unknown
ag_b_ah_241203-1373_20.wav,b_241203_ah_30,ag,b,Nicky,ah,1,241203-1373,2024-12-03,shelter_group4,shelter,yes,M,14,4,1,single,data/ag/audio/single/b/ah/b_241203_ah_30.wav,NA,NA,unknown
ag_b_raspy_241203-1372_01.wav,b_241203_raspy_21,ag,b,Nicky,raspy,1,241203-1372,2024-12-03,shelter_group4,shelter,yes,M,14,4,1,single,data/ag/audio/single/b/raspy/b_241203_raspy_21.wav,NA,NA,unknown
ag_b_raspy_241203-1373_01.wav,b_241203_raspy_01,ag,b,Nicky,raspy,1,241203-1373,2024-12-03,shelter_group4,shelter,yes,M,14,4,1,single,data/ag/audio/single/b/raspy/b_241203_raspy_01.wav,NA,NA,unknown
ag_b_raspy_241203-1373_02.wav,b_241203_raspy_02,ag,b,Nicky,raspy,1,241203-1373,2024-12-03,shelter_group4,shelter,yes,M,14,4,1,single,data/ag/audio/single/b/raspy/b_241203_raspy_02.wav,NA,NA,unknown
ag_b_raspy_241203-1373_03.wav,b_241203_raspy_03,ag,b,Nicky,raspy,1,241203-1373,2024-12-03,shelter_group4,shelter,yes,M,14,4,1,single,data/ag/audio/single/b/raspy/b_241203_raspy_03.wav,NA,NA,unknown
ag_b_raspy_241203-1373_04.wav,b_241203_raspy_04,ag,b,Nicky,raspy,1,241203-1373,2024-12-03,shelter_group4,shelter,yes,M,14,4,1,single,data/ag/audio/single/b/raspy/b_241203_raspy_04.wav,NA,NA,unknown
ag_b_raspy_241203-1373_05.wav,b_241203_raspy_05,ag,b,Nicky,raspy,1,241203-1373,2024-12-03,shelter_group4,shelter,yes,M,14,4,1,single,data/ag/audio/single/b/raspy/b_241203_raspy_05.wav,NA,NA,unknown
ag_b_raspy_241203-1373_06.wav,b_241203_raspy_06,ag,b,Nicky,raspy,1,241203-1373,2024-12-03,shelter_group4,shelter,yes,M,14,4,1,single,data/ag/audio/single/b/raspy/b_241203_raspy_06.wav,NA,NA,unknown
ag_b_raspy_241203-1373_07.wav,b_241203_raspy_07,ag,b,Nicky,raspy,1,241203-1373,2024-12-03,shelter_group4,shelter,yes,M,14,4,1,single,data/ag/audio/single/b/raspy/b_241203_raspy_07.wav,NA,NA,unknown
ag_b_raspy_241203-1373_08.wav,b_241203_raspy_08,ag,b,Nicky,raspy,1,241203-1373,2024-12-03,shelter_group4,shelter,yes,M,14,4,1,single,data/ag/audio/single/b/raspy/b_241203_raspy_08.wav,NA,NA,unknown
ag_b_raspy_241203-1373_09.wav,b_241203_raspy_09,ag,b,Nicky,raspy,1,241203-1373,2024-12-03,shelter_group4,shelter,yes,M,14,4,1,single,data/ag/audio/single/b/raspy/b_241203_raspy_09.wav,NA,NA,unknown
ag_b_raspy_241203-1373_10.wav,b_241203_raspy_10,ag,b,Nicky,raspy,1,241203-1373,2024-12-03,shelter_group4,shelter,yes,M,14,4,1,single,data/ag/audio/single/b/raspy/b_241203_raspy_10.wav,NA,NA,unknown
ag_b_raspy_241203-1373_11.wav,b_241203_raspy_11,ag,b,Nicky,raspy,1,241203-1373,2024-12-03,shelter_group4,shelter,yes,M,14,4,1,single,data/ag/audio/single/b/raspy/b_241203_raspy_11.wav,NA,NA,unknown
ag_b_raspy_241203-1373_12.wav,b_241203_raspy_12,ag,b,Nicky,raspy,1,241203-1373,2024-12-03,shelter_group4,shelter,yes,M,14,4,1,single,data/ag/audio/single/b/raspy/b_241203_raspy_12.wav,NA,NA,unknown
ag_b_raspy_241203-1373_13.wav,b_241203_raspy_13,ag,b,Nicky,raspy,1,241203-1373,2024-12-03,shelter_group4,shelter,yes,M,14,4,1,single,data/ag/audio/single/b/raspy/b_241203_raspy_13.wav,NA,NA,unknown
ag_b_raspy_241203-1373_14.wav,b_241203_raspy_14,ag,b,Nicky,raspy,1,241203-1373,2024-12-03,shelter_group4,shelter,yes,M,14,4,1,single,data/ag/audio/single/b/raspy/b_241203_raspy_14.wav,NA,NA,unknown
ag_b_raspy_241203-1373_15.wav,b_241203_raspy_15,ag,b,Nicky,raspy,1,241203-1373,2024-12-03,shelter_group4,shelter,yes,M,14,4,1,single,data/ag/audio/single/b/raspy/b_241203_raspy_15.wav,NA,NA,unknown
ag_b_raspy_241203-1373_16.wav,b_241203_raspy_16,ag,b,Nicky,raspy,1,241203-1373,2024-12-03,shelter_group4,shelter,yes,M,14,4,1,single,data/ag/audio/single/b/raspy/b_241203_raspy_16.wav,NA,NA,unknown
ag_b_raspy_241203-1373_17.wav,b_241203_raspy_17,ag,b,Nicky,raspy,1,241203-1373,2024-12-03,shelter_group4,shelter,yes,M,14,4,1,single,data/ag/audio/single/b/raspy/b_241203_raspy_17.wav,NA,NA,unknown
ag_b_raspy_241203-1373_18.wav,b_241203_raspy_18,ag,b,Nicky,raspy,1,241203-1373,2024-12-03,shelter_group4,shelter,yes,M,14,4,1,single,data/ag/audio/single/b/raspy/b_241203_raspy_18.wav,NA,NA,unknown
ag_b_raspy_241203-1373_19.wav,b_241203_raspy_19,ag,b,Nicky,raspy,1,241203-1373,2024-12-03,shelter_group4,shelter,yes,M,14,4,1,single,data/ag/audio/single/b/raspy/b_241203_raspy_19.wav,NA,NA,unknown
ag_b_raspy_241203-1373_20.wav,b_241203_raspy_20,ag,b,Nicky,raspy,1,241203-1373,2024-12-03,shelter_group4,shelter,yes,M,14,4,1,single,data/ag/audio/single/b/raspy/b_241203_raspy_20.wav,NA,NA,unknown
ag_b_short_241203-1372_01.wav,b_241203_short_01,ag,b,Nicky,short,1,241203-1372,2024-12-03,shelter_group4,shelter,yes,M,14,4,1,single,data/ag/audio/single/b/short/b_241203_short_01.wav,NA,NA,unknown
ag_b_short_241203-1372_02.wav,b_241203_short_02,ag,b,Nicky,short,1,241203-1372,2024-12-03,shelter_group4,shelter,yes,M,14,4,1,single,data/ag/audio/single/b/short/b_241203_short_02.wav,NA,NA,unknown
ag_b_short_241203-1372_03.wav,b_241203_short_03,ag,b,Nicky,short,1,241203-1372,2024-12-03,shelter_group4,shelter,yes,M,14,4,1,single,data/ag/audio/single/b/short/b_241203_short_03.wav,NA,NA,unknown
ag_b_short_241203-1372_04.wav,b_241203_short_04,ag,b,Nicky,short,1,241203-1372,2024-12-03,shelter_group4,shelter,yes,M,14,4,1,single,data/ag/audio/single/b/short/b_241203_short_04.wav,NA,NA,unknown
ag_b_short_241203-1372_05.wav,b_241203_short_05,ag,b,Nicky,short,1,241203-1372,2024-12-03,shelter_group4,shelter,yes,M,14,4,1,single,data/ag/audio/single/b/short/b_241203_short_05.wav,NA,NA,unknown
ag_b_short_241203-1372_06.wav,b_241203_short_06,ag,b,Nicky,short,1,241203-1372,2024-12-03,shelter_group4,shelter,yes,M,14,4,1,single,data/ag/audio/single/b/short/b_241203_short_06.wav,NA,NA,unknown
ag_b_short_241203-1372_07.wav,b_241203_short_07,ag,b,Nicky,short,1,241203-1372,2024-12-03,shelter_group4,shelter,yes,M,14,4,1,single,data/ag/audio/single/b/short/b_241203_short_07.wav,NA,NA,unknown
ag_b_short_241203-1372_08.wav,b_241203_short_08,ag,b,Nicky,short,1,241203-1372,2024-12-03,shelter_group4,shelter,yes,M,14,4,1,single,data/ag/audio/single/b/short/b_241203_short_08.wav,NA,NA,unknown
ag_b_short_241203-1372_09.wav,b_241203_short_09,ag,b,Nicky,short,1,241203-1372,2024-12-03,shelter_group4,shelter,yes,M,14,4,1,single,data/ag/audio/single/b/short/b_241203_short_09.wav,NA,NA,unknown
ag_b_short_241203-1372_10.wav,b_241203_short_10,ag,b,Nicky,short,1,241203-1372,2024-12-03,shelter_group4,shelter,yes,M,14,4,1,single,data/ag/audio/single/b/short/b_241203_short_10.wav,NA,NA,unknown
ag_b_short_241203-1372_11.wav,b_241203_short_11,ag,b,Nicky,short,1,241203-1372,2024-12-03,shelter_group4,shelter,yes,M,14,4,1,single,data/ag/audio/single/b/short/b_241203_short_11.wav,NA,NA,unknown
ag_b_short_241203-1372_12.wav,b_241203_short_12,ag,b,Nicky,short,1,241203-1372,2024-12-03,shelter_group4,shelter,yes,M,14,4,1,single,data/ag/audio/single/b/short/b_241203_short_12.wav,NA,NA,unknown
ag_b_short_241203-1372_13.wav,b_241203_short_13,ag,b,Nicky,short,1,241203-1372,2024-12-03,shelter_group4,shelter,yes,M,14,4,1,single,data/ag/audio/single/b/short/b_241203_short_13.wav,NA,NA,unknown
ag_b_short_241203-1372_14.wav,b_241203_short_14,ag,b,Nicky,short,1,241203-1372,2024-12-03,shelter_group4,shelter,yes,M,14,4,1,single,data/ag/audio/single/b/short/b_241203_short_14.wav,NA,NA,unknown
ag_b_short_241203-1372_15.wav,b_241203_short_15,ag,b,Nicky,short,1,241203-1372,2024-12-03,shelter_group4,shelter,yes,M,14,4,1,single,data/ag/audio/single/b/short/b_241203_short_15.wav,NA,NA,unknown
ag_b_short_241203-1372_16.wav,b_241203_short_16,ag,b,Nicky,short,1,241203-1372,2024-12-03,shelter_group4,shelter,yes,M,14,4,1,single,data/ag/audio/single/b/short/b_241203_short_16.wav,NA,NA,unknown
ag_b_short_241203-1372_17.wav,b_241203_short_17,ag,b,Nicky,short,1,241203-1372,2024-12-03,shelter_group4,shelter,yes,M,14,4,1,single,data/ag/audio/single/b/short/b_241203_short_17.wav,NA,NA,unknown
ag_b_short_241203-1372_18.wav,b_241203_short_18,ag,b,Nicky,short,1,241203-1372,2024-12-03,shelter_group4,shelter,yes,M,14,4,1,single,data/ag/audio/single/b/short/b_241203_short_18.wav,NA,NA,unknown
ag_b_short_241203-1372_19.wav,b_241203_short_19,ag,b,Nicky,short,1,241203-1372,2024-12-03,shelter_group4,shelter,yes,M,14,4,1,single,data/ag/audio/single/b/short/b_241203_short_19.wav,NA,NA,unknown
ag_b_short_241203-1372_20.wav,b_241203_short_20,ag,b,Nicky,short,1,241203-1372,2024-12-03,shelter_group4,shelter,yes,M,14,4,1,single,data/ag/audio/single/b/short/b_241203_short_20.wav,NA,NA,unknown
ag_b_short_241203-1372_21.wav,b_241203_short_21,ag,b,Nicky,short,1,241203-1372,2024-12-03,shelter_group4,shelter,yes,M,14,4,1,single,data/ag/audio/single/b/short/b_241203_short_21.wav,NA,NA,unknown
ag_b_short_241203-1372_22.wav,b_241203_short_22,ag,b,Nicky,short,1,241203-1372,2024-12-03,shelter_group4,shelter,yes,M,14,4,1,single,data/ag/audio/single/b/short/b_241203_short_22.wav,NA,NA,unknown
ag_b_short_241203-1372_23.wav,b_241203_short_23,ag,b,Nicky,short,1,241203-1372,2024-12-03,shelter_group4,shelter,yes,M,14,4,1,single,data/ag/audio/single/b/short/b_241203_short_23.wav,NA,NA,unknown
ag_b_short_241203-1372_24.wav,b_241203_short_24,ag,b,Nicky,short,1,241203-1372,2024-12-03,shelter_group4,shelter,yes,M,14,4,1,single,data/ag/audio/single/b/short/b_241203_short_24.wav,NA,NA,unknown
ag_b_short_241203-1372_25.wav,b_241203_short_25,ag,b,Nicky,short,1,241203-1372,2024-12-03,shelter_group4,shelter,yes,M,14,4,1,single,data/ag/audio/single/b/short/b_241203_short_25.wav,NA,NA,unknown
ag_b_short_241203-1372_26.wav,b_241203_short_26,ag,b,Nicky,short,1,241203-1372,2024-12-03,shelter_group4,shelter,yes,M,14,4,1,single,data/ag/audio/single/b/short/b_241203_short_26.wav,NA,NA,unknown
ag_b_short_241203-1373_01.wav,b_241203_short_27,ag,b,Nicky,short,1,241203-1373,2024-12-03,shelter_group4,shelter,yes,M,14,4,1,single,data/ag/audio/single/b/short/b_241203_short_27.wav,NA,NA,unknown
ag_b_short_241203-1373_02.wav,b_241203_short_28,ag,b,Nicky,short,1,241203-1373,2024-12-03,shelter_group4,shelter,yes,M,14,4,1,single,data/ag/audio/single/b/short/b_241203_short_28.wav,NA,NA,unknown
ag_b_short_241203-1373_03.wav,b_241203_short_29,ag,b,Nicky,short,1,241203-1373,2024-12-03,shelter_group4,shelter,yes,M,14,4,1,single,data/ag/audio/single/b/short/b_241203_short_29.wav,NA,NA,unknown
ag_b_short_241203-1373_04.wav,b_241203_short_30,ag,b,Nicky,short,1,241203-1373,2024-12-03,shelter_group4,shelter,yes,M,14,4,1,single,data/ag/audio/single/b/short/b_241203_short_30.wav,NA,NA,unknown
ag_b_short_241203-1373_05.wav,b_241203_short_31,ag,b,Nicky,short,1,241203-1373,2024-12-03,shelter_group4,shelter,yes,M,14,4,1,single,data/ag/audio/single/b/short/b_241203_short_31.wav,NA,NA,unknown
ag_b_short_241203-1373_06.wav,b_241203_short_32,ag,b,Nicky,short,1,241203-1373,2024-12-03,shelter_group4,shelter,yes,M,14,4,1,single,data/ag/audio/single/b/short/b_241203_short_32.wav,NA,NA,unknown
ag_b_short_241203-1373_07.wav,b_241203_short_33,ag,b,Nicky,short,1,241203-1373,2024-12-03,shelter_group4,shelter,yes,M,14,4,1,single,data/ag/audio/single/b/short/b_241203_short_33.wav,NA,NA,unknown
ag_b_short_241203-1373_08.wav,b_241203_short_34,ag,b,Nicky,short,1,241203-1373,2024-12-03,shelter_group4,shelter,yes,M,14,4,1,single,data/ag/audio/single/b/short/b_241203_short_34.wav,NA,NA,unknown
ag_b_short_241203-1373_09.wav,b_241203_short_35,ag,b,Nicky,short,1,241203-1373,2024-12-03,shelter_group4,shelter,yes,M,14,4,1,single,data/ag/audio/single/b/short/b_241203_short_35.wav,NA,NA,unknown
ag_b_short_241203-1373_10.wav,b_241203_short_36,ag,b,Nicky,short,1,241203-1373,2024-12-03,shelter_group4,shelter,yes,M,14,4,1,single,data/ag/audio/single/b/short/b_241203_short_36.wav,NA,NA,unknown
ag_b_short_241203-1373_11.wav,b_241203_short_37,ag,b,Nicky,short,1,241203-1373,2024-12-03,shelter_group4,shelter,yes,M,14,4,1,single,data/ag/audio/single/b/short/b_241203_short_37.wav,NA,NA,unknown
ag_b_short_241203-1373_12.wav,b_241203_short_38,ag,b,Nicky,short,1,241203-1373,2024-12-03,shelter_group4,shelter,yes,M,14,4,1,single,data/ag/audio/single/b/short/b_241203_short_38.wav,NA,NA,unknown
ag_b_short_241203-1373_13.wav,b_241203_short_39,ag,b,Nicky,short,1,241203-1373,2024-12-03,shelter_group4,shelter,yes,M,14,4,1,single,data/ag/audio/single/b/short/b_241203_short_39.wav,NA,NA,unknown
ag_b_short_241203-1373_14.wav,b_241203_short_40,ag,b,Nicky,short,1,241203-1373,2024-12-03,shelter_group4,shelter,yes,M,14,4,1,single,data/ag/audio/single/b/short/b_241203_short_40.wav,NA,NA,unknown
ag_b_triple_241203-1372_01.wav,b_241203_triple_02,ag,b,Nicky,triple,1,241203-1372,2024-12-03,shelter_group4,shelter,yes,M,14,4,1,single,data/ag/audio/single/b/triple/b_241203_triple_02.wav,NA,NA,unknown
ag_b_triple_241203-1373_01.wav,b_241203_triple_01,ag,b,Nicky,triple,1,241203-1373,2024-12-03,shelter_group4,shelter,yes,M,14,4,1,single,data/ag/audio/single/b/triple/b_241203_triple_01.wav,NA,NA,unknown
ag_b_vibrato_241203-1372_01.wav,b_241203_vibrato_01,ag,b,Nicky,vibrato,1,241203-1372,2024-12-03,shelter_group4,shelter,yes,M,14,4,1,single,data/ag/audio/single/b/vibrato/b_241203_vibrato_01.wav,NA,NA,unknown
ag_b_vibrato_241203-1372_02.wav,b_241203_vibrato_02,ag,b,Nicky,vibrato,1,241203-1372,2024-12-03,shelter_group4,shelter,yes,M,14,4,1,single,data/ag/audio/single/b/vibrato/b_241203_vibrato_02.wav,NA,NA,unknown
ag_b_vibrato_241203-1372_03.wav,b_241203_vibrato_03,ag,b,Nicky,vibrato,1,241203-1372,2024-12-03,shelter_group4,shelter,yes,M,14,4,1,single,data/ag/audio/single/b/vibrato/b_241203_vibrato_03.wav,NA,NA,unknown
ag_b_vibrato_241203-1372_04.wav,b_241203_vibrato_04,ag,b,Nicky,vibrato,1,241203-1372,2024-12-03,shelter_group4,shelter,yes,M,14,4,1,single,data/ag/audio/single/b/vibrato/b_241203_vibrato_04.wav,NA,NA,unknown
ag_b_vibrato_241203-1372_05.wav,b_241203_vibrato_09,ag,b,Nicky,vibrato,1,241203-1372,2024-12-03,shelter_group4,shelter,yes,M,14,4,1,single,data/ag/audio/single/b/vibrato/b_241203_vibrato_09.wav,NA,NA,unknown
ag_b_vibrato_241203-1372_06.wav,b_241203_vibrato_10,ag,b,Nicky,vibrato,1,241203-1372,2024-12-03,shelter_group4,shelter,yes,M,14,4,1,single,data/ag/audio/single/b/vibrato/b_241203_vibrato_10.wav,NA,NA,unknown
ag_b_vibrato_241203-1373_01.wav,b_241203_vibrato_05,ag,b,Nicky,vibrato,1,241203-1373,2024-12-03,shelter_group4,shelter,yes,M,14,4,1,single,data/ag/audio/single/b/vibrato/b_241203_vibrato_05.wav,NA,NA,unknown
ag_b_vibrato_241203-1373_02.wav,b_241203_vibrato_06,ag,b,Nicky,vibrato,1,241203-1373,2024-12-03,shelter_group4,shelter,yes,M,14,4,1,single,data/ag/audio/single/b/vibrato/b_241203_vibrato_06.wav,NA,NA,unknown
ag_b_vibrato_241203-1373_03.wav,b_241203_vibrato_07,ag,b,Nicky,vibrato,1,241203-1373,2024-12-03,shelter_group4,shelter,yes,M,14,4,1,single,data/ag/audio/single/b/vibrato/b_241203_vibrato_07.wav,NA,NA,unknown
ag_b_vibrato_241203-1373_04.wav,b_241203_vibrato_08,ag,b,Nicky,vibrato,1,241203-1373,2024-12-03,shelter_group4,shelter,yes,M,14,4,1,single,data/ag/audio/single/b/vibrato/b_241203_vibrato_08.wav,NA,NA,unknown
ag_b_vibrato_241203-1373_05.wav,b_241203_vibrato_11,ag,b,Nicky,vibrato,1,241203-1373,2024-12-03,shelter_group4,shelter,yes,M,14,4,1,single,data/ag/audio/single/b/vibrato/b_241203_vibrato_11.wav,NA,NA,unknown
ag_b_vibrato_241203-1373_06.wav,b_241203_vibrato_12,ag,b,Nicky,vibrato,1,241203-1373,2024-12-03,shelter_group4,shelter,yes,M,14,4,1,single,data/ag/audio/single/b/vibrato/b_241203_vibrato_12.wav,NA,NA,unknown
ag_b_vibrato_241203-1373_07.wav,b_241203_vibrato_13,ag,b,Nicky,vibrato,1,241203-1373,2024-12-03,shelter_group4,shelter,yes,M,14,4,1,single,data/ag/audio/single/b/vibrato/b_241203_vibrato_13.wav,NA,NA,unknown
ag_b_vibrato_241203-1373_08.wav,b_241203_vibrato_14,ag,b,Nicky,vibrato,1,241203-1373,2024-12-03,shelter_group4,shelter,yes,M,14,4,1,single,data/ag/audio/single/b/vibrato/b_241203_vibrato_14.wav,NA,NA,unknown
ag_b_vibrato_241203-1373_09.wav,b_241203_vibrato_15,ag,b,Nicky,vibrato,1,241203-1373,2024-12-03,shelter_group4,shelter,yes,M,14,4,1,single,data/ag/audio/single/b/vibrato/b_241203_vibrato_15.wav,NA,NA,unknown
ag_carrot_ah_241118-1328_01.wav,carrot_241118_ah_10,ag,carrot,Carrot,ah,1,241118-1328,2024-11-18,maxplanck_lab,lab,no,F,6,2,1,single,data/ag/audio/single/carrot/ah/carrot_241118_ah_10.wav,Aviary 2,2019,unknown
ag_carrot_ah_241118-1328_02.wav,carrot_241118_ah_12,ag,carrot,Carrot,ah,1,241118-1328,2024-11-18,maxplanck_lab,lab,no,F,6,2,1,single,data/ag/audio/single/carrot/ah/carrot_241118_ah_12.wav,Aviary 2,2019,unknown
ag_carrot_ah_241118-1328_03.wav,carrot_241118_ah_13,ag,carrot,Carrot,ah,1,241118-1328,2024-11-18,maxplanck_lab,lab,no,F,6,2,1,single,data/ag/audio/single/carrot/ah/carrot_241118_ah_13.wav,Aviary 2,2019,unknown
ag_carrot_ah_241118-1329_01.wav,carrot_241118_ah_14,ag,carrot,Carrot,ah,1,241118-1329,2024-11-18,maxplanck_lab,lab,no,F,6,2,1,single,data/ag/audio/single/carrot/ah/carrot_241118_ah_14.wav,Aviary 2,2019,unknown
ag_carrot_ah_241118-1329_02.wav,carrot_241118_ah_15,ag,carrot,Carrot,ah,1,241118-1329,2024-11-18,maxplanck_lab,lab,no,F,6,2,1,single,data/ag/audio/single/carrot/ah/carrot_241118_ah_15.wav,Aviary 2,2019,unknown
ag_carrot_ah_241118-1329_03.wav,carrot_241118_ah_20,ag,carrot,Carrot,ah,1,241118-1329,2024-11-18,maxplanck_lab,lab,no,F,6,2,1,single,data/ag/audio/single/carrot/ah/carrot_241118_ah_20.wav,Aviary 2,2019,unknown
ag_carrot_ah_241119-1330_01.wav,carrot_241119_ah_01,ag,carrot,Carrot,ah,1,241119-1330,2024-11-19,maxplanck_lab,lab,no,F,6,2,1,single,data/ag/audio/single/carrot/ah/carrot_241119_ah_01.wav,Aviary 2,2019,unknown
ag_carrot_ah_241119-1330_02.wav,carrot_241119_ah_02,ag,carrot,Carrot,ah,1,241119-1330,2024-11-19,maxplanck_lab,lab,no,F,6,2,1,single,data/ag/audio/single/carrot/ah/carrot_241119_ah_02.wav,Aviary 2,2019,unknown
ag_carrot_ah_241119-1330_03.wav,carrot_241119_ah_03,ag,carrot,Carrot,ah,1,241119-1330,2024-11-19,maxplanck_lab,lab,no,F,6,2,1,single,data/ag/audio/single/carrot/ah/carrot_241119_ah_03.wav,Aviary 2,2019,unknown
ag_carrot_ah_241119-1330_04.wav,carrot_241119_ah_04,ag,carrot,Carrot,ah,1,241119-1330,2024-11-19,maxplanck_lab,lab,no,F,6,2,1,single,data/ag/audio/single/carrot/ah/carrot_241119_ah_04.wav,Aviary 2,2019,unknown
ag_carrot_ah_241119-1330_05.wav,carrot_241119_ah_05,ag,carrot,Carrot,ah,1,241119-1330,2024-11-19,maxplanck_lab,lab,no,F,6,2,1,single,data/ag/audio/single/carrot/ah/carrot_241119_ah_05.wav,Aviary 2,2019,unknown
ag_carrot_ah_241119-1330_06.wav,carrot_241119_ah_06,ag,carrot,Carrot,ah,1,241119-1330,2024-11-19,maxplanck_lab,lab,no,F,6,2,1,single,data/ag/audio/single/carrot/ah/carrot_241119_ah_06.wav,Aviary 2,2019,unknown
ag_carrot_ah_241119-1330_07.wav,carrot_241119_ah_07,ag,carrot,Carrot,ah,1,241119-1330,2024-11-19,maxplanck_lab,lab,no,F,6,2,1,single,data/ag/audio/single/carrot/ah/carrot_241119_ah_07.wav,Aviary 2,2019,unknown
ag_carrot_ah_241119-1330_08.wav,carrot_241119_ah_08,ag,carrot,Carrot,ah,1,241119-1330,2024-11-19,maxplanck_lab,lab,no,F,6,2,1,single,data/ag/audio/single/carrot/ah/carrot_241119_ah_08.wav,Aviary 2,2019,unknown
ag_carrot_ah_241119-1331_01.wav,carrot_241119_ah_09,ag,carrot,Carrot,ah,1,241119-1331,2024-11-19,maxplanck_lab,lab,no,F,6,2,1,single,data/ag/audio/single/carrot/ah/carrot_241119_ah_09.wav,Aviary 2,2019,unknown
ag_carrot_ah_241119-1331_02.wav,carrot_241119_ah_11,ag,carrot,Carrot,ah,1,241119-1331,2024-11-19,maxplanck_lab,lab,no,F,6,2,1,single,data/ag/audio/single/carrot/ah/carrot_241119_ah_11.wav,Aviary 2,2019,unknown
ag_carrot_ah_241121-1332_01.wav,carrot_241121_ah_18,ag,carrot,Carrot,ah,1,241121-1332,2024-11-21,maxplanck_lab,lab,no,F,6,2,1,single,data/ag/audio/single/carrot/ah/carrot_241121_ah_18.wav,Aviary 2,2019,unknown
ag_carrot_ah_241121-1332_02.wav,carrot_241121_ah_19,ag,carrot,Carrot,ah,1,241121-1332,2024-11-21,maxplanck_lab,lab,no,F,6,2,1,single,data/ag/audio/single/carrot/ah/carrot_241121_ah_19.wav,Aviary 2,2019,unknown
ag_carrot_ah_241121-1333_01.wav,carrot_241121_ah_16,ag,carrot,Carrot,ah,1,241121-1333,2024-11-21,maxplanck_lab,lab,no,F,6,2,1,single,data/ag/audio/single/carrot/ah/carrot_241121_ah_16.wav,Aviary 2,2019,unknown
ag_carrot_ah_241121-1333_02.wav,carrot_241121_ah_17,ag,carrot,Carrot,ah,1,241121-1333,2024-11-21,maxplanck_lab,lab,no,F,6,2,1,single,data/ag/audio/single/carrot/ah/carrot_241121_ah_17.wav,Aviary 2,2019,unknown
ag_carrot_doubleco_241118-1328_01.wav,carrot_241118_doubleco_03,ag,carrot,Carrot,doubleco,1,241118-1328,2024-11-18,maxplanck_lab,lab,no,F,6,2,1,single,data/ag/audio/single/carrot/doubleco/carrot_241118_doubleco_03.wav,Aviary 2,2019,unknown
ag_carrot_doubleco_241118-1328_02.wav,carrot_241118_doubleco_04,ag,carrot,Carrot,doubleco,1,241118-1328,2024-11-18,maxplanck_lab,lab,no,F,6,2,1,single,data/ag/audio/single/carrot/doubleco/carrot_241118_doubleco_04.wav,Aviary 2,2019,unknown
ag_carrot_doubleco_241118-1329_01.wav,carrot_241118_doubleco_01,ag,carrot,Carrot,doubleco,1,241118-1329,2024-11-18,maxplanck_lab,lab,no,F,6,2,1,single,data/ag/audio/single/carrot/doubleco/carrot_241118_doubleco_01.wav,Aviary 2,2019,unknown
ag_carrot_doubleco_241118-1329_02.wav,carrot_241118_doubleco_02,ag,carrot,Carrot,doubleco,1,241118-1329,2024-11-18,maxplanck_lab,lab,no,F,6,2,1,single,data/ag/audio/single/carrot/doubleco/carrot_241118_doubleco_02.wav,Aviary 2,2019,unknown
ag_carrot_doubleco_241119-1330_01.wav,carrot_241119_doubleco_05,ag,carrot,Carrot,doubleco,1,241119-1330,2024-11-19,maxplanck_lab,lab,no,F,6,2,1,single,data/ag/audio/single/carrot/doubleco/carrot_241119_doubleco_05.wav,Aviary 2,2019,unknown
ag_carrot_doubleco_241119-1330_02.wav,carrot_241119_doubleco_06,ag,carrot,Carrot,doubleco,1,241119-1330,2024-11-19,maxplanck_lab,lab,no,F,6,2,1,single,data/ag/audio/single/carrot/doubleco/carrot_241119_doubleco_06.wav,Aviary 2,2019,unknown
ag_carrot_short_241118-1328_01.wav,carrot_241118_short_03,ag,carrot,Carrot,short,1,241118-1328,2024-11-18,maxplanck_lab,lab,no,F,6,2,1,single,data/ag/audio/single/carrot/short/carrot_241118_short_03.wav,Aviary 2,2019,unknown
ag_carrot_short_241118-1328_02.wav,carrot_241118_short_09,ag,carrot,Carrot,short,1,241118-1328,2024-11-18,maxplanck_lab,lab,no,F,6,2,1,single,data/ag/audio/single/carrot/short/carrot_241118_short_09.wav,Aviary 2,2019,unknown
ag_carrot_short_241119-1330_01.wav,carrot_241119_short_04,ag,carrot,Carrot,short,1,241119-1330,2024-11-19,maxplanck_lab,lab,no,F,6,2,1,single,data/ag/audio/single/carrot/short/carrot_241119_short_04.wav,Aviary 2,2019,unknown
ag_carrot_short_241119-1330_02.wav,carrot_241119_short_05,ag,carrot,Carrot,short,1,241119-1330,2024-11-19,maxplanck_lab,lab,no,F,6,2,1,single,data/ag/audio/single/carrot/short/carrot_241119_short_05.wav,Aviary 2,2019,unknown
ag_carrot_short_241119-1330_03.wav,carrot_241119_short_06,ag,carrot,Carrot,short,1,241119-1330,2024-11-19,maxplanck_lab,lab,no,F,6,2,1,single,data/ag/audio/single/carrot/short/carrot_241119_short_06.wav,Aviary 2,2019,unknown
ag_carrot_short_241119-1330_04.wav,carrot_241119_short_07,ag,carrot,Carrot,short,1,241119-1330,2024-11-19,maxplanck_lab,lab,no,F,6,2,1,single,data/ag/audio/single/carrot/short/carrot_241119_short_07.wav,Aviary 2,2019,unknown
ag_carrot_short_241119-1330_05.wav,carrot_241119_short_08,ag,carrot,Carrot,short,1,241119-1330,2024-11-19,maxplanck_lab,lab,no,F,6,2,1,single,data/ag/audio/single/carrot/short/carrot_241119_short_08.wav,Aviary 2,2019,unknown
ag_carrot_short_241119-1330_06.wav,carrot_241119_short_12,ag,carrot,Carrot,short,1,241119-1330,2024-11-19,maxplanck_lab,lab,no,F,6,2,1,single,data/ag/audio/single/carrot/short/carrot_241119_short_12.wav,Aviary 2,2019,unknown
ag_carrot_short_241119-1330_07.wav,carrot_241119_short_13,ag,carrot,Carrot,short,1,241119-1330,2024-11-19,maxplanck_lab,lab,no,F,6,2,1,single,data/ag/audio/single/carrot/short/carrot_241119_short_13.wav,Aviary 2,2019,unknown
ag_carrot_short_241119-1331_01.wav,carrot_241119_short_01,ag,carrot,Carrot,short,1,241119-1331,2024-11-19,maxplanck_lab,lab,no,F,6,2,1,single,data/ag/audio/single/carrot/short/carrot_241119_short_01.wav,Aviary 2,2019,unknown
ag_carrot_short_241119-1331_02.wav,carrot_241119_short_02,ag,carrot,Carrot,short,1,241119-1331,2024-11-19,maxplanck_lab,lab,no,F,6,2,1,single,data/ag/audio/single/carrot/short/carrot_241119_short_02.wav,Aviary 2,2019,unknown
ag_carrot_short_241121-1332_01.wav,carrot_241121_short_10,ag,carrot,Carrot,short,1,241121-1332,2024-11-21,maxplanck_lab,lab,no,F,6,2,1,single,data/ag/audio/single/carrot/short/carrot_241121_short_10.wav,Aviary 2,2019,unknown
ag_carrot_short_241121-1332_02.wav,carrot_241121_short_11,ag,carrot,Carrot,short,1,241121-1332,2024-11-21,maxplanck_lab,lab,no,F,6,2,1,single,data/ag/audio/single/carrot/short/carrot_241121_short_11.wav,Aviary 2,2019,unknown
ag_carrot_short_241121-1332_03.wav,carrot_241121_short_14,ag,carrot,Carrot,short,1,241121-1332,2024-11-21,maxplanck_lab,lab,no,F,6,2,1,single,data/ag/audio/single/carrot/short/carrot_241121_short_14.wav,Aviary 2,2019,unknown
ag_carrot_short_241121-1332_04.wav,carrot_241121_short_15,ag,carrot,Carrot,short,1,241121-1332,2024-11-21,maxplanck_lab,lab,no,F,6,2,1,single,data/ag/audio/single/carrot/short/carrot_241121_short_15.wav,Aviary 2,2019,unknown
ag_carrot_short_241121-1332_05.wav,carrot_241121_short_16,ag,carrot,Carrot,short,1,241121-1332,2024-11-21,maxplanck_lab,lab,no,F,6,2,1,single,data/ag/audio/single/carrot/short/carrot_241121_short_16.wav,Aviary 2,2019,unknown
ag_carrot_vibrato_241118-1328_01.wav,carrot_241118_vibrato_01,ag,carrot,Carrot,vibrato,1,241118-1328,2024-11-18,maxplanck_lab,lab,no,F,6,2,1,single,data/ag/audio/single/carrot/vibrato/carrot_241118_vibrato_01.wav,Aviary 2,2019,unknown
ag_carrot_vibrato_241118-1328_02.wav,carrot_241118_vibrato_02,ag,carrot,Carrot,vibrato,1,241118-1328,2024-11-18,maxplanck_lab,lab,no,F,6,2,1,single,data/ag/audio/single/carrot/vibrato/carrot_241118_vibrato_02.wav,Aviary 2,2019,unknown
ag_carrot_vibrato_241118-1328_03.wav,carrot_241118_vibrato_05,ag,carrot,Carrot,vibrato,1,241118-1328,2024-11-18,maxplanck_lab,lab,no,F,6,2,1,single,data/ag/audio/single/carrot/vibrato/carrot_241118_vibrato_05.wav,Aviary 2,2019,unknown
ag_carrot_vibrato_241118-1329_01.wav,carrot_241118_vibrato_04,ag,carrot,Carrot,vibrato,1,241118-1329,2024-11-18,maxplanck_lab,lab,no,F,6,2,1,single,data/ag/audio/single/carrot/vibrato/carrot_241118_vibrato_04.wav,Aviary 2,2019,unknown
ag_carrot_vibrato_241118-1329_02.wav,carrot_241118_vibrato_06,ag,carrot,Carrot,vibrato,1,241118-1329,2024-11-18,maxplanck_lab,lab,no,F,6,2,1,single,data/ag/audio/single/carrot/vibrato/carrot_241118_vibrato_06.wav,Aviary 2,2019,unknown
ag_carrot_vibrato_241119-1330_01.wav,carrot_241119_vibrato_07,ag,carrot,Carrot,vibrato,1,241119-1330,2024-11-19,maxplanck_lab,lab,no,F,6,2,1,single,data/ag/audio/single/carrot/vibrato/carrot_241119_vibrato_07.wav,Aviary 2,2019,unknown
ag_carrot_vibrato_241119-1331_01.wav,carrot_241119_vibrato_03,ag,carrot,Carrot,vibrato,1,241119-1331,2024-11-19,maxplanck_lab,lab,no,F,6,2,1,single,data/ag/audio/single/carrot/vibrato/carrot_241119_vibrato_03.wav,Aviary 2,2019,unknown
ag_carrot_vibrato_241121-1332_01.wav,carrot_241121_vibrato_08,ag,carrot,Carrot,vibrato,1,241121-1332,2024-11-21,maxplanck_lab,lab,no,F,6,2,1,single,data/ag/audio/single/carrot/vibrato/carrot_241121_vibrato_08.wav,Aviary 2,2019,unknown
ag_carrot_vibrato_241121-1332_02.wav,carrot_241121_vibrato_09,ag,carrot,Carrot,vibrato,1,241121-1332,2024-11-21,maxplanck_lab,lab,no,F,6,2,1,single,data/ag/audio/single/carrot/vibrato/carrot_241121_vibrato_09.wav,Aviary 2,2019,unknown
ag_charlie_ah_241004-1235_01.wav,charlie_241004_ah_01,ag,charlie,Charlie,ah,1,241004-1235,2024-10-04,maxplanck_lab,lab,yes,M,13,1,1,single,data/ag/audio/single/charlie/ah/charlie_241004_ah_01.wav,Aviary 1,2014,family_2
ag_charlie_ah_241004-1235_02.wav,charlie_241004_ah_05,ag,charlie,Charlie,ah,1,241004-1235,2024-10-04,maxplanck_lab,lab,yes,M,13,1,1,single,data/ag/audio/single/charlie/ah/charlie_241004_ah_05.wav,Aviary 1,2014,family_2
ag_charlie_ah_241004-1235_03.wav,charlie_241004_ah_07,ag,charlie,Charlie,ah,1,241004-1235,2024-10-04,maxplanck_lab,lab,yes,M,13,1,1,single,data/ag/audio/single/charlie/ah/charlie_241004_ah_07.wav,Aviary 1,2014,family_2
ag_charlie_ah_241010-1273_01.wav,charlie_241010_ah_02,ag,charlie,Charlie,ah,1,241010-1273,2024-10-10,maxplanck_lab,lab,yes,M,13,1,1,single,data/ag/audio/single/charlie/ah/charlie_241010_ah_02.wav,Aviary 1,2014,family_2
ag_charlie_ah_241010-1273_02.wav,charlie_241010_ah_03,ag,charlie,Charlie,ah,1,241010-1273,2024-10-10,maxplanck_lab,lab,yes,M,13,1,1,single,data/ag/audio/single/charlie/ah/charlie_241010_ah_03.wav,Aviary 1,2014,family_2
ag_charlie_ah_NA_01.wav,charlie__ah_04,ag,charlie,Charlie,ah,1,NA,NA,maxplanck_lab,lab,yes,M,13,1,0,single,data/ag/audio/single/charlie/ah/charlie__ah_04.wav,Aviary 1,2014,family_2
ag_charlie_ah_NA_02.wav,charlie__ah_06,ag,charlie,Charlie,ah,1,NA,NA,maxplanck_lab,lab,yes,M,13,1,0,single,data/ag/audio/single/charlie/ah/charlie__ah_06.wav,Aviary 1,2014,family_2
ag_charlie_doubleco_241010-1273_01.wav,charlie_241010_doubleco_01,ag,charlie,Charlie,doubleco,1,241010-1273,2024-10-10,maxplanck_lab,lab,yes,M,13,1,1,single,data/ag/audio/single/charlie/doubleco/charlie_241010_doubleco_01.wav,Aviary 1,2014,family_2
ag_charlie_doubleco_241010-1273_02.wav,charlie_241010_doubleco_03,ag,charlie,Charlie,doubleco,1,241010-1273,2024-10-10,maxplanck_lab,lab,yes,M,13,1,1,single,data/ag/audio/single/charlie/doubleco/charlie_241010_doubleco_03.wav,Aviary 1,2014,family_2
ag_charlie_doubleco_241010-1273_03.wav,charlie_241010_doubleco_05,ag,charlie,Charlie,doubleco,1,241010-1273,2024-10-10,maxplanck_lab,lab,yes,M,13,1,1,single,data/ag/audio/single/charlie/doubleco/charlie_241010_doubleco_05.wav,Aviary 1,2014,family_2
ag_charlie_doubleco_241010-1273_04.wav,charlie_241010_doubleco_09,ag,charlie,Charlie,doubleco,1,241010-1273,2024-10-10,maxplanck_lab,lab,yes,M,13,1,1,single,data/ag/audio/single/charlie/doubleco/charlie_241010_doubleco_09.wav,Aviary 1,2014,family_2
ag_charlie_doubleco_241010-1273_05.wav,charlie_241010_doubleco_11,ag,charlie,Charlie,doubleco,1,241010-1273,2024-10-10,maxplanck_lab,lab,yes,M,13,1,1,single,data/ag/audio/single/charlie/doubleco/charlie_241010_doubleco_11.wav,Aviary 1,2014,family_2
ag_charlie_doubleco_NA_01.wav,charlie__doubleco_02,ag,charlie,Charlie,doubleco,1,NA,NA,maxplanck_lab,lab,yes,M,13,1,0,single,data/ag/audio/single/charlie/doubleco/charlie__doubleco_02.wav,Aviary 1,2014,family_2
ag_charlie_doubleco_NA_02.wav,charlie__doubleco_04,ag,charlie,Charlie,doubleco,1,NA,NA,maxplanck_lab,lab,yes,M,13,1,0,single,data/ag/audio/single/charlie/doubleco/charlie__doubleco_04.wav,Aviary 1,2014,family_2
ag_charlie_doubleco_NA_03.wav,charlie__doubleco_06,ag,charlie,Charlie,doubleco,1,NA,NA,maxplanck_lab,lab,yes,M,13,1,0,single,data/ag/audio/single/charlie/doubleco/charlie__doubleco_06.wav,Aviary 1,2014,family_2
ag_charlie_doubleco_NA_04.wav,charlie__doubleco_07,ag,charlie,Charlie,doubleco,1,NA,NA,maxplanck_lab,lab,yes,M,13,1,0,single,data/ag/audio/single/charlie/doubleco/charlie__doubleco_07.wav,Aviary 1,2014,family_2
ag_charlie_doubleco_NA_05.wav,charlie__doubleco_08,ag,charlie,Charlie,doubleco,1,NA,NA,maxplanck_lab,lab,yes,M,13,1,0,single,data/ag/audio/single/charlie/doubleco/charlie__doubleco_08.wav,Aviary 1,2014,family_2
ag_charlie_doubleco_NA_06.wav,charlie__doubleco_10,ag,charlie,Charlie,doubleco,1,NA,NA,maxplanck_lab,lab,yes,M,13,1,0,single,data/ag/audio/single/charlie/doubleco/charlie__doubleco_10.wav,Aviary 1,2014,family_2
ag_charlie_doublese_241007-1250_01.wav,charlie_241007_doublese_01,ag,charlie,Charlie,doublese,1,241007-1250,2024-10-07,maxplanck_lab,lab,yes,M,13,1,1,single,data/ag/audio/single/charlie/doublese/charlie_241007_doublese_01.wav,Aviary 1,2014,family_2
ag_charlie_doublese_241007-1250_02.wav,charlie_241007_doublese_02,ag,charlie,Charlie,doublese,1,241007-1250,2024-10-07,maxplanck_lab,lab,yes,M,13,1,1,single,data/ag/audio/single/charlie/doublese/charlie_241007_doublese_02.wav,Aviary 1,2014,family_2
ag_charlie_doublese_241007-1250_03.wav,charlie_241007_doublese_03,ag,charlie,Charlie,doublese,1,241007-1250,2024-10-07,maxplanck_lab,lab,yes,M,13,1,1,single,data/ag/audio/single/charlie/doublese/charlie_241007_doublese_03.wav,Aviary 1,2014,family_2
ag_charlie_doublese_241007-1250_04.wav,charlie_241007_doublese_06,ag,charlie,Charlie,doublese,1,241007-1250,2024-10-07,maxplanck_lab,lab,yes,M,13,1,1,single,data/ag/audio/single/charlie/doublese/charlie_241007_doublese_06.wav,Aviary 1,2014,family_2
ag_charlie_doublese_241007-1250_05.wav,charlie_241007_doublese_07,ag,charlie,Charlie,doublese,1,241007-1250,2024-10-07,maxplanck_lab,lab,yes,M,13,1,1,single,data/ag/audio/single/charlie/doublese/charlie_241007_doublese_07.wav,Aviary 1,2014,family_2
ag_charlie_doublese_241007-1250_06.wav,charlie_241007_doublese_08,ag,charlie,Charlie,doublese,1,241007-1250,2024-10-07,maxplanck_lab,lab,yes,M,13,1,1,single,data/ag/audio/single/charlie/doublese/charlie_241007_doublese_08.wav,Aviary 1,2014,family_2
ag_charlie_doublese_NA_01.wav,charlie__doublese_04,ag,charlie,Charlie,doublese,1,NA,NA,maxplanck_lab,lab,yes,M,13,1,0,single,data/ag/audio/single/charlie/doublese/charlie__doublese_04.wav,Aviary 1,2014,family_2
ag_charlie_doublese_NA_02.wav,charlie__doublese_05,ag,charlie,Charlie,doublese,1,NA,NA,maxplanck_lab,lab,yes,M,13,1,0,single,data/ag/audio/single/charlie/doublese/charlie__doublese_05.wav,Aviary 1,2014,family_2
ag_charlie_raspy_241007-1250_01.wav,charlie_241007_raspy_01,ag,charlie,Charlie,raspy,1,241007-1250,2024-10-07,maxplanck_lab,lab,yes,M,13,1,1,single,data/ag/audio/single/charlie/raspy/charlie_241007_raspy_01.wav,Aviary 1,2014,family_2
ag_charlie_raspy_241007-1250_02.wav,charlie_241007_raspy_02,ag,charlie,Charlie,raspy,1,241007-1250,2024-10-07,maxplanck_lab,lab,yes,M,13,1,1,single,data/ag/audio/single/charlie/raspy/charlie_241007_raspy_02.wav,Aviary 1,2014,family_2
ag_charlie_raspy_241007-1250_03.wav,charlie_241007_raspy_03,ag,charlie,Charlie,raspy,1,241007-1250,2024-10-07,maxplanck_lab,lab,yes,M,13,1,1,single,data/ag/audio/single/charlie/raspy/charlie_241007_raspy_03.wav,Aviary 1,2014,family_2
ag_charlie_raspy_241007-1250_04.wav,charlie_241007_raspy_04,ag,charlie,Charlie,raspy,1,241007-1250,2024-10-07,maxplanck_lab,lab,yes,M,13,1,1,single,data/ag/audio/single/charlie/raspy/charlie_241007_raspy_04.wav,Aviary 1,2014,family_2
ag_charlie_short_241007-1250_01.wav,charlie_241007_short_01,ag,charlie,Charlie,short,1,241007-1250,2024-10-07,maxplanck_lab,lab,yes,M,13,1,1,single,data/ag/audio/single/charlie/short/charlie_241007_short_01.wav,Aviary 1,2014,family_2
ag_charlie_short_241007-1250_02.wav,charlie_241007_short_02,ag,charlie,Charlie,short,1,241007-1250,2024-10-07,maxplanck_lab,lab,yes,M,13,1,1,single,data/ag/audio/single/charlie/short/charlie_241007_short_02.wav,Aviary 1,2014,family_2
ag_charlie_short_241007-1250_03.wav,charlie_241007_short_03,ag,charlie,Charlie,short,1,241007-1250,2024-10-07,maxplanck_lab,lab,yes,M,13,1,1,single,data/ag/audio/single/charlie/short/charlie_241007_short_03.wav,Aviary 1,2014,family_2
ag_charlie_short_241007-1250_04.wav,charlie_241007_short_05,ag,charlie,Charlie,short,1,241007-1250,2024-10-07,maxplanck_lab,lab,yes,M,13,1,1,single,data/ag/audio/single/charlie/short/charlie_241007_short_05.wav,Aviary 1,2014,family_2
ag_charlie_short_241007-1250_05.wav,charlie_241007_short_06,ag,charlie,Charlie,short,1,241007-1250,2024-10-07,maxplanck_lab,lab,yes,M,13,1,1,single,data/ag/audio/single/charlie/short/charlie_241007_short_06.wav,Aviary 1,2014,family_2
ag_charlie_short_241007-1250_06.wav,charlie_241007_short_16,ag,charlie,Charlie,short,1,241007-1250,2024-10-07,maxplanck_lab,lab,yes,M,13,1,1,single,data/ag/audio/single/charlie/short/charlie_241007_short_16.wav,Aviary 1,2014,family_2
ag_charlie_short_241010-1273_01.wav,charlie_241010_short_08,ag,charlie,Charlie,short,1,241010-1273,2024-10-10,maxplanck_lab,lab,yes,M,13,1,1,single,data/ag/audio/single/charlie/short/charlie_241010_short_08.wav,Aviary 1,2014,family_2
ag_charlie_short_241010-1273_02.wav,charlie_241010_short_09,ag,charlie,Charlie,short,1,241010-1273,2024-10-10,maxplanck_lab,lab,yes,M,13,1,1,single,data/ag/audio/single/charlie/short/charlie_241010_short_09.wav,Aviary 1,2014,family_2
ag_charlie_short_241010-1273_03.wav,charlie_241010_short_10,ag,charlie,Charlie,short,1,241010-1273,2024-10-10,maxplanck_lab,lab,yes,M,13,1,1,single,data/ag/audio/single/charlie/short/charlie_241010_short_10.wav,Aviary 1,2014,family_2
ag_charlie_short_241010-1273_04.wav,charlie_241010_short_12,ag,charlie,Charlie,short,1,241010-1273,2024-10-10,maxplanck_lab,lab,yes,M,13,1,1,single,data/ag/audio/single/charlie/short/charlie_241010_short_12.wav,Aviary 1,2014,family_2
ag_charlie_short_241010-1273_05.wav,charlie_241010_short_13,ag,charlie,Charlie,short,1,241010-1273,2024-10-10,maxplanck_lab,lab,yes,M,13,1,1,single,data/ag/audio/single/charlie/short/charlie_241010_short_13.wav,Aviary 1,2014,family_2
ag_charlie_short_241010-1273_06.wav,charlie_241010_short_14,ag,charlie,Charlie,short,1,241010-1273,2024-10-10,maxplanck_lab,lab,yes,M,13,1,1,single,data/ag/audio/single/charlie/short/charlie_241010_short_14.wav,Aviary 1,2014,family_2
ag_charlie_short_NA_01.wav,charlie__short_04,ag,charlie,Charlie,short,1,NA,NA,maxplanck_lab,lab,yes,M,13,1,0,single,data/ag/audio/single/charlie/short/charlie__short_04.wav,Aviary 1,2014,family_2
ag_charlie_short_NA_02.wav,charlie__short_07,ag,charlie,Charlie,short,1,NA,NA,maxplanck_lab,lab,yes,M,13,1,0,single,data/ag/audio/single/charlie/short/charlie__short_07.wav,Aviary 1,2014,family_2
ag_charlie_short_NA_03.wav,charlie__short_11,ag,charlie,Charlie,short,1,NA,NA,maxplanck_lab,lab,yes,M,13,1,0,single,data/ag/audio/single/charlie/short/charlie__short_11.wav,Aviary 1,2014,family_2
ag_charlie_short_NA_04.wav,charlie__short_15,ag,charlie,Charlie,short,1,NA,NA,maxplanck_lab,lab,yes,M,13,1,0,single,data/ag/audio/single/charlie/short/charlie__short_15.wav,Aviary 1,2014,family_2
ag_charlie_vibrato_241004-1235_01.wav,charlie_241004_vibrato_01,ag,charlie,Charlie,vibrato,1,241004-1235,2024-10-04,maxplanck_lab,lab,yes,M,13,1,1,single,data/ag/audio/single/charlie/vibrato/charlie_241004_vibrato_01.wav,Aviary 1,2014,family_2
ag_charlie_vibrato_241004-1235_02.wav,charlie_241004_vibrato_06,ag,charlie,Charlie,vibrato,1,241004-1235,2024-10-04,maxplanck_lab,lab,yes,M,13,1,1,single,data/ag/audio/single/charlie/vibrato/charlie_241004_vibrato_06.wav,Aviary 1,2014,family_2
ag_charlie_vibrato_241004-1235_03.wav,charlie_241004_vibrato_07,ag,charlie,Charlie,vibrato,1,241004-1235,2024-10-04,maxplanck_lab,lab,yes,M,13,1,1,single,data/ag/audio/single/charlie/vibrato/charlie_241004_vibrato_07.wav,Aviary 1,2014,family_2
ag_charlie_vibrato_241004-1235_04.wav,charlie_241004_vibrato_08,ag,charlie,Charlie,vibrato,1,241004-1235,2024-10-04,maxplanck_lab,lab,yes,M,13,1,1,single,data/ag/audio/single/charlie/vibrato/charlie_241004_vibrato_08.wav,Aviary 1,2014,family_2
ag_charlie_vibrato_241004-1235_05.wav,charlie_241004_vibrato_09,ag,charlie,Charlie,vibrato,1,241004-1235,2024-10-04,maxplanck_lab,lab,yes,M,13,1,1,single,data/ag/audio/single/charlie/vibrato/charlie_241004_vibrato_09.wav,Aviary 1,2014,family_2
ag_charlie_vibrato_241004-1235_06.wav,charlie_241004_vibrato_10,ag,charlie,Charlie,vibrato,1,241004-1235,2024-10-04,maxplanck_lab,lab,yes,M,13,1,1,single,data/ag/audio/single/charlie/vibrato/charlie_241004_vibrato_10.wav,Aviary 1,2014,family_2
ag_charlie_vibrato_241005-1240_01.wav,charlie_241005_vibrato_02,ag,charlie,Charlie,vibrato,1,241005-1240,2024-10-05,maxplanck_lab,lab,yes,M,13,1,1,single,data/ag/audio/single/charlie/vibrato/charlie_241005_vibrato_02.wav,Aviary 1,2014,family_2
ag_charlie_vibrato_241005-1240_02.wav,charlie_241005_vibrato_03,ag,charlie,Charlie,vibrato,1,241005-1240,2024-10-05,maxplanck_lab,lab,yes,M,13,1,1,single,data/ag/audio/single/charlie/vibrato/charlie_241005_vibrato_03.wav,Aviary 1,2014,family_2
ag_charlie_vibrato_241005-1240_03.wav,charlie_241005_vibrato_04,ag,charlie,Charlie,vibrato,1,241005-1240,2024-10-05,maxplanck_lab,lab,yes,M,13,1,1,single,data/ag/audio/single/charlie/vibrato/charlie_241005_vibrato_04.wav,Aviary 1,2014,family_2
ag_charlie_vibrato_241005-1240_04.wav,charlie_241005_vibrato_05,ag,charlie,Charlie,vibrato,1,241005-1240,2024-10-05,maxplanck_lab,lab,yes,M,13,1,1,single,data/ag/audio/single/charlie/vibrato/charlie_241005_vibrato_05.wav,Aviary 1,2014,family_2
ag_gargamel_ah_241003-1234_01.wav,gargamel_241003_ah_01,ag,gargamel,Gargamel,ah,1,241003-1234,2024-10-03,maxplanck_lab,lab,no,M,13,1,1,single,data/ag/audio/single/gargamel/ah/gargamel_241003_ah_01.wav,Aviary 1,2012,family_2
ag_gargamel_ah_241003-1234_02.wav,gargamel_241003_ah_02,ag,gargamel,Gargamel,ah,1,241003-1234,2024-10-03,maxplanck_lab,lab,no,M,13,1,1,single,data/ag/audio/single/gargamel/ah/gargamel_241003_ah_02.wav,Aviary 1,2012,family_2
ag_gargamel_ah_241007-1251_01.wav,gargamel_241007_ah_03,ag,gargamel,Gargamel,ah,1,241007-1251,2024-10-07,maxplanck_lab,lab,no,M,13,1,1,single,data/ag/audio/single/gargamel/ah/gargamel_241007_ah_03.wav,Aviary 1,2012,family_2
ag_gargamel_ah_241007-1251_02.wav,gargamel_241007_ah_04,ag,gargamel,Gargamel,ah,1,241007-1251,2024-10-07,maxplanck_lab,lab,no,M,13,1,1,single,data/ag/audio/single/gargamel/ah/gargamel_241007_ah_04.wav,Aviary 1,2012,family_2
ag_gargamel_ah_241007-1254_01.wav,gargamel_241007_ah_05,ag,gargamel,Gargamel,ah,1,241007-1254,2024-10-07,maxplanck_lab,lab,no,M,13,1,1,single,data/ag/audio/single/gargamel/ah/gargamel_241007_ah_05.wav,Aviary 1,2012,family_2
ag_gargamel_ah_241007-1254_02.wav,gargamel_241007_ah_06,ag,gargamel,Gargamel,ah,1,241007-1254,2024-10-07,maxplanck_lab,lab,no,M,13,1,1,single,data/ag/audio/single/gargamel/ah/gargamel_241007_ah_06.wav,Aviary 1,2012,family_2
ag_gargamel_ah_241008-1259_01.wav,gargamel_241008_ah_07,ag,gargamel,Gargamel,ah,1,241008-1259,2024-10-08,maxplanck_lab,lab,no,M,13,1,1,single,data/ag/audio/single/gargamel/ah/gargamel_241008_ah_07.wav,Aviary 1,2012,family_2
ag_gargamel_ah_241008-1259_02.wav,gargamel_241008_ah_12,ag,gargamel,Gargamel,ah,1,241008-1259,2024-10-08,maxplanck_lab,lab,no,M,13,1,1,single,data/ag/audio/single/gargamel/ah/gargamel_241008_ah_12.wav,Aviary 1,2012,family_2
ag_gargamel_ah_241010-1272_01.wav,gargamel_241010_ah_13,ag,gargamel,Gargamel,ah,1,241010-1272,2024-10-10,maxplanck_lab,lab,no,M,13,1,1,single,data/ag/audio/single/gargamel/ah/gargamel_241010_ah_13.wav,Aviary 1,2012,family_2
ag_gargamel_ah_241013-1275_01.wav,gargamel_241013_ah_08,ag,gargamel,Gargamel,ah,1,241013-1275,2024-10-13,maxplanck_lab,lab,no,M,13,1,1,single,data/ag/audio/single/gargamel/ah/gargamel_241013_ah_08.wav,Aviary 1,2012,family_2
ag_gargamel_ah_241013-1275_02.wav,gargamel_241013_ah_11,ag,gargamel,Gargamel,ah,1,241013-1275,2024-10-13,maxplanck_lab,lab,no,M,13,1,1,single,data/ag/audio/single/gargamel/ah/gargamel_241013_ah_11.wav,Aviary 1,2012,family_2
ag_gargamel_ah_241013-1275_03.wav,gargamel_241013_ah_14,ag,gargamel,Gargamel,ah,1,241013-1275,2024-10-13,maxplanck_lab,lab,no,M,13,1,1,single,data/ag/audio/single/gargamel/ah/gargamel_241013_ah_14.wav,Aviary 1,2012,family_2
ag_gargamel_ah_NA_01.wav,gargamel__ah_09,ag,gargamel,Gargamel,ah,1,NA,NA,maxplanck_lab,lab,no,M,13,1,0,single,data/ag/audio/single/gargamel/ah/gargamel__ah_09.wav,Aviary 1,2012,family_2
ag_gargamel_ah_NA_02.wav,gargamel__ah_10,ag,gargamel,Gargamel,ah,1,NA,NA,maxplanck_lab,lab,no,M,13,1,0,single,data/ag/audio/single/gargamel/ah/gargamel__ah_10.wav,Aviary 1,2012,family_2
ag_gargamel_doubleco_241003-1234_01.wav,gargamel_241003_doubleco_01,ag,gargamel,Gargamel,doubleco,1,241003-1234,2024-10-03,maxplanck_lab,lab,no,M,13,1,1,single,data/ag/audio/single/gargamel/doubleco/gargamel_241003_doubleco_01.wav,Aviary 1,2012,family_2
ag_gargamel_doubleco_241007-1254_01.wav,gargamel_241007_doubleco_05,ag,gargamel,Gargamel,doubleco,1,241007-1254,2024-10-07,maxplanck_lab,lab,no,M,13,1,1,single,data/ag/audio/single/gargamel/doubleco/gargamel_241007_doubleco_05.wav,Aviary 1,2012,family_2
ag_gargamel_doubleco_241010-1272_01.wav,gargamel_241010_doubleco_04,ag,gargamel,Gargamel,doubleco,1,241010-1272,2024-10-10,maxplanck_lab,lab,no,M,13,1,1,single,data/ag/audio/single/gargamel/doubleco/gargamel_241010_doubleco_04.wav,Aviary 1,2012,family_2
ag_gargamel_doubleco_NA_01.wav,gargamel__doubleco_02,ag,gargamel,Gargamel,doubleco,1,NA,NA,maxplanck_lab,lab,no,M,13,1,0,single,data/ag/audio/single/gargamel/doubleco/gargamel__doubleco_02.wav,Aviary 1,2012,family_2
ag_gargamel_doubleco_NA_02.wav,gargamel__doubleco_03,ag,gargamel,Gargamel,doubleco,1,NA,NA,maxplanck_lab,lab,no,M,13,1,0,single,data/ag/audio/single/gargamel/doubleco/gargamel__doubleco_03.wav,Aviary 1,2012,family_2
ag_gargamel_doublese_NA_01.wav,gargamel__doublese_01,ag,gargamel,Gargamel,doublese,1,NA,NA,maxplanck_lab,lab,no,M,13,1,0,single,data/ag/audio/single/gargamel/doublese/gargamel__doublese_01.wav,Aviary 1,2012,family_2
ag_gargamel_raspy_241008-1259_01.wav,gargamel_241008_raspy_03,ag,gargamel,Gargamel,raspy,1,241008-1259,2024-10-08,maxplanck_lab,lab,no,M,13,1,1,single,data/ag/audio/single/gargamel/raspy/gargamel_241008_raspy_03.wav,Aviary 1,2012,family_2
ag_gargamel_raspy_241010-1272_01.wav,gargamel_241010_raspy_01,ag,gargamel,Gargamel,raspy,1,241010-1272,2024-10-10,maxplanck_lab,lab,no,M,13,1,1,single,data/ag/audio/single/gargamel/raspy/gargamel_241010_raspy_01.wav,Aviary 1,2012,family_2
ag_gargamel_raspy_241010-1272_02.wav,gargamel_241010_raspy_02,ag,gargamel,Gargamel,raspy,1,241010-1272,2024-10-10,maxplanck_lab,lab,no,M,13,1,1,single,data/ag/audio/single/gargamel/raspy/gargamel_241010_raspy_02.wav,Aviary 1,2012,family_2
ag_gargamel_triple_241007-1254_01.wav,gargamel_241007_triple_01,ag,gargamel,Gargamel,triple,1,241007-1254,2024-10-07,maxplanck_lab,lab,no,M,13,1,1,single,data/ag/audio/single/gargamel/triple/gargamel_241007_triple_01.wav,Aviary 1,2012,family_2
ag_gargamel_triple_NA_01.wav,gargamel__triple_02,ag,gargamel,Gargamel,triple,1,NA,NA,maxplanck_lab,lab,no,M,13,1,0,single,data/ag/audio/single/gargamel/triple/gargamel__triple_02.wav,Aviary 1,2012,family_2
ag_gargamel_triple_NA_02.wav,gargamel__triple_03,ag,gargamel,Gargamel,triple,1,NA,NA,maxplanck_lab,lab,no,M,13,1,0,single,data/ag/audio/single/gargamel/triple/gargamel__triple_03.wav,Aviary 1,2012,family_2
ag_gargamel_vibrato_241003-1234_01.wav,gargamel_241003_vibrato_01,ag,gargamel,Gargamel,vibrato,1,241003-1234,2024-10-03,maxplanck_lab,lab,no,M,13,1,1,single,data/ag/audio/single/gargamel/vibrato/gargamel_241003_vibrato_01.wav,Aviary 1,2012,family_2
ag_gargamel_vibrato_241003-1234_02.wav,gargamel_241003_vibrato_02,ag,gargamel,Gargamel,vibrato,1,241003-1234,2024-10-03,maxplanck_lab,lab,no,M,13,1,1,single,data/ag/audio/single/gargamel/vibrato/gargamel_241003_vibrato_02.wav,Aviary 1,2012,family_2
ag_gargamel_vibrato_241003-1234_03.wav,gargamel_241003_vibrato_03,ag,gargamel,Gargamel,vibrato,1,241003-1234,2024-10-03,maxplanck_lab,lab,no,M,13,1,1,single,data/ag/audio/single/gargamel/vibrato/gargamel_241003_vibrato_03.wav,Aviary 1,2012,family_2
ag_gargamel_vibrato_241003-1234_04.wav,gargamel_241003_vibrato_04,ag,gargamel,Gargamel,vibrato,1,241003-1234,2024-10-03,maxplanck_lab,lab,no,M,13,1,1,single,data/ag/audio/single/gargamel/vibrato/gargamel_241003_vibrato_04.wav,Aviary 1,2012,family_2
ag_gargamel_vibrato_241003-1234_05.wav,gargamel_241003_vibrato_05,ag,gargamel,Gargamel,vibrato,1,241003-1234,2024-10-03,maxplanck_lab,lab,no,M,13,1,1,single,data/ag/audio/single/gargamel/vibrato/gargamel_241003_vibrato_05.wav,Aviary 1,2012,family_2
ag_gargamel_vibrato_241007-1251_01.wav,gargamel_241007_vibrato_06,ag,gargamel,Gargamel,vibrato,1,241007-1251,2024-10-07,maxplanck_lab,lab,no,M,13,1,1,single,data/ag/audio/single/gargamel/vibrato/gargamel_241007_vibrato_06.wav,Aviary 1,2012,family_2
ag_gargamel_vibrato_241007-1251_02.wav,gargamel_241007_vibrato_07,ag,gargamel,Gargamel,vibrato,1,241007-1251,2024-10-07,maxplanck_lab,lab,no,M,13,1,1,single,data/ag/audio/single/gargamel/vibrato/gargamel_241007_vibrato_07.wav,Aviary 1,2012,family_2
ag_gargamel_vibrato_241007-1251_03.wav,gargamel_241007_vibrato_08,ag,gargamel,Gargamel,vibrato,1,241007-1251,2024-10-07,maxplanck_lab,lab,no,M,13,1,1,single,data/ag/audio/single/gargamel/vibrato/gargamel_241007_vibrato_08.wav,Aviary 1,2012,family_2
ag_gargamel_vibrato_241007-1251_04.wav,gargamel_241007_vibrato_09,ag,gargamel,Gargamel,vibrato,1,241007-1251,2024-10-07,maxplanck_lab,lab,no,M,13,1,1,single,data/ag/audio/single/gargamel/vibrato/gargamel_241007_vibrato_09.wav,Aviary 1,2012,family_2
ag_gargamel_vibrato_241007-1254_01.wav,gargamel_241007_vibrato_10,ag,gargamel,Gargamel,vibrato,1,241007-1254,2024-10-07,maxplanck_lab,lab,no,M,13,1,1,single,data/ag/audio/single/gargamel/vibrato/gargamel_241007_vibrato_10.wav,Aviary 1,2012,family_2
ag_gargamel_vibrato_241007-1254_02.wav,gargamel_241007_vibrato_11,ag,gargamel,Gargamel,vibrato,1,241007-1254,2024-10-07,maxplanck_lab,lab,no,M,13,1,1,single,data/ag/audio/single/gargamel/vibrato/gargamel_241007_vibrato_11.wav,Aviary 1,2012,family_2
ag_gargamel_vibrato_241007-1254_03.wav,gargamel_241007_vibrato_12,ag,gargamel,Gargamel,vibrato,1,241007-1254,2024-10-07,maxplanck_lab,lab,no,M,13,1,1,single,data/ag/audio/single/gargamel/vibrato/gargamel_241007_vibrato_12.wav,Aviary 1,2012,family_2
ag_gargamel_vibrato_241008-1259_01.wav,gargamel_241008_vibrato_14,ag,gargamel,Gargamel,vibrato,1,241008-1259,2024-10-08,maxplanck_lab,lab,no,M,13,1,1,single,data/ag/audio/single/gargamel/vibrato/gargamel_241008_vibrato_14.wav,Aviary 1,2012,family_2
ag_gargamel_vibrato_241008-1259_02.wav,gargamel_241008_vibrato_15,ag,gargamel,Gargamel,vibrato,1,241008-1259,2024-10-08,maxplanck_lab,lab,no,M,13,1,1,single,data/ag/audio/single/gargamel/vibrato/gargamel_241008_vibrato_15.wav,Aviary 1,2012,family_2
ag_gargamel_vibrato_241008-1259_03.wav,gargamel_241008_vibrato_16,ag,gargamel,Gargamel,vibrato,1,241008-1259,2024-10-08,maxplanck_lab,lab,no,M,13,1,1,single,data/ag/audio/single/gargamel/vibrato/gargamel_241008_vibrato_16.wav,Aviary 1,2012,family_2
ag_gargamel_vibrato_241008-1259_04.wav,gargamel_241008_vibrato_17,ag,gargamel,Gargamel,vibrato,1,241008-1259,2024-10-08,maxplanck_lab,lab,no,M,13,1,1,single,data/ag/audio/single/gargamel/vibrato/gargamel_241008_vibrato_17.wav,Aviary 1,2012,family_2
ag_gargamel_vibrato_241008-1259_05.wav,gargamel_241008_vibrato_18,ag,gargamel,Gargamel,vibrato,1,241008-1259,2024-10-08,maxplanck_lab,lab,no,M,13,1,1,single,data/ag/audio/single/gargamel/vibrato/gargamel_241008_vibrato_18.wav,Aviary 1,2012,family_2
ag_gargamel_vibrato_241010-1272_01.wav,gargamel_241010_vibrato_20,ag,gargamel,Gargamel,vibrato,1,241010-1272,2024-10-10,maxplanck_lab,lab,no,M,13,1,1,single,data/ag/audio/single/gargamel/vibrato/gargamel_241010_vibrato_20.wav,Aviary 1,2012,family_2
ag_gargamel_vibrato_241010-1272_02.wav,gargamel_241010_vibrato_21,ag,gargamel,Gargamel,vibrato,1,241010-1272,2024-10-10,maxplanck_lab,lab,no,M,13,1,1,single,data/ag/audio/single/gargamel/vibrato/gargamel_241010_vibrato_21.wav,Aviary 1,2012,family_2
ag_gargamel_vibrato_241010-1272_03.wav,gargamel_241010_vibrato_22,ag,gargamel,Gargamel,vibrato,1,241010-1272,2024-10-10,maxplanck_lab,lab,no,M,13,1,1,single,data/ag/audio/single/gargamel/vibrato/gargamel_241010_vibrato_22.wav,Aviary 1,2012,family_2
ag_gargamel_vibrato_241010-1272_04.wav,gargamel_241010_vibrato_23,ag,gargamel,Gargamel,vibrato,1,241010-1272,2024-10-10,maxplanck_lab,lab,no,M,13,1,1,single,data/ag/audio/single/gargamel/vibrato/gargamel_241010_vibrato_23.wav,Aviary 1,2012,family_2
ag_gargamel_vibrato_241010-1272_05.wav,gargamel_241010_vibrato_24,ag,gargamel,Gargamel,vibrato,1,241010-1272,2024-10-10,maxplanck_lab,lab,no,M,13,1,1,single,data/ag/audio/single/gargamel/vibrato/gargamel_241010_vibrato_24.wav,Aviary 1,2012,family_2
ag_gargamel_vibrato_241010-1272_06.wav,gargamel_241010_vibrato_25,ag,gargamel,Gargamel,vibrato,1,241010-1272,2024-10-10,maxplanck_lab,lab,no,M,13,1,1,single,data/ag/audio/single/gargamel/vibrato/gargamel_241010_vibrato_25.wav,Aviary 1,2012,family_2
ag_gargamel_vibrato_241013-1275_01.wav,gargamel_241013_vibrato_26,ag,gargamel,Gargamel,vibrato,1,241013-1275,2024-10-13,maxplanck_lab,lab,no,M,13,1,1,single,data/ag/audio/single/gargamel/vibrato/gargamel_241013_vibrato_26.wav,Aviary 1,2012,family_2
ag_gargamel_vibrato_241013-1275_02.wav,gargamel_241013_vibrato_27,ag,gargamel,Gargamel,vibrato,1,241013-1275,2024-10-13,maxplanck_lab,lab,no,M,13,1,1,single,data/ag/audio/single/gargamel/vibrato/gargamel_241013_vibrato_27.wav,Aviary 1,2012,family_2
ag_gargamel_vibrato_NA_01.wav,gargamel__vibrato_13,ag,gargamel,Gargamel,vibrato,1,NA,NA,maxplanck_lab,lab,no,M,13,1,0,single,data/ag/audio/single/gargamel/vibrato/gargamel__vibrato_13.wav,Aviary 1,2012,family_2
ag_gargamel_vibrato_NA_02.wav,gargamel__vibrato_19,ag,gargamel,Gargamel,vibrato,1,NA,NA,maxplanck_lab,lab,no,M,13,1,0,single,data/ag/audio/single/gargamel/vibrato/gargamel__vibrato_19.wav,Aviary 1,2012,family_2
ag_gargamel_vibrato_NA_03.wav,gargamel__vibrato_28,ag,gargamel,Gargamel,vibrato,1,NA,NA,maxplanck_lab,lab,no,M,13,1,0,single,data/ag/audio/single/gargamel/vibrato/gargamel__vibrato_28.wav,Aviary 1,2012,family_2
ag_huang_ah_241009-1268_01.wav,huang_241009_ah_04,ag,huang,Mr Huang,ah,1,241009-1268,2024-10-09,maxplanck_lab,lab,no,M,12,1,1,single,data/ag/audio/single/huang/ah/huang_241009_ah_04.wav,Aviary 1,2013,family_2
ag_huang_ah_241013-1274_01.wav,huang_241013_ah_01,ag,huang,Mr Huang,ah,1,241013-1274,2024-10-13,maxplanck_lab,lab,no,M,12,1,1,single,data/ag/audio/single/huang/ah/huang_241013_ah_01.wav,Aviary 1,2013,family_2
ag_huang_ah_241013-1274_02.wav,huang_241013_ah_09,ag,huang,Mr Huang,ah,1,241013-1274,2024-10-13,maxplanck_lab,lab,no,M,12,1,1,single,data/ag/audio/single/huang/ah/huang_241013_ah_09.wav,Aviary 1,2013,family_2
ag_huang_ah_241013-1274_03.wav,huang_241013_ah_10,ag,huang,Mr Huang,ah,1,241013-1274,2024-10-13,maxplanck_lab,lab,no,M,12,1,1,single,data/ag/audio/single/huang/ah/huang_241013_ah_10.wav,Aviary 1,2013,family_2
ag_huang_ah_241013-1274_04.wav,huang_241013_ah_13,ag,huang,Mr Huang,ah,1,241013-1274,2024-10-13,maxplanck_lab,lab,no,M,12,1,1,single,data/ag/audio/single/huang/ah/huang_241013_ah_13.wav,Aviary 1,2013,family_2
ag_huang_ah_241014-1295_01.wav,huang_241014_ah_07,ag,huang,Mr Huang,ah,1,241014-1295,2024-10-14,maxplanck_lab,lab,no,M,12,1,1,single,data/ag/audio/single/huang/ah/huang_241014_ah_07.wav,Aviary 1,2013,family_2
ag_huang_ah_241014-1295_02.wav,huang_241014_ah_11,ag,huang,Mr Huang,ah,1,241014-1295,2024-10-14,maxplanck_lab,lab,no,M,12,1,1,single,data/ag/audio/single/huang/ah/huang_241014_ah_11.wav,Aviary 1,2013,family_2
ag_huang_ah_241015-1299_01.wav,huang_241015_ah_02,ag,huang,Mr Huang,ah,1,241015-1299,2024-10-15,maxplanck_lab,lab,no,M,12,1,1,single,data/ag/audio/single/huang/ah/huang_241015_ah_02.wav,Aviary 1,2013,family_2
ag_huang_ah_241015-1299_02.wav,huang_241015_ah_03,ag,huang,Mr Huang,ah,1,241015-1299,2024-10-15,maxplanck_lab,lab,no,M,12,1,1,single,data/ag/audio/single/huang/ah/huang_241015_ah_03.wav,Aviary 1,2013,family_2
ag_huang_ah_241015-1299_03.wav,huang_241015_ah_05,ag,huang,Mr Huang,ah,1,241015-1299,2024-10-15,maxplanck_lab,lab,no,M,12,1,1,single,data/ag/audio/single/huang/ah/huang_241015_ah_05.wav,Aviary 1,2013,family_2
ag_huang_ah_241015-1299_04.wav,huang_241015_ah_06,ag,huang,Mr Huang,ah,1,241015-1299,2024-10-15,maxplanck_lab,lab,no,M,12,1,1,single,data/ag/audio/single/huang/ah/huang_241015_ah_06.wav,Aviary 1,2013,family_2
ag_huang_ah_241015-1299_05.wav,huang_241015_ah_12,ag,huang,Mr Huang,ah,1,241015-1299,2024-10-15,maxplanck_lab,lab,no,M,12,1,1,single,data/ag/audio/single/huang/ah/huang_241015_ah_12.wav,Aviary 1,2013,family_2
ag_huang_ah_241015-1299_06.wav,huang_241015_ah_14,ag,huang,Mr Huang,ah,1,241015-1299,2024-10-15,maxplanck_lab,lab,no,M,12,1,1,single,data/ag/audio/single/huang/ah/huang_241015_ah_14.wav,Aviary 1,2013,family_2
ag_huang_ah_NA_01.wav,huang__ah_08,ag,huang,Mr Huang,ah,1,NA,NA,maxplanck_lab,lab,no,M,12,1,0,single,data/ag/audio/single/huang/ah/huang__ah_08.wav,Aviary 1,2013,family_2
ag_huang_doubleco_241005-1242_01.wav,huang_241005_doubleco_01,ag,huang,Mr Huang,doubleco,1,241005-1242,2024-10-05,maxplanck_lab,lab,no,M,12,1,1,single,data/ag/audio/single/huang/doubleco/huang_241005_doubleco_01.wav,Aviary 1,2013,family_2
ag_huang_doubleco_241005-1242_02.wav,huang_241005_doubleco_02,ag,huang,Mr Huang,doubleco,1,241005-1242,2024-10-05,maxplanck_lab,lab,no,M,12,1,1,single,data/ag/audio/single/huang/doubleco/huang_241005_doubleco_02.wav,Aviary 1,2013,family_2
ag_huang_doubleco_241009-1268_01.wav,huang_241009_doubleco_04,ag,huang,Mr Huang,doubleco,1,241009-1268,2024-10-09,maxplanck_lab,lab,no,M,12,1,1,single,data/ag/audio/single/huang/doubleco/huang_241009_doubleco_04.wav,Aviary 1,2013,family_2
ag_huang_doubleco_241013-1274_01.wav,huang_241013_doubleco_05,ag,huang,Mr Huang,doubleco,1,241013-1274,2024-10-13,maxplanck_lab,lab,no,M,12,1,1,single,data/ag/audio/single/huang/doubleco/huang_241013_doubleco_05.wav,Aviary 1,2013,family_2
ag_huang_doubleco_241013-1274_02.wav,huang_241013_doubleco_06,ag,huang,Mr Huang,doubleco,1,241013-1274,2024-10-13,maxplanck_lab,lab,no,M,12,1,1,single,data/ag/audio/single/huang/doubleco/huang_241013_doubleco_06.wav,Aviary 1,2013,family_2
ag_huang_doubleco_241014-1295_01.wav,huang_241014_doubleco_07,ag,huang,Mr Huang,doubleco,1,241014-1295,2024-10-14,maxplanck_lab,lab,no,M,12,1,1,single,data/ag/audio/single/huang/doubleco/huang_241014_doubleco_07.wav,Aviary 1,2013,family_2
ag_huang_doubleco_241014-1295_02.wav,huang_241014_doubleco_08,ag,huang,Mr Huang,doubleco,1,241014-1295,2024-10-14,maxplanck_lab,lab,no,M,12,1,1,single,data/ag/audio/single/huang/doubleco/huang_241014_doubleco_08.wav,Aviary 1,2013,family_2
ag_huang_doubleco_241015-1299_01.wav,huang_241015_doubleco_12,ag,huang,Mr Huang,doubleco,1,241015-1299,2024-10-15,maxplanck_lab,lab,no,M,12,1,1,single,data/ag/audio/single/huang/doubleco/huang_241015_doubleco_12.wav,Aviary 1,2013,family_2
ag_huang_doubleco_NA_01.wav,huang__doubleco_03,ag,huang,Mr Huang,doubleco,1,NA,NA,maxplanck_lab,lab,no,M,12,1,0,single,data/ag/audio/single/huang/doubleco/huang__doubleco_03.wav,Aviary 1,2013,family_2
ag_huang_doubleco_NA_02.wav,huang__doubleco_09,ag,huang,Mr Huang,doubleco,1,NA,NA,maxplanck_lab,lab,no,M,12,1,0,single,data/ag/audio/single/huang/doubleco/huang__doubleco_09.wav,Aviary 1,2013,family_2
ag_huang_doubleco_NA_03.wav,huang__doubleco_10,ag,huang,Mr Huang,doubleco,1,NA,NA,maxplanck_lab,lab,no,M,12,1,0,single,data/ag/audio/single/huang/doubleco/huang__doubleco_10.wav,Aviary 1,2013,family_2
ag_huang_doubleco_NA_04.wav,huang__doubleco_11,ag,huang,Mr Huang,doubleco,1,NA,NA,maxplanck_lab,lab,no,M,12,1,0,single,data/ag/audio/single/huang/doubleco/huang__doubleco_11.wav,Aviary 1,2013,family_2
ag_huang_raspy_NA_01.wav,huang__raspy_01,ag,huang,Mr Huang,raspy,1,NA,NA,maxplanck_lab,lab,no,M,12,1,0,single,data/ag/audio/single/huang/raspy/huang__raspy_01.wav,Aviary 1,2013,family_2
ag_huang_short_241009-1268_01.wav,huang_241009_short_03,ag,huang,Mr Huang,short,1,241009-1268,2024-10-09,maxplanck_lab,lab,no,M,12,1,1,single,data/ag/audio/single/huang/short/huang_241009_short_03.wav,Aviary 1,2013,family_2
ag_huang_short_241013-1274_01.wav,huang_241013_short_04,ag,huang,Mr Huang,short,1,241013-1274,2024-10-13,maxplanck_lab,lab,no,M,12,1,1,single,data/ag/audio/single/huang/short/huang_241013_short_04.wav,Aviary 1,2013,family_2
ag_huang_short_241013-1274_02.wav,huang_241013_short_05,ag,huang,Mr Huang,short,1,241013-1274,2024-10-13,maxplanck_lab,lab,no,M,12,1,1,single,data/ag/audio/single/huang/short/huang_241013_short_05.wav,Aviary 1,2013,family_2
ag_huang_short_241015-1299_01.wav,huang_241015_short_06,ag,huang,Mr Huang,short,1,241015-1299,2024-10-15,maxplanck_lab,lab,no,M,12,1,1,single,data/ag/audio/single/huang/short/huang_241015_short_06.wav,Aviary 1,2013,family_2
ag_huang_short_NA_01.wav,huang__short_01,ag,huang,Mr Huang,short,1,NA,NA,maxplanck_lab,lab,no,M,12,1,0,single,data/ag/audio/single/huang/short/huang__short_01.wav,Aviary 1,2013,family_2
ag_huang_short_NA_02.wav,huang__short_02,ag,huang,Mr Huang,short,1,NA,NA,maxplanck_lab,lab,no,M,12,1,0,single,data/ag/audio/single/huang/short/huang__short_02.wav,Aviary 1,2013,family_2
ag_huang_short_NA_03.wav,huang__short_07,ag,huang,Mr Huang,short,1,NA,NA,maxplanck_lab,lab,no,M,12,1,0,single,data/ag/audio/single/huang/short/huang__short_07.wav,Aviary 1,2013,family_2
ag_huang_short_NA_04.wav,huang__short_08,ag,huang,Mr Huang,short,1,NA,NA,maxplanck_lab,lab,no,M,12,1,0,single,data/ag/audio/single/huang/short/huang__short_08.wav,Aviary 1,2013,family_2
ag_huang_vibrato_241007-1257_01.wav,huang_241007_vibrato_02,ag,huang,Mr Huang,vibrato,1,241007-1257,2024-10-07,maxplanck_lab,lab,no,M,12,1,1,single,data/ag/audio/single/huang/vibrato/huang_241007_vibrato_02.wav,Aviary 1,2013,family_2
ag_huang_vibrato_241007-1257_02.wav,huang_241007_vibrato_03,ag,huang,Mr Huang,vibrato,1,241007-1257,2024-10-07,maxplanck_lab,lab,no,M,12,1,1,single,data/ag/audio/single/huang/vibrato/huang_241007_vibrato_03.wav,Aviary 1,2013,family_2
ag_huang_vibrato_241009-1268_01.wav,huang_241009_vibrato_05,ag,huang,Mr Huang,vibrato,1,241009-1268,2024-10-09,maxplanck_lab,lab,no,M,12,1,1,single,data/ag/audio/single/huang/vibrato/huang_241009_vibrato_05.wav,Aviary 1,2013,family_2
ag_huang_vibrato_241009-1268_02.wav,huang_241009_vibrato_07,ag,huang,Mr Huang,vibrato,1,241009-1268,2024-10-09,maxplanck_lab,lab,no,M,12,1,1,single,data/ag/audio/single/huang/vibrato/huang_241009_vibrato_07.wav,Aviary 1,2013,family_2
ag_huang_vibrato_241009-1268_03.wav,huang_241009_vibrato_08,ag,huang,Mr Huang,vibrato,1,241009-1268,2024-10-09,maxplanck_lab,lab,no,M,12,1,1,single,data/ag/audio/single/huang/vibrato/huang_241009_vibrato_08.wav,Aviary 1,2013,family_2
ag_huang_vibrato_241009-1268_04.wav,huang_241009_vibrato_09,ag,huang,Mr Huang,vibrato,1,241009-1268,2024-10-09,maxplanck_lab,lab,no,M,12,1,1,single,data/ag/audio/single/huang/vibrato/huang_241009_vibrato_09.wav,Aviary 1,2013,family_2
ag_huang_vibrato_241013-1274_01.wav,huang_241013_vibrato_11,ag,huang,Mr Huang,vibrato,1,241013-1274,2024-10-13,maxplanck_lab,lab,no,M,12,1,1,single,data/ag/audio/single/huang/vibrato/huang_241013_vibrato_11.wav,Aviary 1,2013,family_2
ag_huang_vibrato_241013-1274_02.wav,huang_241013_vibrato_12,ag,huang,Mr Huang,vibrato,1,241013-1274,2024-10-13,maxplanck_lab,lab,no,M,12,1,1,single,data/ag/audio/single/huang/vibrato/huang_241013_vibrato_12.wav,Aviary 1,2013,family_2
ag_huang_vibrato_241014-1295_01.wav,huang_241014_vibrato_13,ag,huang,Mr Huang,vibrato,1,241014-1295,2024-10-14,maxplanck_lab,lab,no,M,12,1,1,single,data/ag/audio/single/huang/vibrato/huang_241014_vibrato_13.wav,Aviary 1,2013,family_2
ag_huang_vibrato_241014-1295_02.wav,huang_241014_vibrato_14,ag,huang,Mr Huang,vibrato,1,241014-1295,2024-10-14,maxplanck_lab,lab,no,M,12,1,1,single,data/ag/audio/single/huang/vibrato/huang_241014_vibrato_14.wav,Aviary 1,2013,family_2
ag_huang_vibrato_241014-1295_03.wav,huang_241014_vibrato_15,ag,huang,Mr Huang,vibrato,1,241014-1295,2024-10-14,maxplanck_lab,lab,no,M,12,1,1,single,data/ag/audio/single/huang/vibrato/huang_241014_vibrato_15.wav,Aviary 1,2013,family_2
ag_huang_vibrato_241014-1295_04.wav,huang_241014_vibrato_16,ag,huang,Mr Huang,vibrato,1,241014-1295,2024-10-14,maxplanck_lab,lab,no,M,12,1,1,single,data/ag/audio/single/huang/vibrato/huang_241014_vibrato_16.wav,Aviary 1,2013,family_2
ag_huang_vibrato_241015-1299_01.wav,huang_241015_vibrato_18,ag,huang,Mr Huang,vibrato,1,241015-1299,2024-10-15,maxplanck_lab,lab,no,M,12,1,1,single,data/ag/audio/single/huang/vibrato/huang_241015_vibrato_18.wav,Aviary 1,2013,family_2
ag_huang_vibrato_241015-1299_02.wav,huang_241015_vibrato_19,ag,huang,Mr Huang,vibrato,1,241015-1299,2024-10-15,maxplanck_lab,lab,no,M,12,1,1,single,data/ag/audio/single/huang/vibrato/huang_241015_vibrato_19.wav,Aviary 1,2013,family_2
ag_huang_vibrato_241015-1299_03.wav,huang_241015_vibrato_20,ag,huang,Mr Huang,vibrato,1,241015-1299,2024-10-15,maxplanck_lab,lab,no,M,12,1,1,single,data/ag/audio/single/huang/vibrato/huang_241015_vibrato_20.wav,Aviary 1,2013,family_2
ag_huang_vibrato_241015-1299_04.wav,huang_241015_vibrato_21,ag,huang,Mr Huang,vibrato,1,241015-1299,2024-10-15,maxplanck_lab,lab,no,M,12,1,1,single,data/ag/audio/single/huang/vibrato/huang_241015_vibrato_21.wav,Aviary 1,2013,family_2
ag_huang_vibrato_NA_01.wav,huang__vibrato_04,ag,huang,Mr Huang,vibrato,1,NA,NA,maxplanck_lab,lab,no,M,12,1,0,single,data/ag/audio/single/huang/vibrato/huang__vibrato_04.wav,Aviary 1,2013,family_2
ag_huang_vibrato_NA_02.wav,huang__vibrato_06,ag,huang,Mr Huang,vibrato,1,NA,NA,maxplanck_lab,lab,no,M,12,1,0,single,data/ag/audio/single/huang/vibrato/huang__vibrato_06.wav,Aviary 1,2013,family_2
ag_huang_vibrato_NA_03.wav,huang__vibrato_10,ag,huang,Mr Huang,vibrato,1,NA,NA,maxplanck_lab,lab,no,M,12,1,0,single,data/ag/audio/single/huang/vibrato/huang__vibrato_10.wav,Aviary 1,2013,family_2
ag_huang_vibrato_NA_04.wav,huang__vibrato_17,ag,huang,Mr Huang,vibrato,1,NA,NA,maxplanck_lab,lab,no,M,12,1,0,single,data/ag/audio/single/huang/vibrato/huang__vibrato_17.wav,Aviary 1,2013,family_2
ag_ironman_ah_241112-1306_01.wav,ironman_241112_ah_01,ag,ironman,Ironman,ah,1,241112-1306,2024-11-12,maxplanck_lab,lab,no,M,4,2,1,single,data/ag/audio/single/ironman/ah/ironman_241112_ah_01.wav,Aviary 2,2021,none
ag_ironman_ah_241112-1306_02.wav,ironman_241112_ah_02,ag,ironman,Ironman,ah,1,241112-1306,2024-11-12,maxplanck_lab,lab,no,M,4,2,1,single,data/ag/audio/single/ironman/ah/ironman_241112_ah_02.wav,Aviary 2,2021,none
ag_ironman_ah_241112-1306_03.wav,ironman_241112_ah_03,ag,ironman,Ironman,ah,1,241112-1306,2024-11-12,maxplanck_lab,lab,no,M,4,2,1,single,data/ag/audio/single/ironman/ah/ironman_241112_ah_03.wav,Aviary 2,2021,none
ag_ironman_ah_241112-1306_04.wav,ironman_241112_ah_04,ag,ironman,Ironman,ah,1,241112-1306,2024-11-12,maxplanck_lab,lab,no,M,4,2,1,single,data/ag/audio/single/ironman/ah/ironman_241112_ah_04.wav,Aviary 2,2021,none
ag_ironman_ah_241112-1306_05.wav,ironman_241112_ah_05,ag,ironman,Ironman,ah,1,241112-1306,2024-11-12,maxplanck_lab,lab,no,M,4,2,1,single,data/ag/audio/single/ironman/ah/ironman_241112_ah_05.wav,Aviary 2,2021,none
ag_ironman_ah_241112-1306_06.wav,ironman_241112_ah_06,ag,ironman,Ironman,ah,1,241112-1306,2024-11-12,maxplanck_lab,lab,no,M,4,2,1,single,data/ag/audio/single/ironman/ah/ironman_241112_ah_06.wav,Aviary 2,2021,none
ag_ironman_ah_241112-1306_07.wav,ironman_241112_ah_07,ag,ironman,Ironman,ah,1,241112-1306,2024-11-12,maxplanck_lab,lab,no,M,4,2,1,single,data/ag/audio/single/ironman/ah/ironman_241112_ah_07.wav,Aviary 2,2021,none
ag_ironman_ah_241112-1306_08.wav,ironman_241112_ah_08,ag,ironman,Ironman,ah,1,241112-1306,2024-11-12,maxplanck_lab,lab,no,M,4,2,1,single,data/ag/audio/single/ironman/ah/ironman_241112_ah_08.wav,Aviary 2,2021,none
ag_ironman_ah_241112-1306_09.wav,ironman_241112_ah_09,ag,ironman,Ironman,ah,1,241112-1306,2024-11-12,maxplanck_lab,lab,no,M,4,2,1,single,data/ag/audio/single/ironman/ah/ironman_241112_ah_09.wav,Aviary 2,2021,none
ag_ironman_ah_241112-1306_10.wav,ironman_241112_ah_10,ag,ironman,Ironman,ah,1,241112-1306,2024-11-12,maxplanck_lab,lab,no,M,4,2,1,single,data/ag/audio/single/ironman/ah/ironman_241112_ah_10.wav,Aviary 2,2021,none
ag_ironman_ah_241112-1306_11.wav,ironman_241112_ah_11,ag,ironman,Ironman,ah,1,241112-1306,2024-11-12,maxplanck_lab,lab,no,M,4,2,1,single,data/ag/audio/single/ironman/ah/ironman_241112_ah_11.wav,Aviary 2,2021,none
ag_ironman_ah_241112-1310_01.wav,ironman_241112_ah_12,ag,ironman,Ironman,ah,1,241112-1310,2024-11-12,maxplanck_lab,lab,no,M,4,2,1,single,data/ag/audio/single/ironman/ah/ironman_241112_ah_12.wav,Aviary 2,2021,none
ag_ironman_ah_241112-1310_02.wav,ironman_241112_ah_13,ag,ironman,Ironman,ah,1,241112-1310,2024-11-12,maxplanck_lab,lab,no,M,4,2,1,single,data/ag/audio/single/ironman/ah/ironman_241112_ah_13.wav,Aviary 2,2021,none
ag_ironman_ah_241112-1310_03.wav,ironman_241112_ah_14,ag,ironman,Ironman,ah,1,241112-1310,2024-11-12,maxplanck_lab,lab,no,M,4,2,1,single,data/ag/audio/single/ironman/ah/ironman_241112_ah_14.wav,Aviary 2,2021,none
ag_ironman_ah_241113-1313_01.wav,ironman_241113_ah_25,ag,ironman,Ironman,ah,1,241113-1313,2024-11-13,maxplanck_lab,lab,no,M,4,2,1,single,data/ag/audio/single/ironman/ah/ironman_241113_ah_25.wav,Aviary 2,2021,none
ag_ironman_ah_241113-1315_01.wav,ironman_241113_ah_26,ag,ironman,Ironman,ah,1,241113-1315,2024-11-13,maxplanck_lab,lab,no,M,4,2,1,single,data/ag/audio/single/ironman/ah/ironman_241113_ah_26.wav,Aviary 2,2021,none
ag_ironman_ah_241113-1315_02.wav,ironman_241113_ah_27,ag,ironman,Ironman,ah,1,241113-1315,2024-11-13,maxplanck_lab,lab,no,M,4,2,1,single,data/ag/audio/single/ironman/ah/ironman_241113_ah_27.wav,Aviary 2,2021,none
ag_ironman_ah_241114-1318_01.wav,ironman_241114_ah_15,ag,ironman,Ironman,ah,1,241114-1318,2024-11-14,maxplanck_lab,lab,no,M,4,2,1,single,data/ag/audio/single/ironman/ah/ironman_241114_ah_15.wav,Aviary 2,2021,none
ag_ironman_ah_241114-1318_02.wav,ironman_241114_ah_17,ag,ironman,Ironman,ah,1,241114-1318,2024-11-14,maxplanck_lab,lab,no,M,4,2,1,single,data/ag/audio/single/ironman/ah/ironman_241114_ah_17.wav,Aviary 2,2021,none
ag_ironman_ah_241114-1318_03.wav,ironman_241114_ah_18,ag,ironman,Ironman,ah,1,241114-1318,2024-11-14,maxplanck_lab,lab,no,M,4,2,1,single,data/ag/audio/single/ironman/ah/ironman_241114_ah_18.wav,Aviary 2,2021,none
ag_ironman_ah_241114-1318_04.wav,ironman_241114_ah_20,ag,ironman,Ironman,ah,1,241114-1318,2024-11-14,maxplanck_lab,lab,no,M,4,2,1,single,data/ag/audio/single/ironman/ah/ironman_241114_ah_20.wav,Aviary 2,2021,none
ag_ironman_ah_241114-1318_05.wav,ironman_241114_ah_21,ag,ironman,Ironman,ah,1,241114-1318,2024-11-14,maxplanck_lab,lab,no,M,4,2,1,single,data/ag/audio/single/ironman/ah/ironman_241114_ah_21.wav,Aviary 2,2021,none
ag_ironman_ah_241114-1318_06.wav,ironman_241114_ah_22,ag,ironman,Ironman,ah,1,241114-1318,2024-11-14,maxplanck_lab,lab,no,M,4,2,1,single,data/ag/audio/single/ironman/ah/ironman_241114_ah_22.wav,Aviary 2,2021,none
ag_ironman_ah_241114-1318_07.wav,ironman_241114_ah_23,ag,ironman,Ironman,ah,1,241114-1318,2024-11-14,maxplanck_lab,lab,no,M,4,2,1,single,data/ag/audio/single/ironman/ah/ironman_241114_ah_23.wav,Aviary 2,2021,none
ag_ironman_ah_241114-1319_01.wav,ironman_241114_ah_16,ag,ironman,Ironman,ah,1,241114-1319,2024-11-14,maxplanck_lab,lab,no,M,4,2,1,single,data/ag/audio/single/ironman/ah/ironman_241114_ah_16.wav,Aviary 2,2021,none
ag_ironman_ah_241114-1319_02.wav,ironman_241114_ah_19,ag,ironman,Ironman,ah,1,241114-1319,2024-11-14,maxplanck_lab,lab,no,M,4,2,1,single,data/ag/audio/single/ironman/ah/ironman_241114_ah_19.wav,Aviary 2,2021,none
ag_ironman_ah_241114-1319_03.wav,ironman_241114_ah_24,ag,ironman,Ironman,ah,1,241114-1319,2024-11-14,maxplanck_lab,lab,no,M,4,2,1,single,data/ag/audio/single/ironman/ah/ironman_241114_ah_24.wav,Aviary 2,2021,none
ag_ironman_ah_241114-1319_04.wav,ironman_241114_ah_28,ag,ironman,Ironman,ah,1,241114-1319,2024-11-14,maxplanck_lab,lab,no,M,4,2,1,single,data/ag/audio/single/ironman/ah/ironman_241114_ah_28.wav,Aviary 2,2021,none
ag_ironman_doubleco_241112-1306_01.wav,ironman_241112_doubleco_ 01,ag,ironman,Ironman,doubleco,1,241112-1306,2024-11-12,maxplanck_lab,lab,no,M,4,2,1,single,data/ag/audio/single/ironman/doubleco/ironman_241112_doubleco_ 01.wav,Aviary 2,2021,none
ag_ironman_doubleco_241112-1306_02.wav,ironman_241112_doubleco_ 02,ag,ironman,Ironman,doubleco,1,241112-1306,2024-11-12,maxplanck_lab,lab,no,M,4,2,1,single,data/ag/audio/single/ironman/doubleco/ironman_241112_doubleco_ 02.wav,Aviary 2,2021,none
ag_ironman_doubleco_241112-1306_03.wav,ironman_241112_doubleco_ 06,ag,ironman,Ironman,doubleco,1,241112-1306,2024-11-12,maxplanck_lab,lab,no,M,4,2,1,single,data/ag/audio/single/ironman/doubleco/ironman_241112_doubleco_ 06.wav,Aviary 2,2021,none
ag_ironman_doubleco_241114-1318_01.wav,ironman_241114_doubleco_ 03,ag,ironman,Ironman,doubleco,1,241114-1318,2024-11-14,maxplanck_lab,lab,no,M,4,2,1,single,data/ag/audio/single/ironman/doubleco/ironman_241114_doubleco_ 03.wav,Aviary 2,2021,none
ag_ironman_doubleco_241114-1318_02.wav,ironman_241114_doubleco_ 04,ag,ironman,Ironman,doubleco,1,241114-1318,2024-11-14,maxplanck_lab,lab,no,M,4,2,1,single,data/ag/audio/single/ironman/doubleco/ironman_241114_doubleco_ 04.wav,Aviary 2,2021,none
ag_ironman_doubleco_241114-1318_03.wav,ironman_241114_doubleco_ 05,ag,ironman,Ironman,doubleco,1,241114-1318,2024-11-14,maxplanck_lab,lab,no,M,4,2,1,single,data/ag/audio/single/ironman/doubleco/ironman_241114_doubleco_ 05.wav,Aviary 2,2021,none
ag_ironman_doublese_241112-1310_01.wav,ironman_241112_doublese_01,ag,ironman,Ironman,doublese,1,241112-1310,2024-11-12,maxplanck_lab,lab,no,M,4,2,1,single,data/ag/audio/single/ironman/doublese/ironman_241112_doublese_01.wav,Aviary 2,2021,none
ag_ironman_raspy_241113-1313_01.wav,ironman_241113_raspy_ 01,ag,ironman,Ironman,raspy,1,241113-1313,2024-11-13,maxplanck_lab,lab,no,M,4,2,1,single,data/ag/audio/single/ironman/raspy/ironman_241113_raspy_ 01.wav,Aviary 2,2021,none
ag_ironman_raspy_241113-1315_01.wav,ironman_241113_raspy_ 02,ag,ironman,Ironman,raspy,1,241113-1315,2024-11-13,maxplanck_lab,lab,no,M,4,2,1,single,data/ag/audio/single/ironman/raspy/ironman_241113_raspy_ 02.wav,Aviary 2,2021,none
ag_ironman_raspy_241113-1315_02.wav,ironman_241113_raspy_ 03,ag,ironman,Ironman,raspy,1,241113-1315,2024-11-13,maxplanck_lab,lab,no,M,4,2,1,single,data/ag/audio/single/ironman/raspy/ironman_241113_raspy_ 03.wav,Aviary 2,2021,none
ag_ironman_raspy_241113-1315_03.wav,ironman_241113_raspy_ 04,ag,ironman,Ironman,raspy,1,241113-1315,2024-11-13,maxplanck_lab,lab,no,M,4,2,1,single,data/ag/audio/single/ironman/raspy/ironman_241113_raspy_ 04.wav,Aviary 2,2021,none
ag_ironman_short_241113-1313_01.wav,ironman_241113_short_ 01,ag,ironman,Ironman,short,1,241113-1313,2024-11-13,maxplanck_lab,lab,no,M,4,2,1,single,data/ag/audio/single/ironman/short/ironman_241113_short_ 01.wav,Aviary 2,2021,none
ag_ironman_short_241114-1318_01.wav,ironman_241114_short_ 06,ag,ironman,Ironman,short,1,241114-1318,2024-11-14,maxplanck_lab,lab,no,M,4,2,1,single,data/ag/audio/single/ironman/short/ironman_241114_short_ 06.wav,Aviary 2,2021,none
ag_ironman_short_241114-1318_02.wav,ironman_241114_short_ 08,ag,ironman,Ironman,short,1,241114-1318,2024-11-14,maxplanck_lab,lab,no,M,4,2,1,single,data/ag/audio/single/ironman/short/ironman_241114_short_ 08.wav,Aviary 2,2021,none
ag_ironman_short_241114-1318_03.wav,ironman_241114_short_ 09,ag,ironman,Ironman,short,1,241114-1318,2024-11-14,maxplanck_lab,lab,no,M,4,2,1,single,data/ag/audio/single/ironman/short/ironman_241114_short_ 09.wav,Aviary 2,2021,none
ag_ironman_short_241114-1319_01.wav,ironman_241114_short_ 02,ag,ironman,Ironman,short,1,241114-1319,2024-11-14,maxplanck_lab,lab,no,M,4,2,1,single,data/ag/audio/single/ironman/short/ironman_241114_short_ 02.wav,Aviary 2,2021,none
ag_ironman_short_241114-1319_02.wav,ironman_241114_short_ 03,ag,ironman,Ironman,short,1,241114-1319,2024-11-14,maxplanck_lab,lab,no,M,4,2,1,single,data/ag/audio/single/ironman/short/ironman_241114_short_ 03.wav,Aviary 2,2021,none
ag_ironman_short_241114-1319_03.wav,ironman_241114_short_ 04,ag,ironman,Ironman,short,1,241114-1319,2024-11-14,maxplanck_lab,lab,no,M,4,2,1,single,data/ag/audio/single/ironman/short/ironman_241114_short_ 04.wav,Aviary 2,2021,none
ag_ironman_short_241114-1319_04.wav,ironman_241114_short_ 05,ag,ironman,Ironman,short,1,241114-1319,2024-11-14,maxplanck_lab,lab,no,M,4,2,1,single,data/ag/audio/single/ironman/short/ironman_241114_short_ 05.wav,Aviary 2,2021,none
ag_ironman_short_241114-1319_05.wav,ironman_241114_short_ 07,ag,ironman,Ironman,short,1,241114-1319,2024-11-14,maxplanck_lab,lab,no,M,4,2,1,single,data/ag/audio/single/ironman/short/ironman_241114_short_ 07.wav,Aviary 2,2021,none
ag_ironman_short_241114-1319_06.wav,ironman_241114_short_ 10,ag,ironman,Ironman,short,1,241114-1319,2024-11-14,maxplanck_lab,lab,no,M,4,2,1,single,data/ag/audio/single/ironman/short/ironman_241114_short_ 10.wav,Aviary 2,2021,none
ag_ironman_short_241114-1319_07.wav,ironman_241114_short_ 11,ag,ironman,Ironman,short,1,241114-1319,2024-11-14,maxplanck_lab,lab,no,M,4,2,1,single,data/ag/audio/single/ironman/short/ironman_241114_short_ 11.wav,Aviary 2,2021,none
ag_ironman_short_241114-1319_08.wav,ironman_241114_short_ 12,ag,ironman,Ironman,short,1,241114-1319,2024-11-14,maxplanck_lab,lab,no,M,4,2,1,single,data/ag/audio/single/ironman/short/ironman_241114_short_ 12.wav,Aviary 2,2021,none
ag_ironman_short_241114-1319_09.wav,ironman_241114_short_ 13,ag,ironman,Ironman,short,1,241114-1319,2024-11-14,maxplanck_lab,lab,no,M,4,2,1,single,data/ag/audio/single/ironman/short/ironman_241114_short_ 13.wav,Aviary 2,2021,none
ag_ironman_triple_241114-1318_01.wav,ironman_241114_triple_ 01,ag,ironman,Ironman,triple,1,241114-1318,2024-11-14,maxplanck_lab,lab,no,M,4,2,1,single,data/ag/audio/single/ironman/triple/ironman_241114_triple_ 01.wav,Aviary 2,2021,none
ag_ironman_triple_241114-1318_02.wav,ironman_241114_triple_ 02,ag,ironman,Ironman,triple,1,241114-1318,2024-11-14,maxplanck_lab,lab,no,M,4,2,1,single,data/ag/audio/single/ironman/triple/ironman_241114_triple_ 02.wav,Aviary 2,2021,none
ag_ironman_triple_241114-1318_03.wav,ironman_241114_triple_ 03,ag,ironman,Ironman,triple,1,241114-1318,2024-11-14,maxplanck_lab,lab,no,M,4,2,1,single,data/ag/audio/single/ironman/triple/ironman_241114_triple_ 03.wav,Aviary 2,2021,none
ag_john_doubleco_NA_01.wav,john_241015_doubleco_01,ag,john,Long John,doubleco,1,NA,NA,maxplanck_lab,lab,no,M,12,1,0,single,data/ag/audio/single/john/doubleco/john_241015_doubleco_01.wav,Aviary 1,2013,family_2
ag_john_doublese_NA_01.wav,john_241004_doublese_01,ag,john,Long John,doublese,1,NA,NA,maxplanck_lab,lab,no,M,12,1,0,single,data/ag/audio/single/john/doublese/john_241004_doublese_01.wav,Aviary 1,2013,family_2
ag_john_raspy_241004-1236_01.wav,john_241004_raspy_01,ag,john,Long John,raspy,1,241004-1236,2024-10-04,maxplanck_lab,lab,no,M,12,1,1,single,data/ag/audio/single/john/raspy/john_241004_raspy_01.wav,Aviary 1,2013,family_2
ag_john_raspy_241004-1236_02.wav,john_241004_raspy_02,ag,john,Long John,raspy,1,241004-1236,2024-10-04,maxplanck_lab,lab,no,M,12,1,1,single,data/ag/audio/single/john/raspy/john_241004_raspy_02.wav,Aviary 1,2013,family_2
ag_john_raspy_241004-1236_03.wav,john_241004_raspy_03,ag,john,Long John,raspy,1,241004-1236,2024-10-04,maxplanck_lab,lab,no,M,12,1,1,single,data/ag/audio/single/john/raspy/john_241004_raspy_03.wav,Aviary 1,2013,family_2
ag_john_raspy_241004-1236_04.wav,john_241004_raspy_04,ag,john,Long John,raspy,1,241004-1236,2024-10-04,maxplanck_lab,lab,no,M,12,1,1,single,data/ag/audio/single/john/raspy/john_241004_raspy_04.wav,Aviary 1,2013,family_2
ag_john_raspy_241004-1236_05.wav,john_241004_raspy_05,ag,john,Long John,raspy,1,241004-1236,2024-10-04,maxplanck_lab,lab,no,M,12,1,1,single,data/ag/audio/single/john/raspy/john_241004_raspy_05.wav,Aviary 1,2013,family_2
ag_john_raspy_241004-1236_06.wav,john_241004_raspy_06,ag,john,Long John,raspy,1,241004-1236,2024-10-04,maxplanck_lab,lab,no,M,12,1,1,single,data/ag/audio/single/john/raspy/john_241004_raspy_06.wav,Aviary 1,2013,family_2
ag_john_raspy_241004-1236_07.wav,john_241004_raspy_07,ag,john,Long John,raspy,1,241004-1236,2024-10-04,maxplanck_lab,lab,no,M,12,1,1,single,data/ag/audio/single/john/raspy/john_241004_raspy_07.wav,Aviary 1,2013,family_2
ag_john_raspy_241004-1236_08.wav,john_241004_raspy_08,ag,john,Long John,raspy,1,241004-1236,2024-10-04,maxplanck_lab,lab,no,M,12,1,1,single,data/ag/audio/single/john/raspy/john_241004_raspy_08.wav,Aviary 1,2013,family_2
ag_john_raspy_241004-1236_09.wav,john_241004_raspy_09,ag,john,Long John,raspy,1,241004-1236,2024-10-04,maxplanck_lab,lab,no,M,12,1,1,single,data/ag/audio/single/john/raspy/john_241004_raspy_09.wav,Aviary 1,2013,family_2
ag_john_raspy_241004-1236_10.wav,john_241004_raspy_10,ag,john,Long John,raspy,1,241004-1236,2024-10-04,maxplanck_lab,lab,no,M,12,1,1,single,data/ag/audio/single/john/raspy/john_241004_raspy_10.wav,Aviary 1,2013,family_2
ag_john_raspy_241004-1236_11.wav,john_241004_raspy_11,ag,john,Long John,raspy,1,241004-1236,2024-10-04,maxplanck_lab,lab,no,M,12,1,1,single,data/ag/audio/single/john/raspy/john_241004_raspy_11.wav,Aviary 1,2013,family_2
ag_john_raspy_241004-1236_12.wav,john_241004_raspy_12,ag,john,Long John,raspy,1,241004-1236,2024-10-04,maxplanck_lab,lab,no,M,12,1,1,single,data/ag/audio/single/john/raspy/john_241004_raspy_12.wav,Aviary 1,2013,family_2
ag_john_raspy_241004-1236_13.wav,john_241004_raspy_13,ag,john,Long John,raspy,1,241004-1236,2024-10-04,maxplanck_lab,lab,no,M,12,1,1,single,data/ag/audio/single/john/raspy/john_241004_raspy_13.wav,Aviary 1,2013,family_2
ag_john_raspy_241004-1236_14.wav,john_241004_raspy_14,ag,john,Long John,raspy,1,241004-1236,2024-10-04,maxplanck_lab,lab,no,M,12,1,1,single,data/ag/audio/single/john/raspy/john_241004_raspy_14.wav,Aviary 1,2013,family_2
ag_john_raspy_241004-1236_15.wav,john_241004_raspy_15,ag,john,Long John,raspy,1,241004-1236,2024-10-04,maxplanck_lab,lab,no,M,12,1,1,single,data/ag/audio/single/john/raspy/john_241004_raspy_15.wav,Aviary 1,2013,family_2
ag_john_raspy_241004-1236_16.wav,john_241004_raspy_16,ag,john,Long John,raspy,1,241004-1236,2024-10-04,maxplanck_lab,lab,no,M,12,1,1,single,data/ag/audio/single/john/raspy/john_241004_raspy_16.wav,Aviary 1,2013,family_2
ag_john_raspy_241004-1236_17.wav,john_241004_raspy_17,ag,john,Long John,raspy,1,241004-1236,2024-10-04,maxplanck_lab,lab,no,M,12,1,1,single,data/ag/audio/single/john/raspy/john_241004_raspy_17.wav,Aviary 1,2013,family_2
ag_john_raspy_241004-1236_18.wav,john_241004_raspy_18,ag,john,Long John,raspy,1,241004-1236,2024-10-04,maxplanck_lab,lab,no,M,12,1,1,single,data/ag/audio/single/john/raspy/john_241004_raspy_18.wav,Aviary 1,2013,family_2
ag_john_raspy_241004-1236_19.wav,john_241004_raspy_19,ag,john,Long John,raspy,1,241004-1236,2024-10-04,maxplanck_lab,lab,no,M,12,1,1,single,data/ag/audio/single/john/raspy/john_241004_raspy_19.wav,Aviary 1,2013,family_2
ag_john_raspy_241004-1236_20.wav,john_241004_raspy_20,ag,john,Long John,raspy,1,241004-1236,2024-10-04,maxplanck_lab,lab,no,M,12,1,1,single,data/ag/audio/single/john/raspy/john_241004_raspy_20.wav,Aviary 1,2013,family_2
ag_john_raspy_241004-1236_21.wav,john_241004_raspy_21,ag,john,Long John,raspy,1,241004-1236,2024-10-04,maxplanck_lab,lab,no,M,12,1,1,single,data/ag/audio/single/john/raspy/john_241004_raspy_21.wav,Aviary 1,2013,family_2
ag_john_raspy_241004-1236_22.wav,john_241004_raspy_22,ag,john,Long John,raspy,1,241004-1236,2024-10-04,maxplanck_lab,lab,no,M,12,1,1,single,data/ag/audio/single/john/raspy/john_241004_raspy_22.wav,Aviary 1,2013,family_2
ag_john_raspy_241004-1236_23.wav,john_241004_raspy_23,ag,john,Long John,raspy,1,241004-1236,2024-10-04,maxplanck_lab,lab,no,M,12,1,1,single,data/ag/audio/single/john/raspy/john_241004_raspy_23.wav,Aviary 1,2013,family_2
ag_john_raspy_241004-1236_24.wav,john_241004_raspy_24,ag,john,Long John,raspy,1,241004-1236,2024-10-04,maxplanck_lab,lab,no,M,12,1,1,single,data/ag/audio/single/john/raspy/john_241004_raspy_24.wav,Aviary 1,2013,family_2
ag_john_raspy_241004-1236_25.wav,john_241004_raspy_25,ag,john,Long John,raspy,1,241004-1236,2024-10-04,maxplanck_lab,lab,no,M,12,1,1,single,data/ag/audio/single/john/raspy/john_241004_raspy_25.wav,Aviary 1,2013,family_2
ag_john_raspy_241004-1236_26.wav,john_241004_raspy_26,ag,john,Long John,raspy,1,241004-1236,2024-10-04,maxplanck_lab,lab,no,M,12,1,1,single,data/ag/audio/single/john/raspy/john_241004_raspy_26.wav,Aviary 1,2013,family_2
ag_john_raspy_241004-1236_27.wav,john_241004_raspy_27,ag,john,Long John,raspy,1,241004-1236,2024-10-04,maxplanck_lab,lab,no,M,12,1,1,single,data/ag/audio/single/john/raspy/john_241004_raspy_27.wav,Aviary 1,2013,family_2
ag_john_raspy_241004-1236_28.wav,john_241004_raspy_28,ag,john,Long John,raspy,1,241004-1236,2024-10-04,maxplanck_lab,lab,no,M,12,1,1,single,data/ag/audio/single/john/raspy/john_241004_raspy_28.wav,Aviary 1,2013,family_2
ag_john_raspy_241004-1236_29.wav,john_241004_raspy_29,ag,john,Long John,raspy,1,241004-1236,2024-10-04,maxplanck_lab,lab,no,M,12,1,1,single,data/ag/audio/single/john/raspy/john_241004_raspy_29.wav,Aviary 1,2013,family_2
ag_john_short_241008-1262_01.wav,john_241008_short_05,ag,john,Long John,short,1,241008-1262,2024-10-08,maxplanck_lab,lab,no,M,12,1,1,single,data/ag/audio/single/john/short/john_241008_short_05.wav,Aviary 1,2013,family_2
ag_john_short_241008-1262_02.wav,john_241008_short_06,ag,john,Long John,short,1,241008-1262,2024-10-08,maxplanck_lab,lab,no,M,12,1,1,single,data/ag/audio/single/john/short/john_241008_short_06.wav,Aviary 1,2013,family_2
ag_john_short_241008-1262_03.wav,john_241008_short_07,ag,john,Long John,short,1,241008-1262,2024-10-08,maxplanck_lab,lab,no,M,12,1,1,single,data/ag/audio/single/john/short/john_241008_short_07.wav,Aviary 1,2013,family_2
ag_john_short_241008-1262_04.wav,john_241008_short_08,ag,john,Long John,short,1,241008-1262,2024-10-08,maxplanck_lab,lab,no,M,12,1,1,single,data/ag/audio/single/john/short/john_241008_short_08.wav,Aviary 1,2013,family_2
ag_john_short_241008-1262_05.wav,john_241008_short_09,ag,john,Long John,short,1,241008-1262,2024-10-08,maxplanck_lab,lab,no,M,12,1,1,single,data/ag/audio/single/john/short/john_241008_short_09.wav,Aviary 1,2013,family_2
ag_john_short_241008-1262_06.wav,john_241008_short_10,ag,john,Long John,short,1,241008-1262,2024-10-08,maxplanck_lab,lab,no,M,12,1,1,single,data/ag/audio/single/john/short/john_241008_short_10.wav,Aviary 1,2013,family_2
ag_john_short_241008-1262_07.wav,john_241008_short_11,ag,john,Long John,short,1,241008-1262,2024-10-08,maxplanck_lab,lab,no,M,12,1,1,single,data/ag/audio/single/john/short/john_241008_short_11.wav,Aviary 1,2013,family_2
ag_john_short_241008-1262_08.wav,john_241008_short_12,ag,john,Long John,short,1,241008-1262,2024-10-08,maxplanck_lab,lab,no,M,12,1,1,single,data/ag/audio/single/john/short/john_241008_short_12.wav,Aviary 1,2013,family_2
ag_john_short_241008-1262_09.wav,john_241008_short_13,ag,john,Long John,short,1,241008-1262,2024-10-08,maxplanck_lab,lab,no,M,12,1,1,single,data/ag/audio/single/john/short/john_241008_short_13.wav,Aviary 1,2013,family_2
ag_john_short_241008-1262_10.wav,john_241008_short_14,ag,john,Long John,short,1,241008-1262,2024-10-08,maxplanck_lab,lab,no,M,12,1,1,single,data/ag/audio/single/john/short/john_241008_short_14.wav,Aviary 1,2013,family_2
ag_john_short_241008-1263_01.wav,john_241008_short_01,ag,john,Long John,short,1,241008-1263,2024-10-08,maxplanck_lab,lab,no,M,12,1,1,single,data/ag/audio/single/john/short/john_241008_short_01.wav,Aviary 1,2013,family_2
ag_john_short_241008-1263_02.wav,john_241008_short_02,ag,john,Long John,short,1,241008-1263,2024-10-08,maxplanck_lab,lab,no,M,12,1,1,single,data/ag/audio/single/john/short/john_241008_short_02.wav,Aviary 1,2013,family_2
ag_john_short_241008-1263_03.wav,john_241008_short_03,ag,john,Long John,short,1,241008-1263,2024-10-08,maxplanck_lab,lab,no,M,12,1,1,single,data/ag/audio/single/john/short/john_241008_short_03.wav,Aviary 1,2013,family_2
ag_john_short_241008-1263_04.wav,john_241008_short_04,ag,john,Long John,short,1,241008-1263,2024-10-08,maxplanck_lab,lab,no,M,12,1,1,single,data/ag/audio/single/john/short/john_241008_short_04.wav,Aviary 1,2013,family_2
ag_john_short_241014-1295_01.wav,john_241014_short_15,ag,john,Long John,short,1,241014-1295,2024-10-14,maxplanck_lab,lab,no,M,12,1,1,single,data/ag/audio/single/john/short/john_241014_short_15.wav,Aviary 1,2013,family_2
ag_john_vibrato_241014-1295_01.wav,john_241014_vibrato_02,ag,john,Long John,vibrato,1,241014-1295,2024-10-14,maxplanck_lab,lab,no,M,12,1,1,single,data/ag/audio/single/john/vibrato/john_241014_vibrato_02.wav,Aviary 1,2013,family_2
ag_john_vibrato_241014-1295_02.wav,john_241014_vibrato_03,ag,john,Long John,vibrato,1,241014-1295,2024-10-14,maxplanck_lab,lab,no,M,12,1,1,single,data/ag/audio/single/john/vibrato/john_241014_vibrato_03.wav,Aviary 1,2013,family_2
ag_john_vibrato_241014-1295_03.wav,john_241014_vibrato_05,ag,john,Long John,vibrato,1,241014-1295,2024-10-14,maxplanck_lab,lab,no,M,12,1,1,single,data/ag/audio/single/john/vibrato/john_241014_vibrato_05.wav,Aviary 1,2013,family_2
ag_john_vibrato_241014-1295_04.wav,john_241014_vibrato_06,ag,john,Long John,vibrato,1,241014-1295,2024-10-14,maxplanck_lab,lab,no,M,12,1,1,single,data/ag/audio/single/john/vibrato/john_241014_vibrato_06.wav,Aviary 1,2013,family_2
ag_john_vibrato_NA_01.wav,john_241015_vibrato_01,ag,john,Long John,vibrato,1,NA,NA,maxplanck_lab,lab,no,M,12,1,0,single,data/ag/audio/single/john/vibrato/john_241015_vibrato_01.wav,Aviary 1,2013,family_2
ag_john_vibrato_NA_02.wav,john_241015_vibrato_04,ag,john,Long John,vibrato,1,NA,NA,maxplanck_lab,lab,no,M,12,1,0,single,data/ag/audio/single/john/vibrato/john_241015_vibrato_04.wav,Aviary 1,2013,family_2
ag_lady_ah_241007-1255_01.wav,lady_241007_ah_01,ag,lady,Lady,ah,1,241007-1255,2024-10-07,maxplanck_lab,lab,yes,F,11,1,1,single,data/ag/audio/single/lady/ah/lady_241007_ah_01.wav,Aviary 1,2014,none
ag_lady_ah_241007-1255_02.wav,lady_241007_ah_03,ag,lady,Lady,ah,1,241007-1255,2024-10-07,maxplanck_lab,lab,yes,F,11,1,1,single,data/ag/audio/single/lady/ah/lady_241007_ah_03.wav,Aviary 1,2014,none
ag_lady_ah_241007-1255_03.wav,lady_241007_ah_09,ag,lady,Lady,ah,1,241007-1255,2024-10-07,maxplanck_lab,lab,yes,F,11,1,1,single,data/ag/audio/single/lady/ah/lady_241007_ah_09.wav,Aviary 1,2014,none
ag_lady_ah_241007-1255_04.wav,lady_241007_ah_11,ag,lady,Lady,ah,1,241007-1255,2024-10-07,maxplanck_lab,lab,yes,F,11,1,1,single,data/ag/audio/single/lady/ah/lady_241007_ah_11.wav,Aviary 1,2014,none
ag_lady_ah_241009-1270_01.wav,lady_241009_ah_02,ag,lady,Lady,ah,1,241009-1270,2024-10-09,maxplanck_lab,lab,yes,F,11,1,1,single,data/ag/audio/single/lady/ah/lady_241009_ah_02.wav,Aviary 1,2014,none
ag_lady_ah_241009-1270_02.wav,lady_241009_ah_04,ag,lady,Lady,ah,1,241009-1270,2024-10-09,maxplanck_lab,lab,yes,F,11,1,1,single,data/ag/audio/single/lady/ah/lady_241009_ah_04.wav,Aviary 1,2014,none
ag_lady_ah_241009-1270_03.wav,lady_241009_ah_06,ag,lady,Lady,ah,1,241009-1270,2024-10-09,maxplanck_lab,lab,yes,F,11,1,1,single,data/ag/audio/single/lady/ah/lady_241009_ah_06.wav,Aviary 1,2014,none
ag_lady_ah_241013-1276_01.wav,lady_241013_ah_08,ag,lady,Lady,ah,1,241013-1276,2024-10-13,maxplanck_lab,lab,yes,F,11,1,1,single,data/ag/audio/single/lady/ah/lady_241013_ah_08.wav,Aviary 1,2014,none
ag_lady_ah_241016-1305_01.wav,lady_241016_ah_12,ag,lady,Lady,ah,1,241016-1305,2024-10-16,maxplanck_lab,lab,yes,F,11,1,1,single,data/ag/audio/single/lady/ah/lady_241016_ah_12.wav,Aviary 1,2014,none
ag_lady_ah_NA_01.wav,lady__ah_05,ag,lady,Lady,ah,1,NA,NA,maxplanck_lab,lab,yes,F,11,1,0,single,data/ag/audio/single/lady/ah/lady__ah_05.wav,Aviary 1,2014,none
ag_lady_ah_NA_02.wav,lady__ah_07,ag,lady,Lady,ah,1,NA,NA,maxplanck_lab,lab,yes,F,11,1,0,single,data/ag/audio/single/lady/ah/lady__ah_07.wav,Aviary 1,2014,none
ag_lady_doubleco_241007-1255_01.wav,lady_241007_doubleco_01,ag,lady,Lady,doubleco,1,241007-1255,2024-10-07,maxplanck_lab,lab,yes,F,11,1,1,single,data/ag/audio/single/lady/doubleco/lady_241007_doubleco_01.wav,Aviary 1,2014,none
ag_lady_doubleco_241007-1255_02.wav,lady_241007_doubleco_02,ag,lady,Lady,doubleco,1,241007-1255,2024-10-07,maxplanck_lab,lab,yes,F,11,1,1,single,data/ag/audio/single/lady/doubleco/lady_241007_doubleco_02.wav,Aviary 1,2014,none
ag_lady_doubleco_241009-1270_01.wav,lady_241009_doubleco_03,ag,lady,Lady,doubleco,1,241009-1270,2024-10-09,maxplanck_lab,lab,yes,F,11,1,1,single,data/ag/audio/single/lady/doubleco/lady_241009_doubleco_03.wav,Aviary 1,2014,none
ag_lady_doubleco_241009-1270_02.wav,lady_241009_doubleco_04,ag,lady,Lady,doubleco,1,241009-1270,2024-10-09,maxplanck_lab,lab,yes,F,11,1,1,single,data/ag/audio/single/lady/doubleco/lady_241009_doubleco_04.wav,Aviary 1,2014,none
ag_lady_doubleco_241016-1305_01.wav,lady_241016_doubleco_05,ag,lady,Lady,doubleco,1,241016-1305,2024-10-16,maxplanck_lab,lab,yes,F,11,1,1,single,data/ag/audio/single/lady/doubleco/lady_241016_doubleco_05.wav,Aviary 1,2014,none
ag_lady_doubleco_241016-1305_02.wav,lady_241016_doubleco_06,ag,lady,Lady,doubleco,1,241016-1305,2024-10-16,maxplanck_lab,lab,yes,F,11,1,1,single,data/ag/audio/single/lady/doubleco/lady_241016_doubleco_06.wav,Aviary 1,2014,none
ag_lady_doubleco_241016-1305_03.wav,lady_241016_doubleco_07,ag,lady,Lady,doubleco,1,241016-1305,2024-10-16,maxplanck_lab,lab,yes,F,11,1,1,single,data/ag/audio/single/lady/doubleco/lady_241016_doubleco_07.wav,Aviary 1,2014,none
ag_lady_doubleco_NA_01.wav,lady__doubleco_08,ag,lady,Lady,doubleco,1,NA,NA,maxplanck_lab,lab,yes,F,11,1,0,single,data/ag/audio/single/lady/doubleco/lady__doubleco_08.wav,Aviary 1,2014,none
ag_lady_short_241007-1255_01.wav,lady_241007_short_01,ag,lady,Lady,short,1,241007-1255,2024-10-07,maxplanck_lab,lab,yes,F,11,1,1,single,data/ag/audio/single/lady/short/lady_241007_short_01.wav,Aviary 1,2014,none
ag_lady_short_241007-1255_02.wav,lady_241007_short_02,ag,lady,Lady,short,1,241007-1255,2024-10-07,maxplanck_lab,lab,yes,F,11,1,1,single,data/ag/audio/single/lady/short/lady_241007_short_02.wav,Aviary 1,2014,none
ag_lady_short_241007-1255_03.wav,lady_241007_short_16,ag,lady,Lady,short,1,241007-1255,2024-10-07,maxplanck_lab,lab,yes,F,11,1,1,single,data/ag/audio/single/lady/short/lady_241007_short_16.wav,Aviary 1,2014,none
ag_lady_short_241009-1270_01.wav,lady_241009_short_07,ag,lady,Lady,short,1,241009-1270,2024-10-09,maxplanck_lab,lab,yes,F,11,1,1,single,data/ag/audio/single/lady/short/lady_241009_short_07.wav,Aviary 1,2014,none
ag_lady_short_241009-1270_02.wav,lady_241009_short_12,ag,lady,Lady,short,1,241009-1270,2024-10-09,maxplanck_lab,lab,yes,F,11,1,1,single,data/ag/audio/single/lady/short/lady_241009_short_12.wav,Aviary 1,2014,none
ag_lady_short_241009-1270_03.wav,lady_241009_short_15,ag,lady,Lady,short,1,241009-1270,2024-10-09,maxplanck_lab,lab,yes,F,11,1,1,single,data/ag/audio/single/lady/short/lady_241009_short_15.wav,Aviary 1,2014,none
ag_lady_short_241009-1270_04.wav,lady_241009_short_17,ag,lady,Lady,short,1,241009-1270,2024-10-09,maxplanck_lab,lab,yes,F,11,1,1,single,data/ag/audio/single/lady/short/lady_241009_short_17.wav,Aviary 1,2014,none
ag_lady_short_241013-1276_01.wav,lady_241013_short_04,ag,lady,Lady,short,1,241013-1276,2024-10-13,maxplanck_lab,lab,yes,F,11,1,1,single,data/ag/audio/single/lady/short/lady_241013_short_04.wav,Aviary 1,2014,none
ag_lady_short_241013-1276_02.wav,lady_241013_short_05,ag,lady,Lady,short,1,241013-1276,2024-10-13,maxplanck_lab,lab,yes,F,11,1,1,single,data/ag/audio/single/lady/short/lady_241013_short_05.wav,Aviary 1,2014,none
ag_lady_short_241013-1276_03.wav,lady_241013_short_06,ag,lady,Lady,short,1,241013-1276,2024-10-13,maxplanck_lab,lab,yes,F,11,1,1,single,data/ag/audio/single/lady/short/lady_241013_short_06.wav,Aviary 1,2014,none
ag_lady_short_NA_01.wav,lady__short_03,ag,lady,Lady,short,1,NA,NA,maxplanck_lab,lab,yes,F,11,1,0,single,data/ag/audio/single/lady/short/lady__short_03.wav,Aviary 1,2014,none
ag_lady_short_NA_02.wav,lady__short_08,ag,lady,Lady,short,1,NA,NA,maxplanck_lab,lab,yes,F,11,1,0,single,data/ag/audio/single/lady/short/lady__short_08.wav,Aviary 1,2014,none
ag_lady_short_NA_03.wav,lady__short_09,ag,lady,Lady,short,1,NA,NA,maxplanck_lab,lab,yes,F,11,1,0,single,data/ag/audio/single/lady/short/lady__short_09.wav,Aviary 1,2014,none
ag_lady_short_NA_04.wav,lady__short_10,ag,lady,Lady,short,1,NA,NA,maxplanck_lab,lab,yes,F,11,1,0,single,data/ag/audio/single/lady/short/lady__short_10.wav,Aviary 1,2014,none
ag_lady_short_NA_05.wav,lady__short_11,ag,lady,Lady,short,1,NA,NA,maxplanck_lab,lab,yes,F,11,1,0,single,data/ag/audio/single/lady/short/lady__short_11.wav,Aviary 1,2014,none
ag_lady_short_NA_06.wav,lady__short_13,ag,lady,Lady,short,1,NA,NA,maxplanck_lab,lab,yes,F,11,1,0,single,data/ag/audio/single/lady/short/lady__short_13.wav,Aviary 1,2014,none
ag_lady_short_NA_07.wav,lady__short_14,ag,lady,Lady,short,1,NA,NA,maxplanck_lab,lab,yes,F,11,1,0,single,data/ag/audio/single/lady/short/lady__short_14.wav,Aviary 1,2014,none
ag_lady_vibrato_241007-1253_01.wav,lady_241007_vibrato_05,ag,lady,Lady,vibrato,1,241007-1253,2024-10-07,maxplanck_lab,lab,yes,F,11,1,1,single,data/ag/audio/single/lady/vibrato/lady_241007_vibrato_05.wav,Aviary 1,2014,none
ag_lady_vibrato_241007-1255_01.wav,lady_241007_vibrato_01,ag,lady,Lady,vibrato,1,241007-1255,2024-10-07,maxplanck_lab,lab,yes,F,11,1,1,single,data/ag/audio/single/lady/vibrato/lady_241007_vibrato_01.wav,Aviary 1,2014,none
ag_lady_vibrato_241007-1255_02.wav,lady_241007_vibrato_02,ag,lady,Lady,vibrato,1,241007-1255,2024-10-07,maxplanck_lab,lab,yes,F,11,1,1,single,data/ag/audio/single/lady/vibrato/lady_241007_vibrato_02.wav,Aviary 1,2014,none
ag_lady_vibrato_241007-1255_03.wav,lady_241007_vibrato_03,ag,lady,Lady,vibrato,1,241007-1255,2024-10-07,maxplanck_lab,lab,yes,F,11,1,1,single,data/ag/audio/single/lady/vibrato/lady_241007_vibrato_03.wav,Aviary 1,2014,none
ag_lady_vibrato_241007-1255_04.wav,lady_241007_vibrato_04,ag,lady,Lady,vibrato,1,241007-1255,2024-10-07,maxplanck_lab,lab,yes,F,11,1,1,single,data/ag/audio/single/lady/vibrato/lady_241007_vibrato_04.wav,Aviary 1,2014,none
ag_lady_vibrato_241009-1270_01.wav,lady_241009_vibrato_06,ag,lady,Lady,vibrato,1,241009-1270,2024-10-09,maxplanck_lab,lab,yes,F,11,1,1,single,data/ag/audio/single/lady/vibrato/lady_241009_vibrato_06.wav,Aviary 1,2014,none
ag_lady_vibrato_241009-1270_02.wav,lady_241009_vibrato_07,ag,lady,Lady,vibrato,1,241009-1270,2024-10-09,maxplanck_lab,lab,yes,F,11,1,1,single,data/ag/audio/single/lady/vibrato/lady_241009_vibrato_07.wav,Aviary 1,2014,none
ag_lady_vibrato_241009-1270_03.wav,lady_241009_vibrato_09,ag,lady,Lady,vibrato,1,241009-1270,2024-10-09,maxplanck_lab,lab,yes,F,11,1,1,single,data/ag/audio/single/lady/vibrato/lady_241009_vibrato_09.wav,Aviary 1,2014,none
ag_lady_vibrato_241013-1276_01.wav,lady_241013_vibrato_11,ag,lady,Lady,vibrato,1,241013-1276,2024-10-13,maxplanck_lab,lab,yes,F,11,1,1,single,data/ag/audio/single/lady/vibrato/lady_241013_vibrato_11.wav,Aviary 1,2014,none
ag_lady_vibrato_241013-1276_02.wav,lady_241013_vibrato_12,ag,lady,Lady,vibrato,1,241013-1276,2024-10-13,maxplanck_lab,lab,yes,F,11,1,1,single,data/ag/audio/single/lady/vibrato/lady_241013_vibrato_12.wav,Aviary 1,2014,none
ag_lady_vibrato_241013-1278_01.wav,lady_241013_vibrato_08,ag,lady,Lady,vibrato,1,241013-1278,2024-10-13,maxplanck_lab,lab,yes,F,11,1,1,single,data/ag/audio/single/lady/vibrato/lady_241013_vibrato_08.wav,Aviary 1,2014,none
ag_lady_vibrato_241013-1278_02.wav,lady_241013_vibrato_10,ag,lady,Lady,vibrato,1,241013-1278,2024-10-13,maxplanck_lab,lab,yes,F,11,1,1,single,data/ag/audio/single/lady/vibrato/lady_241013_vibrato_10.wav,Aviary 1,2014,none
ag_lady_vibrato_241016-1305_01.wav,lady_241016_vibrato_13,ag,lady,Lady,vibrato,1,241016-1305,2024-10-16,maxplanck_lab,lab,yes,F,11,1,1,single,data/ag/audio/single/lady/vibrato/lady_241016_vibrato_13.wav,Aviary 1,2014,none
ag_lady_vibrato_241016-1305_02.wav,lady_241016_vibrato_14,ag,lady,Lady,vibrato,1,241016-1305,2024-10-16,maxplanck_lab,lab,yes,F,11,1,1,single,data/ag/audio/single/lady/vibrato/lady_241016_vibrato_14.wav,Aviary 1,2014,none
ag_lady_vibrato_241016-1305_03.wav,lady_241016_vibrato_15,ag,lady,Lady,vibrato,1,241016-1305,2024-10-16,maxplanck_lab,lab,yes,F,11,1,1,single,data/ag/audio/single/lady/vibrato/lady_241016_vibrato_15.wav,Aviary 1,2014,none
ag_marvel_ah_241112-1311_01.wav,marvel_241112_ah_01,ag,marvel,Marvel,ah,1,241112-1311,2024-11-12,maxplanck_lab,lab,no,F,5,2,1,single,data/ag/audio/single/marvel/ah/marvel_241112_ah_01.wav,Aviary 2,2020,family_2
ag_marvel_ah_241112-1311_02.wav,marvel_241112_ah_02,ag,marvel,Marvel,ah,1,241112-1311,2024-11-12,maxplanck_lab,lab,no,F,5,2,1,single,data/ag/audio/single/marvel/ah/marvel_241112_ah_02.wav,Aviary 2,2020,family_2
ag_marvel_ah_241112-1311_03.wav,marvel_241112_ah_03,ag,marvel,Marvel,ah,1,241112-1311,2024-11-12,maxplanck_lab,lab,no,F,5,2,1,single,data/ag/audio/single/marvel/ah/marvel_241112_ah_03.wav,Aviary 2,2020,family_2
ag_marvel_ah_241112-1311_04.wav,marvel_241112_ah_04,ag,marvel,Marvel,ah,1,241112-1311,2024-11-12,maxplanck_lab,lab,no,F,5,2,1,single,data/ag/audio/single/marvel/ah/marvel_241112_ah_04.wav,Aviary 2,2020,family_2
ag_marvel_ah_241112-1311_05.wav,marvel_241112_ah_05,ag,marvel,Marvel,ah,1,241112-1311,2024-11-12,maxplanck_lab,lab,no,F,5,2,1,single,data/ag/audio/single/marvel/ah/marvel_241112_ah_05.wav,Aviary 2,2020,family_2
ag_marvel_ah_241112-1312_01.wav,marvel_241112_ah_06,ag,marvel,Marvel,ah,1,241112-1312,2024-11-12,maxplanck_lab,lab,no,F,5,2,1,single,data/ag/audio/single/marvel/ah/marvel_241112_ah_06.wav,Aviary 2,2020,family_2
ag_marvel_ah_241112-1312_02.wav,marvel_241112_ah_07,ag,marvel,Marvel,ah,1,241112-1312,2024-11-12,maxplanck_lab,lab,no,F,5,2,1,single,data/ag/audio/single/marvel/ah/marvel_241112_ah_07.wav,Aviary 2,2020,family_2
ag_marvel_ah_241113-1313_01.wav,marvel_241113_ah_11,ag,marvel,Marvel,ah,1,241113-1313,2024-11-13,maxplanck_lab,lab,no,F,5,2,1,single,data/ag/audio/single/marvel/ah/marvel_241113_ah_11.wav,Aviary 2,2020,family_2
ag_marvel_ah_241114-1320_01.wav,marvel_241114_ah_08,ag,marvel,Marvel,ah,1,241114-1320,2024-11-14,maxplanck_lab,lab,no,F,5,2,1,single,data/ag/audio/single/marvel/ah/marvel_241114_ah_08.wav,Aviary 2,2020,family_2
ag_marvel_ah_241114-1320_02.wav,marvel_241114_ah_10,ag,marvel,Marvel,ah,1,241114-1320,2024-11-14,maxplanck_lab,lab,no,F,5,2,1,single,data/ag/audio/single/marvel/ah/marvel_241114_ah_10.wav,Aviary 2,2020,family_2
ag_marvel_ah_241114-1320_03.wav,marvel_241114_ah_12,ag,marvel,Marvel,ah,1,241114-1320,2024-11-14,maxplanck_lab,lab,no,F,5,2,1,single,data/ag/audio/single/marvel/ah/marvel_241114_ah_12.wav,Aviary 2,2020,family_2
ag_marvel_ah_241114-1320_04.wav,marvel_241114_ah_13,ag,marvel,Marvel,ah,1,241114-1320,2024-11-14,maxplanck_lab,lab,no,F,5,2,1,single,data/ag/audio/single/marvel/ah/marvel_241114_ah_13.wav,Aviary 2,2020,family_2
ag_marvel_ah_241114-1321_01.wav,marvel_241114_ah_14,ag,marvel,Marvel,ah,1,241114-1321,2024-11-14,maxplanck_lab,lab,no,F,5,2,1,single,data/ag/audio/single/marvel/ah/marvel_241114_ah_14.wav,Aviary 2,2020,family_2
ag_marvel_ah_241114-1323_01.wav,marvel_241114_ah_09,ag,marvel,Marvel,ah,1,241114-1323,2024-11-14,maxplanck_lab,lab,no,F,5,2,1,single,data/ag/audio/single/marvel/ah/marvel_241114_ah_09.wav,Aviary 2,2020,family_2
ag_marvel_ah_241114-1323_02.wav,marvel_241114_ah_15,ag,marvel,Marvel,ah,1,241114-1323,2024-11-14,maxplanck_lab,lab,no,F,5,2,1,single,data/ag/audio/single/marvel/ah/marvel_241114_ah_15.wav,Aviary 2,2020,family_2
ag_marvel_ah_241114-1323_03.wav,marvel_241114_ah_16,ag,marvel,Marvel,ah,1,241114-1323,2024-11-14,maxplanck_lab,lab,no,F,5,2,1,single,data/ag/audio/single/marvel/ah/marvel_241114_ah_16.wav,Aviary 2,2020,family_2
ag_marvel_ah_241114-1323_04.wav,marvel_241114_ah_17,ag,marvel,Marvel,ah,1,241114-1323,2024-11-14,maxplanck_lab,lab,no,F,5,2,1,single,data/ag/audio/single/marvel/ah/marvel_241114_ah_17.wav,Aviary 2,2020,family_2
ag_marvel_ah_241114-1323_05.wav,marvel_241114_ah_18,ag,marvel,Marvel,ah,1,241114-1323,2024-11-14,maxplanck_lab,lab,no,F,5,2,1,single,data/ag/audio/single/marvel/ah/marvel_241114_ah_18.wav,Aviary 2,2020,family_2
ag_marvel_ah_241116-1325_01.wav,marvel_241116_ah_19,ag,marvel,Marvel,ah,1,241116-1325,2024-11-16,maxplanck_lab,lab,no,F,5,2,1,single,data/ag/audio/single/marvel/ah/marvel_241116_ah_19.wav,Aviary 2,2020,family_2
ag_marvel_ah_241116-1325_02.wav,marvel_241116_ah_20,ag,marvel,Marvel,ah,1,241116-1325,2024-11-16,maxplanck_lab,lab,no,F,5,2,1,single,data/ag/audio/single/marvel/ah/marvel_241116_ah_20.wav,Aviary 2,2020,family_2
ag_marvel_ah_241116-1325_03.wav,marvel_241116_ah_21,ag,marvel,Marvel,ah,1,241116-1325,2024-11-16,maxplanck_lab,lab,no,F,5,2,1,single,data/ag/audio/single/marvel/ah/marvel_241116_ah_21.wav,Aviary 2,2020,family_2
ag_marvel_ah_241116-1325_04.wav,marvel_241116_ah_22,ag,marvel,Marvel,ah,1,241116-1325,2024-11-16,maxplanck_lab,lab,no,F,5,2,1,single,data/ag/audio/single/marvel/ah/marvel_241116_ah_22.wav,Aviary 2,2020,family_2
ag_marvel_ah_241116-1325_05.wav,marvel_241116_ah_23,ag,marvel,Marvel,ah,1,241116-1325,2024-11-16,maxplanck_lab,lab,no,F,5,2,1,single,data/ag/audio/single/marvel/ah/marvel_241116_ah_23.wav,Aviary 2,2020,family_2
ag_marvel_ah_241116-1325_06.wav,marvel_241116_ah_24,ag,marvel,Marvel,ah,1,241116-1325,2024-11-16,maxplanck_lab,lab,no,F,5,2,1,single,data/ag/audio/single/marvel/ah/marvel_241116_ah_24.wav,Aviary 2,2020,family_2
ag_marvel_ah_241116-1325_07.wav,marvel_241116_ah_25,ag,marvel,Marvel,ah,1,241116-1325,2024-11-16,maxplanck_lab,lab,no,F,5,2,1,single,data/ag/audio/single/marvel/ah/marvel_241116_ah_25.wav,Aviary 2,2020,family_2
ag_marvel_ah_241116-1325_08.wav,marvel_241116_ah_26,ag,marvel,Marvel,ah,1,241116-1325,2024-11-16,maxplanck_lab,lab,no,F,5,2,1,single,data/ag/audio/single/marvel/ah/marvel_241116_ah_26.wav,Aviary 2,2020,family_2
ag_marvel_ah_241116-1325_09.wav,marvel_241116_ah_27,ag,marvel,Marvel,ah,1,241116-1325,2024-11-16,maxplanck_lab,lab,no,F,5,2,1,single,data/ag/audio/single/marvel/ah/marvel_241116_ah_27.wav,Aviary 2,2020,family_2
ag_marvel_ah_241116-1325_10.wav,marvel_241116_ah_28,ag,marvel,Marvel,ah,1,241116-1325,2024-11-16,maxplanck_lab,lab,no,F,5,2,1,single,data/ag/audio/single/marvel/ah/marvel_241116_ah_28.wav,Aviary 2,2020,family_2
ag_marvel_ah_241116-1325_11.wav,marvel_241116_ah_29,ag,marvel,Marvel,ah,1,241116-1325,2024-11-16,maxplanck_lab,lab,no,F,5,2,1,single,data/ag/audio/single/marvel/ah/marvel_241116_ah_29.wav,Aviary 2,2020,family_2
ag_marvel_ah_241116-1325_12.wav,marvel_241116_ah_30,ag,marvel,Marvel,ah,1,241116-1325,2024-11-16,maxplanck_lab,lab,no,F,5,2,1,single,data/ag/audio/single/marvel/ah/marvel_241116_ah_30.wav,Aviary 2,2020,family_2
ag_marvel_ah_241116-1325_13.wav,marvel_241116_ah_31,ag,marvel,Marvel,ah,1,241116-1325,2024-11-16,maxplanck_lab,lab,no,F,5,2,1,single,data/ag/audio/single/marvel/ah/marvel_241116_ah_31.wav,Aviary 2,2020,family_2
ag_marvel_ah_241116-1325_14.wav,marvel_241116_ah_32,ag,marvel,Marvel,ah,1,241116-1325,2024-11-16,maxplanck_lab,lab,no,F,5,2,1,single,data/ag/audio/single/marvel/ah/marvel_241116_ah_32.wav,Aviary 2,2020,family_2
ag_marvel_ah_241116-1325_15.wav,marvel_241116_ah_33,ag,marvel,Marvel,ah,1,241116-1325,2024-11-16,maxplanck_lab,lab,no,F,5,2,1,single,data/ag/audio/single/marvel/ah/marvel_241116_ah_33.wav,Aviary 2,2020,family_2
ag_marvel_ah_241116-1325_16.wav,marvel_241116_ah_34,ag,marvel,Marvel,ah,1,241116-1325,2024-11-16,maxplanck_lab,lab,no,F,5,2,1,single,data/ag/audio/single/marvel/ah/marvel_241116_ah_34.wav,Aviary 2,2020,family_2
ag_marvel_ah_241116-1325_17.wav,marvel_241116_ah_35,ag,marvel,Marvel,ah,1,241116-1325,2024-11-16,maxplanck_lab,lab,no,F,5,2,1,single,data/ag/audio/single/marvel/ah/marvel_241116_ah_35.wav,Aviary 2,2020,family_2
ag_marvel_ah_241116-1325_18.wav,marvel_241116_ah_36,ag,marvel,Marvel,ah,1,241116-1325,2024-11-16,maxplanck_lab,lab,no,F,5,2,1,single,data/ag/audio/single/marvel/ah/marvel_241116_ah_36.wav,Aviary 2,2020,family_2
ag_marvel_doubleco_241112-1312_01.wav,marvel_241112_doubleco_01,ag,marvel,Marvel,doubleco,1,241112-1312,2024-11-12,maxplanck_lab,lab,no,F,5,2,1,single,data/ag/audio/single/marvel/doubleco/marvel_241112_doubleco_01.wav,Aviary 2,2020,family_2
ag_marvel_doubleco_241114-1320_01.wav,marvel_241114_doubleco_02,ag,marvel,Marvel,doubleco,1,241114-1320,2024-11-14,maxplanck_lab,lab,no,F,5,2,1,single,data/ag/audio/single/marvel/doubleco/marvel_241114_doubleco_02.wav,Aviary 2,2020,family_2
ag_marvel_doubleco_241114-1320_02.wav,marvel_241114_doubleco_03,ag,marvel,Marvel,doubleco,1,241114-1320,2024-11-14,maxplanck_lab,lab,no,F,5,2,1,single,data/ag/audio/single/marvel/doubleco/marvel_241114_doubleco_03.wav,Aviary 2,2020,family_2
ag_marvel_doubleco_241114-1320_03.wav,marvel_241114_doubleco_05,ag,marvel,Marvel,doubleco,1,241114-1320,2024-11-14,maxplanck_lab,lab,no,F,5,2,1,single,data/ag/audio/single/marvel/doubleco/marvel_241114_doubleco_05.wav,Aviary 2,2020,family_2
ag_marvel_doubleco_241114-1320_04.wav,marvel_241114_doubleco_06,ag,marvel,Marvel,doubleco,1,241114-1320,2024-11-14,maxplanck_lab,lab,no,F,5,2,1,single,data/ag/audio/single/marvel/doubleco/marvel_241114_doubleco_06.wav,Aviary 2,2020,family_2
ag_marvel_doubleco_241114-1321_01.wav,marvel_241114_doubleco_04,ag,marvel,Marvel,doubleco,1,241114-1321,2024-11-14,maxplanck_lab,lab,no,F,5,2,1,single,data/ag/audio/single/marvel/doubleco/marvel_241114_doubleco_04.wav,Aviary 2,2020,family_2
ag_marvel_short_241114-1320_01.wav,marvel_241114_short_02,ag,marvel,Marvel,short,1,241114-1320,2024-11-14,maxplanck_lab,lab,no,F,5,2,1,single,data/ag/audio/single/marvel/short/marvel_241114_short_02.wav,Aviary 2,2020,family_2
ag_marvel_short_241114-1320_02.wav,marvel_241114_short_03,ag,marvel,Marvel,short,1,241114-1320,2024-11-14,maxplanck_lab,lab,no,F,5,2,1,single,data/ag/audio/single/marvel/short/marvel_241114_short_03.wav,Aviary 2,2020,family_2
ag_marvel_short_241114-1320_03.wav,marvel_241114_short_04,ag,marvel,Marvel,short,1,241114-1320,2024-11-14,maxplanck_lab,lab,no,F,5,2,1,single,data/ag/audio/single/marvel/short/marvel_241114_short_04.wav,Aviary 2,2020,family_2
ag_marvel_short_241114-1320_04.wav,marvel_241114_short_05,ag,marvel,Marvel,short,1,241114-1320,2024-11-14,maxplanck_lab,lab,no,F,5,2,1,single,data/ag/audio/single/marvel/short/marvel_241114_short_05.wav,Aviary 2,2020,family_2
ag_marvel_short_241114-1320_05.wav,marvel_241114_short_06,ag,marvel,Marvel,short,1,241114-1320,2024-11-14,maxplanck_lab,lab,no,F,5,2,1,single,data/ag/audio/single/marvel/short/marvel_241114_short_06.wav,Aviary 2,2020,family_2
ag_marvel_short_241114-1321_01.wav,marvel_241114_short_01,ag,marvel,Marvel,short,1,241114-1321,2024-11-14,maxplanck_lab,lab,no,F,5,2,1,single,data/ag/audio/single/marvel/short/marvel_241114_short_01.wav,Aviary 2,2020,family_2
ag_marvel_short_241114-1321_02.wav,marvel_241114_short_07,ag,marvel,Marvel,short,1,241114-1321,2024-11-14,maxplanck_lab,lab,no,F,5,2,1,single,data/ag/audio/single/marvel/short/marvel_241114_short_07.wav,Aviary 2,2020,family_2
ag_marvel_short_241114-1321_03.wav,marvel_241114_short_08,ag,marvel,Marvel,short,1,241114-1321,2024-11-14,maxplanck_lab,lab,no,F,5,2,1,single,data/ag/audio/single/marvel/short/marvel_241114_short_08.wav,Aviary 2,2020,family_2
ag_marvel_short_241114-1321_04.wav,marvel_241114_short_09,ag,marvel,Marvel,short,1,241114-1321,2024-11-14,maxplanck_lab,lab,no,F,5,2,1,single,data/ag/audio/single/marvel/short/marvel_241114_short_09.wav,Aviary 2,2020,family_2
ag_marvel_short_241114-1323_01.wav,marvel_241114_short_10,ag,marvel,Marvel,short,1,241114-1323,2024-11-14,maxplanck_lab,lab,no,F,5,2,1,single,data/ag/audio/single/marvel/short/marvel_241114_short_10.wav,Aviary 2,2020,family_2
ag_marvel_short_241114-1323_02.wav,marvel_241114_short_11,ag,marvel,Marvel,short,1,241114-1323,2024-11-14,maxplanck_lab,lab,no,F,5,2,1,single,data/ag/audio/single/marvel/short/marvel_241114_short_11.wav,Aviary 2,2020,family_2
ag_marvel_short_241116-1325_01.wav,marvel_241116_short_12,ag,marvel,Marvel,short,1,241116-1325,2024-11-16,maxplanck_lab,lab,no,F,5,2,1,single,data/ag/audio/single/marvel/short/marvel_241116_short_12.wav,Aviary 2,2020,family_2
ag_marvel_short_241116-1325_02.wav,marvel_241116_short_13,ag,marvel,Marvel,short,1,241116-1325,2024-11-16,maxplanck_lab,lab,no,F,5,2,1,single,data/ag/audio/single/marvel/short/marvel_241116_short_13.wav,Aviary 2,2020,family_2
ag_natash_ah_241117-1327_01.wav,natash_241117_ah_01,ag,natash,Natasha,ah,1,241117-1327,2024-11-17,maxplanck_lab,lab,no,F,6,2,1,single,data/ag/audio/single/natash/ah/natash_241117_ah_01.wav,Aviary 2,2018,family_1
ag_natash_ah_241117-1327_02.wav,natash_241117_ah_02,ag,natash,Natasha,ah,1,241117-1327,2024-11-17,maxplanck_lab,lab,no,F,6,2,1,single,data/ag/audio/single/natash/ah/natash_241117_ah_02.wav,Aviary 2,2018,family_1
ag_natash_ah_241117-1327_03.wav,natash_241117_ah_03,ag,natash,Natasha,ah,1,241117-1327,2024-11-17,maxplanck_lab,lab,no,F,6,2,1,single,data/ag/audio/single/natash/ah/natash_241117_ah_03.wav,Aviary 2,2018,family_1
ag_natash_doubleco_241117-1326_01.wav,natash_241117_doubleco_01,ag,natash,Natasha,doubleco,1,241117-1326,2024-11-17,maxplanck_lab,lab,no,F,6,2,1,single,data/ag/audio/single/natash/doubleco/natash_241117_doubleco_01.wav,Aviary 2,2018,family_1
ag_natash_doubleco_241117-1326_02.wav,natash_241117_doubleco_03,ag,natash,Natasha,doubleco,1,241117-1326,2024-11-17,maxplanck_lab,lab,no,F,6,2,1,single,data/ag/audio/single/natash/doubleco/natash_241117_doubleco_03.wav,Aviary 2,2018,family_1
ag_natash_doubleco_241117-1326_03.wav,natash_241117_doubleco_04,ag,natash,Natasha,doubleco,1,241117-1326,2024-11-17,maxplanck_lab,lab,no,F,6,2,1,single,data/ag/audio/single/natash/doubleco/natash_241117_doubleco_04.wav,Aviary 2,2018,family_1
ag_natash_doubleco_241117-1326_04.wav,natash_241117_doubleco_05,ag,natash,Natasha,doubleco,1,241117-1326,2024-11-17,maxplanck_lab,lab,no,F,6,2,1,single,data/ag/audio/single/natash/doubleco/natash_241117_doubleco_05.wav,Aviary 2,2018,family_1
ag_natash_doubleco_241117-1327_01.wav,natash_241117_doubleco_02,ag,natash,Natasha,doubleco,1,241117-1327,2024-11-17,maxplanck_lab,lab,no,F,6,2,1,single,data/ag/audio/single/natash/doubleco/natash_241117_doubleco_02.wav,Aviary 2,2018,family_1
ag_natash_doubleco_241126-1348_01.wav,natash_241126_doubleco_08,ag,natash,Natasha,doubleco,1,241126-1348,2024-11-26,maxplanck_lab,lab,no,F,6,2,1,single,data/ag/audio/single/natash/doubleco/natash_241126_doubleco_08.wav,Aviary 2,2018,family_1
ag_natash_doubleco_241126-1349_01.wav,natash_241126_doubleco_06,ag,natash,Natasha,doubleco,1,241126-1349,2024-11-26,maxplanck_lab,lab,no,F,6,2,1,single,data/ag/audio/single/natash/doubleco/natash_241126_doubleco_06.wav,Aviary 2,2018,family_1
ag_natash_doubleco_241126-1349_02.wav,natash_241126_doubleco_07,ag,natash,Natasha,doubleco,1,241126-1349,2024-11-26,maxplanck_lab,lab,no,F,6,2,1,single,data/ag/audio/single/natash/doubleco/natash_241126_doubleco_07.wav,Aviary 2,2018,family_1
ag_natash_murmur_241124-1341_01.wav,natash_241124_murmur_01,ag,natash,Natasha,murmur,1,241124-1341,2024-11-24,maxplanck_lab,lab,no,F,6,2,1,single,data/ag/audio/single/natash/murmur/natash_241124_murmur_01.wav,Aviary 2,2018,family_1
ag_natash_murmur_241124-1341_02.wav,natash_241124_murmur_02,ag,natash,Natasha,murmur,1,241124-1341,2024-11-24,maxplanck_lab,lab,no,F,6,2,1,single,data/ag/audio/single/natash/murmur/natash_241124_murmur_02.wav,Aviary 2,2018,family_1
ag_natash_murmur_241124-1341_03.wav,natash_241124_murmur_03,ag,natash,Natasha,murmur,1,241124-1341,2024-11-24,maxplanck_lab,lab,no,F,6,2,1,single,data/ag/audio/single/natash/murmur/natash_241124_murmur_03.wav,Aviary 2,2018,family_1
ag_natash_raspy_241126-1348_01.wav,natash_241126_raspy_01,ag,natash,Natasha,raspy,1,241126-1348,2024-11-26,maxplanck_lab,lab,no,F,6,2,1,single,data/ag/audio/single/natash/raspy/natash_241126_raspy_01.wav,Aviary 2,2018,family_1
ag_natash_raspy_241126-1349_01.wav,natash_241126_raspy_02,ag,natash,Natasha,raspy,1,241126-1349,2024-11-26,maxplanck_lab,lab,no,F,6,2,1,single,data/ag/audio/single/natash/raspy/natash_241126_raspy_02.wav,Aviary 2,2018,family_1
ag_natash_raspy_241126-1349_02.wav,natash_241126_raspy_03,ag,natash,Natasha,raspy,1,241126-1349,2024-11-26,maxplanck_lab,lab,no,F,6,2,1,single,data/ag/audio/single/natash/raspy/natash_241126_raspy_03.wav,Aviary 2,2018,family_1
ag_natash_raspy_241126-1349_03.wav,natash_241126_raspy_04,ag,natash,Natasha,raspy,1,241126-1349,2024-11-26,maxplanck_lab,lab,no,F,6,2,1,single,data/ag/audio/single/natash/raspy/natash_241126_raspy_04.wav,Aviary 2,2018,family_1
ag_natash_raspy_241126-1349_04.wav,natash_241126_raspy_05,ag,natash,Natasha,raspy,1,241126-1349,2024-11-26,maxplanck_lab,lab,no,F,6,2,1,single,data/ag/audio/single/natash/raspy/natash_241126_raspy_05.wav,Aviary 2,2018,family_1
ag_natash_short_241117-1326_01.wav,natash_241117_short_01,ag,natash,Natasha,short,1,241117-1326,2024-11-17,maxplanck_lab,lab,no,F,6,2,1,single,data/ag/audio/single/natash/short/natash_241117_short_01.wav,Aviary 2,2018,family_1
ag_natash_short_241117-1326_02.wav,natash_241117_short_02,ag,natash,Natasha,short,1,241117-1326,2024-11-17,maxplanck_lab,lab,no,F,6,2,1,single,data/ag/audio/single/natash/short/natash_241117_short_02.wav,Aviary 2,2018,family_1
ag_natash_short_241117-1326_03.wav,natash_241117_short_03,ag,natash,Natasha,short,1,241117-1326,2024-11-17,maxplanck_lab,lab,no,F,6,2,1,single,data/ag/audio/single/natash/short/natash_241117_short_03.wav,Aviary 2,2018,family_1
ag_natash_short_241117-1326_04.wav,natash_241117_short_04,ag,natash,Natasha,short,1,241117-1326,2024-11-17,maxplanck_lab,lab,no,F,6,2,1,single,data/ag/audio/single/natash/short/natash_241117_short_04.wav,Aviary 2,2018,family_1
ag_natash_short_241117-1326_05.wav,natash_241117_short_05,ag,natash,Natasha,short,1,241117-1326,2024-11-17,maxplanck_lab,lab,no,F,6,2,1,single,data/ag/audio/single/natash/short/natash_241117_short_05.wav,Aviary 2,2018,family_1
ag_natash_short_241117-1326_06.wav,natash_241117_short_06,ag,natash,Natasha,short,1,241117-1326,2024-11-17,maxplanck_lab,lab,no,F,6,2,1,single,data/ag/audio/single/natash/short/natash_241117_short_06.wav,Aviary 2,2018,family_1
ag_natash_short_241117-1326_07.wav,natash_241117_short_07,ag,natash,Natasha,short,1,241117-1326,2024-11-17,maxplanck_lab,lab,no,F,6,2,1,single,data/ag/audio/single/natash/short/natash_241117_short_07.wav,Aviary 2,2018,family_1
ag_natash_short_241117-1326_08.wav,natash_241117_short_08,ag,natash,Natasha,short,1,241117-1326,2024-11-17,maxplanck_lab,lab,no,F,6,2,1,single,data/ag/audio/single/natash/short/natash_241117_short_08.wav,Aviary 2,2018,family_1
ag_natash_short_241117-1326_09.wav,natash_241117_short_09,ag,natash,Natasha,short,1,241117-1326,2024-11-17,maxplanck_lab,lab,no,F,6,2,1,single,data/ag/audio/single/natash/short/natash_241117_short_09.wav,Aviary 2,2018,family_1
ag_natash_short_241117-1326_10.wav,natash_241117_short_10,ag,natash,Natasha,short,1,241117-1326,2024-11-17,maxplanck_lab,lab,no,F,6,2,1,single,data/ag/audio/single/natash/short/natash_241117_short_10.wav,Aviary 2,2018,family_1
ag_natash_short_241117-1326_11.wav,natash_241117_short_11,ag,natash,Natasha,short,1,241117-1326,2024-11-17,maxplanck_lab,lab,no,F,6,2,1,single,data/ag/audio/single/natash/short/natash_241117_short_11.wav,Aviary 2,2018,family_1
ag_natash_short_241117-1326_12.wav,natash_241117_short_12,ag,natash,Natasha,short,1,241117-1326,2024-11-17,maxplanck_lab,lab,no,F,6,2,1,single,data/ag/audio/single/natash/short/natash_241117_short_12.wav,Aviary 2,2018,family_1
ag_natash_short_241117-1326_13.wav,natash_241117_short_13,ag,natash,Natasha,short,1,241117-1326,2024-11-17,maxplanck_lab,lab,no,F,6,2,1,single,data/ag/audio/single/natash/short/natash_241117_short_13.wav,Aviary 2,2018,family_1
ag_natash_short_241117-1326_14.wav,natash_241117_short_14,ag,natash,Natasha,short,1,241117-1326,2024-11-17,maxplanck_lab,lab,no,F,6,2,1,single,data/ag/audio/single/natash/short/natash_241117_short_14.wav,Aviary 2,2018,family_1
ag_natash_short_241117-1326_15.wav,natash_241117_short_15,ag,natash,Natasha,short,1,241117-1326,2024-11-17,maxplanck_lab,lab,no,F,6,2,1,single,data/ag/audio/single/natash/short/natash_241117_short_15.wav,Aviary 2,2018,family_1
ag_natash_short_241117-1326_16.wav,natash_241117_short_16,ag,natash,Natasha,short,1,241117-1326,2024-11-17,maxplanck_lab,lab,no,F,6,2,1,single,data/ag/audio/single/natash/short/natash_241117_short_16.wav,Aviary 2,2018,family_1
ag_natash_short_241117-1326_17.wav,natash_241117_short_17,ag,natash,Natasha,short,1,241117-1326,2024-11-17,maxplanck_lab,lab,no,F,6,2,1,single,data/ag/audio/single/natash/short/natash_241117_short_17.wav,Aviary 2,2018,family_1
ag_natash_short_241117-1326_18.wav,natash_241117_short_18,ag,natash,Natasha,short,1,241117-1326,2024-11-17,maxplanck_lab,lab,no,F,6,2,1,single,data/ag/audio/single/natash/short/natash_241117_short_18.wav,Aviary 2,2018,family_1
ag_natash_short_241117-1326_19.wav,natash_241117_short_20,ag,natash,Natasha,short,1,241117-1326,2024-11-17,maxplanck_lab,lab,no,F,6,2,1,single,data/ag/audio/single/natash/short/natash_241117_short_20.wav,Aviary 2,2018,family_1
ag_natash_short_241117-1326_20.wav,natash_241117_short_43,ag,natash,Natasha,short,1,241117-1326,2024-11-17,maxplanck_lab,lab,no,F,6,2,1,single,data/ag/audio/single/natash/short/natash_241117_short_43.wav,Aviary 2,2018,family_1
ag_natash_short_241117-1326_21.wav,natash_241117_short_48,ag,natash,Natasha,short,1,241117-1326,2024-11-17,maxplanck_lab,lab,no,F,6,2,1,single,data/ag/audio/single/natash/short/natash_241117_short_48.wav,Aviary 2,2018,family_1
ag_natash_short_241117-1327_01.wav,natash_241117_short_19,ag,natash,Natasha,short,1,241117-1327,2024-11-17,maxplanck_lab,lab,no,F,6,2,1,single,data/ag/audio/single/natash/short/natash_241117_short_19.wav,Aviary 2,2018,family_1
ag_natash_short_241117-1327_02.wav,natash_241117_short_21,ag,natash,Natasha,short,1,241117-1327,2024-11-17,maxplanck_lab,lab,no,F,6,2,1,single,data/ag/audio/single/natash/short/natash_241117_short_21.wav,Aviary 2,2018,family_1
ag_natash_short_241117-1327_03.wav,natash_241117_short_22,ag,natash,Natasha,short,1,241117-1327,2024-11-17,maxplanck_lab,lab,no,F,6,2,1,single,data/ag/audio/single/natash/short/natash_241117_short_22.wav,Aviary 2,2018,family_1
ag_natash_short_241117-1327_04.wav,natash_241117_short_23,ag,natash,Natasha,short,1,241117-1327,2024-11-17,maxplanck_lab,lab,no,F,6,2,1,single,data/ag/audio/single/natash/short/natash_241117_short_23.wav,Aviary 2,2018,family_1
ag_natash_short_241117-1327_05.wav,natash_241117_short_24,ag,natash,Natasha,short,1,241117-1327,2024-11-17,maxplanck_lab,lab,no,F,6,2,1,single,data/ag/audio/single/natash/short/natash_241117_short_24.wav,Aviary 2,2018,family_1
ag_natash_short_241117-1327_06.wav,natash_241117_short_25,ag,natash,Natasha,short,1,241117-1327,2024-11-17,maxplanck_lab,lab,no,F,6,2,1,single,data/ag/audio/single/natash/short/natash_241117_short_25.wav,Aviary 2,2018,family_1
ag_natash_short_241117-1327_07.wav,natash_241117_short_26,ag,natash,Natasha,short,1,241117-1327,2024-11-17,maxplanck_lab,lab,no,F,6,2,1,single,data/ag/audio/single/natash/short/natash_241117_short_26.wav,Aviary 2,2018,family_1
ag_natash_short_241117-1327_08.wav,natash_241117_short_27,ag,natash,Natasha,short,1,241117-1327,2024-11-17,maxplanck_lab,lab,no,F,6,2,1,single,data/ag/audio/single/natash/short/natash_241117_short_27.wav,Aviary 2,2018,family_1
ag_natash_short_241124-1338_01.wav,natash_241124_short_29,ag,natash,Natasha,short,1,241124-1338,2024-11-24,maxplanck_lab,lab,no,F,6,2,1,single,data/ag/audio/single/natash/short/natash_241124_short_29.wav,Aviary 2,2018,family_1
ag_natash_short_241124-1338_02.wav,natash_241124_short_30,ag,natash,Natasha,short,1,241124-1338,2024-11-24,maxplanck_lab,lab,no,F,6,2,1,single,data/ag/audio/single/natash/short/natash_241124_short_30.wav,Aviary 2,2018,family_1
ag_natash_short_241124-1341_01.wav,natash_241124_short_28,ag,natash,Natasha,short,1,241124-1341,2024-11-24,maxplanck_lab,lab,no,F,6,2,1,single,data/ag/audio/single/natash/short/natash_241124_short_28.wav,Aviary 2,2018,family_1
ag_natash_short_241124-1341_02.wav,natash_241124_short_44,ag,natash,Natasha,short,1,241124-1341,2024-11-24,maxplanck_lab,lab,no,F,6,2,1,single,data/ag/audio/single/natash/short/natash_241124_short_44.wav,Aviary 2,2018,family_1
ag_natash_short_241124-1344_01.wav,natash_241124_short_42,ag,natash,Natasha,short,1,241124-1344,2024-11-24,maxplanck_lab,lab,no,F,6,2,1,single,data/ag/audio/single/natash/short/natash_241124_short_42.wav,Aviary 2,2018,family_1
ag_natash_short_241126-1348_01.wav,natash_241126_short_31,ag,natash,Natasha,short,1,241126-1348,2024-11-26,maxplanck_lab,lab,no,F,6,2,1,single,data/ag/audio/single/natash/short/natash_241126_short_31.wav,Aviary 2,2018,family_1
ag_natash_short_241126-1348_02.wav,natash_241126_short_32,ag,natash,Natasha,short,1,241126-1348,2024-11-26,maxplanck_lab,lab,no,F,6,2,1,single,data/ag/audio/single/natash/short/natash_241126_short_32.wav,Aviary 2,2018,family_1
ag_natash_short_241126-1348_03.wav,natash_241126_short_33,ag,natash,Natasha,short,1,241126-1348,2024-11-26,maxplanck_lab,lab,no,F,6,2,1,single,data/ag/audio/single/natash/short/natash_241126_short_33.wav,Aviary 2,2018,family_1
ag_natash_short_241126-1348_04.wav,natash_241126_short_34,ag,natash,Natasha,short,1,241126-1348,2024-11-26,maxplanck_lab,lab,no,F,6,2,1,single,data/ag/audio/single/natash/short/natash_241126_short_34.wav,Aviary 2,2018,family_1
ag_natash_short_241126-1348_05.wav,natash_241126_short_40,ag,natash,Natasha,short,1,241126-1348,2024-11-26,maxplanck_lab,lab,no,F,6,2,1,single,data/ag/audio/single/natash/short/natash_241126_short_40.wav,Aviary 2,2018,family_1
ag_natash_short_241126-1348_06.wav,natash_241126_short_45,ag,natash,Natasha,short,1,241126-1348,2024-11-26,maxplanck_lab,lab,no,F,6,2,1,single,data/ag/audio/single/natash/short/natash_241126_short_45.wav,Aviary 2,2018,family_1
ag_natash_short_241126-1348_07.wav,natash_241126_short_46,ag,natash,Natasha,short,1,241126-1348,2024-11-26,maxplanck_lab,lab,no,F,6,2,1,single,data/ag/audio/single/natash/short/natash_241126_short_46.wav,Aviary 2,2018,family_1
ag_natash_short_241126-1349_01.wav,natash_241126_short_35,ag,natash,Natasha,short,1,241126-1349,2024-11-26,maxplanck_lab,lab,no,F,6,2,1,single,data/ag/audio/single/natash/short/natash_241126_short_35.wav,Aviary 2,2018,family_1
ag_natash_short_241126-1349_02.wav,natash_241126_short_36,ag,natash,Natasha,short,1,241126-1349,2024-11-26,maxplanck_lab,lab,no,F,6,2,1,single,data/ag/audio/single/natash/short/natash_241126_short_36.wav,Aviary 2,2018,family_1
ag_natash_short_241126-1349_03.wav,natash_241126_short_37,ag,natash,Natasha,short,1,241126-1349,2024-11-26,maxplanck_lab,lab,no,F,6,2,1,single,data/ag/audio/single/natash/short/natash_241126_short_37.wav,Aviary 2,2018,family_1
ag_natash_short_241126-1349_04.wav,natash_241126_short_38,ag,natash,Natasha,short,1,241126-1349,2024-11-26,maxplanck_lab,lab,no,F,6,2,1,single,data/ag/audio/single/natash/short/natash_241126_short_38.wav,Aviary 2,2018,family_1
ag_natash_short_241126-1349_05.wav,natash_241126_short_39,ag,natash,Natasha,short,1,241126-1349,2024-11-26,maxplanck_lab,lab,no,F,6,2,1,single,data/ag/audio/single/natash/short/natash_241126_short_39.wav,Aviary 2,2018,family_1
ag_natash_short_241126-1349_06.wav,natash_241126_short_41,ag,natash,Natasha,short,1,241126-1349,2024-11-26,maxplanck_lab,lab,no,F,6,2,1,single,data/ag/audio/single/natash/short/natash_241126_short_41.wav,Aviary 2,2018,family_1
ag_natash_short_241126-1349_07.wav,natash_241126_short_47,ag,natash,Natasha,short,1,241126-1349,2024-11-26,maxplanck_lab,lab,no,F,6,2,1,single,data/ag/audio/single/natash/short/natash_241126_short_47.wav,Aviary 2,2018,family_1
ag_natash_vibrato_241117-1326_01.wav,natash_241117_vibrato_01,ag,natash,Natasha,vibrato,1,241117-1326,2024-11-17,maxplanck_lab,lab,no,F,6,2,1,single,data/ag/audio/single/natash/vibrato/natash_241117_vibrato_01.wav,Aviary 2,2018,family_1
ag_natash_vibrato_241117-1326_02.wav,natash_241117_vibrato_02,ag,natash,Natasha,vibrato,1,241117-1326,2024-11-17,maxplanck_lab,lab,no,F,6,2,1,single,data/ag/audio/single/natash/vibrato/natash_241117_vibrato_02.wav,Aviary 2,2018,family_1
ag_nico_ah_241127-1351_01.wav,nico_241127_ah_01,ag,nico,Nico,ah,1,241127-1351,2024-11-27,shelter_group3,shelter,yes,M,20,3,1,single,data/ag/audio/single/nico/ah/nico_241127_ah_01.wav,NA,NA,unknown
ag_nico_ah_241127-1351_02.wav,nico_241127_ah_02,ag,nico,Nico,ah,1,241127-1351,2024-11-27,shelter_group3,shelter,yes,M,20,3,1,single,data/ag/audio/single/nico/ah/nico_241127_ah_02.wav,NA,NA,unknown
ag_nico_ah_241127-1351_03.wav,nico_241127_ah_12,ag,nico,Nico,ah,1,241127-1351,2024-11-27,shelter_group3,shelter,yes,M,20,3,1,single,data/ag/audio/single/nico/ah/nico_241127_ah_12.wav,NA,NA,unknown
ag_nico_ah_241127-1351_04.wav,nico_241127_ah_13,ag,nico,Nico,ah,1,241127-1351,2024-11-27,shelter_group3,shelter,yes,M,20,3,1,single,data/ag/audio/single/nico/ah/nico_241127_ah_13.wav,NA,NA,unknown
ag_nico_ah_241127-1351_05.wav,nico_241127_ah_14,ag,nico,Nico,ah,1,241127-1351,2024-11-27,shelter_group3,shelter,yes,M,20,3,1,single,data/ag/audio/single/nico/ah/nico_241127_ah_14.wav,NA,NA,unknown
ag_nico_ah_241127-1351_06.wav,nico_241127_ah_15,ag,nico,Nico,ah,1,241127-1351,2024-11-27,shelter_group3,shelter,yes,M,20,3,1,single,data/ag/audio/single/nico/ah/nico_241127_ah_15.wav,NA,NA,unknown
ag_nico_ah_241127-1354_01.wav,nico_241127_ah_11,ag,nico,Nico,ah,1,241127-1354,2024-11-27,shelter_group3,shelter,yes,M,20,3,1,single,data/ag/audio/single/nico/ah/nico_241127_ah_11.wav,NA,NA,unknown
ag_nico_ah_241127-1357_01.wav,nico_241127_ah_03,ag,nico,Nico,ah,1,241127-1357,2024-11-27,shelter_group3,shelter,yes,M,20,3,1,single,data/ag/audio/single/nico/ah/nico_241127_ah_03.wav,NA,NA,unknown
ag_nico_ah_241127-1357_02.wav,nico_241127_ah_05,ag,nico,Nico,ah,1,241127-1357,2024-11-27,shelter_group3,shelter,yes,M,20,3,1,single,data/ag/audio/single/nico/ah/nico_241127_ah_05.wav,NA,NA,unknown
ag_nico_ah_241127-1357_03.wav,nico_241127_ah_06,ag,nico,Nico,ah,1,241127-1357,2024-11-27,shelter_group3,shelter,yes,M,20,3,1,single,data/ag/audio/single/nico/ah/nico_241127_ah_06.wav,NA,NA,unknown
ag_nico_ah_241127-1357_04.wav,nico_241127_ah_07,ag,nico,Nico,ah,1,241127-1357,2024-11-27,shelter_group3,shelter,yes,M,20,3,1,single,data/ag/audio/single/nico/ah/nico_241127_ah_07.wav,NA,NA,unknown
ag_nico_ah_241127-1357_05.wav,nico_241127_ah_08,ag,nico,Nico,ah,1,241127-1357,2024-11-27,shelter_group3,shelter,yes,M,20,3,1,single,data/ag/audio/single/nico/ah/nico_241127_ah_08.wav,NA,NA,unknown
ag_nico_ah_241127-1357_06.wav,nico_241127_ah_09,ag,nico,Nico,ah,1,241127-1357,2024-11-27,shelter_group3,shelter,yes,M,20,3,1,single,data/ag/audio/single/nico/ah/nico_241127_ah_09.wav,NA,NA,unknown
ag_nico_ah_241127-1357_07.wav,nico_241127_ah_10,ag,nico,Nico,ah,1,241127-1357,2024-11-27,shelter_group3,shelter,yes,M,20,3,1,single,data/ag/audio/single/nico/ah/nico_241127_ah_10.wav,NA,NA,unknown
ag_nico_ah_241128-1359_01.wav,nico_241128_ah_04,ag,nico,Nico,ah,1,241128-1359,2024-11-28,shelter_group3,shelter,yes,M,20,3,1,single,data/ag/audio/single/nico/ah/nico_241128_ah_04.wav,NA,NA,unknown
ag_nico_ah_241128-1359_02.wav,nico_241128_ah_16,ag,nico,Nico,ah,1,241128-1359,2024-11-28,shelter_group3,shelter,yes,M,20,3,1,single,data/ag/audio/single/nico/ah/nico_241128_ah_16.wav,NA,NA,unknown
ag_nico_doubleco_241127-1351_01.wav,nico_241127_doubleco_01,ag,nico,Nico,doubleco,1,241127-1351,2024-11-27,shelter_group3,shelter,yes,M,20,3,1,single,data/ag/audio/single/nico/doubleco/nico_241127_doubleco_01.wav,NA,NA,unknown
ag_nico_doubleco_241127-1351_02.wav,nico_241127_doubleco_02,ag,nico,Nico,doubleco,1,241127-1351,2024-11-27,shelter_group3,shelter,yes,M,20,3,1,single,data/ag/audio/single/nico/doubleco/nico_241127_doubleco_02.wav,NA,NA,unknown
ag_nico_doubleco_241127-1351_03.wav,nico_241127_doubleco_06,ag,nico,Nico,doubleco,1,241127-1351,2024-11-27,shelter_group3,shelter,yes,M,20,3,1,single,data/ag/audio/single/nico/doubleco/nico_241127_doubleco_06.wav,NA,NA,unknown
ag_nico_doubleco_241127-1357_01.wav,nico_241127_doubleco_04,ag,nico,Nico,doubleco,1,241127-1357,2024-11-27,shelter_group3,shelter,yes,M,20,3,1,single,data/ag/audio/single/nico/doubleco/nico_241127_doubleco_04.wav,NA,NA,unknown
ag_nico_doubleco_241127-1357_02.wav,nico_241127_doubleco_05,ag,nico,Nico,doubleco,1,241127-1357,2024-11-27,shelter_group3,shelter,yes,M,20,3,1,single,data/ag/audio/single/nico/doubleco/nico_241127_doubleco_05.wav,NA,NA,unknown
ag_nico_doubleco_241128-1359_01.wav,nico_241128_doubleco_03,ag,nico,Nico,doubleco,1,241128-1359,2024-11-28,shelter_group3,shelter,yes,M,20,3,1,single,data/ag/audio/single/nico/doubleco/nico_241128_doubleco_03.wav,NA,NA,unknown
ag_nico_murmur_241127-1352_01.wav,nico_241127_murmur_12,ag,nico,Nico,murmur,1,241127-1352,2024-11-27,shelter_group3,shelter,yes,M,20,3,1,single,data/ag/audio/single/nico/murmur/nico_241127_murmur_12.wav,NA,NA,unknown
ag_nico_murmur_241127-1354_01.wav,nico_241127_murmur_01,ag,nico,Nico,murmur,1,241127-1354,2024-11-27,shelter_group3,shelter,yes,M,20,3,1,single,data/ag/audio/single/nico/murmur/nico_241127_murmur_01.wav,NA,NA,unknown
ag_nico_murmur_241127-1354_02.wav,nico_241127_murmur_02,ag,nico,Nico,murmur,1,241127-1354,2024-11-27,shelter_group3,shelter,yes,M,20,3,1,single,data/ag/audio/single/nico/murmur/nico_241127_murmur_02.wav,NA,NA,unknown
ag_nico_murmur_241127-1354_03.wav,nico_241127_murmur_03,ag,nico,Nico,murmur,1,241127-1354,2024-11-27,shelter_group3,shelter,yes,M,20,3,1,single,data/ag/audio/single/nico/murmur/nico_241127_murmur_03.wav,NA,NA,unknown
ag_nico_murmur_241127-1354_04.wav,nico_241127_murmur_04,ag,nico,Nico,murmur,1,241127-1354,2024-11-27,shelter_group3,shelter,yes,M,20,3,1,single,data/ag/audio/single/nico/murmur/nico_241127_murmur_04.wav,NA,NA,unknown
ag_nico_murmur_241127-1354_05.wav,nico_241127_murmur_15,ag,nico,Nico,murmur,1,241127-1354,2024-11-27,shelter_group3,shelter,yes,M,20,3,1,single,data/ag/audio/single/nico/murmur/nico_241127_murmur_15.wav,NA,NA,unknown
ag_nico_murmur_241127-1354_06.wav,nico_241127_murmur_16,ag,nico,Nico,murmur,1,241127-1354,2024-11-27,shelter_group3,shelter,yes,M,20,3,1,single,data/ag/audio/single/nico/murmur/nico_241127_murmur_16.wav,NA,NA,unknown
ag_nico_murmur_241127-1354_07.wav,nico_241127_murmur_17,ag,nico,Nico,murmur,1,241127-1354,2024-11-27,shelter_group3,shelter,yes,M,20,3,1,single,data/ag/audio/single/nico/murmur/nico_241127_murmur_17.wav,NA,NA,unknown
ag_nico_murmur_241127-1355_01.wav,nico_241127_murmur_11,ag,nico,Nico,murmur,1,241127-1355,2024-11-27,shelter_group3,shelter,yes,M,20,3,1,single,data/ag/audio/single/nico/murmur/nico_241127_murmur_11.wav,NA,NA,unknown
ag_nico_murmur_241127-1357_01.wav,nico_241127_murmur_05,ag,nico,Nico,murmur,1,241127-1357,2024-11-27,shelter_group3,shelter,yes,M,20,3,1,single,data/ag/audio/single/nico/murmur/nico_241127_murmur_05.wav,NA,NA,unknown
ag_nico_murmur_241127-1357_02.wav,nico_241127_murmur_06,ag,nico,Nico,murmur,1,241127-1357,2024-11-27,shelter_group3,shelter,yes,M,20,3,1,single,data/ag/audio/single/nico/murmur/nico_241127_murmur_06.wav,NA,NA,unknown
ag_nico_murmur_241127-1357_03.wav,nico_241127_murmur_07,ag,nico,Nico,murmur,1,241127-1357,2024-11-27,shelter_group3,shelter,yes,M,20,3,1,single,data/ag/audio/single/nico/murmur/nico_241127_murmur_07.wav,NA,NA,unknown
ag_nico_murmur_241127-1357_04.wav,nico_241127_murmur_08,ag,nico,Nico,murmur,1,241127-1357,2024-11-27,shelter_group3,shelter,yes,M,20,3,1,single,data/ag/audio/single/nico/murmur/nico_241127_murmur_08.wav,NA,NA,unknown
ag_nico_murmur_241127-1357_05.wav,nico_241127_murmur_09,ag,nico,Nico,murmur,1,241127-1357,2024-11-27,shelter_group3,shelter,yes,M,20,3,1,single,data/ag/audio/single/nico/murmur/nico_241127_murmur_09.wav,NA,NA,unknown
ag_nico_murmur_241127-1357_06.wav,nico_241127_murmur_10,ag,nico,Nico,murmur,1,241127-1357,2024-11-27,shelter_group3,shelter,yes,M,20,3,1,single,data/ag/audio/single/nico/murmur/nico_241127_murmur_10.wav,NA,NA,unknown
ag_nico_murmur_241128-1358_01.wav,nico_241128_murmur_26,ag,nico,Nico,murmur,1,241128-1358,2024-11-28,shelter_group3,shelter,yes,M,20,3,1,single,data/ag/audio/single/nico/murmur/nico_241128_murmur_26.wav,NA,NA,unknown
ag_nico_murmur_241128-1358_02.wav,nico_241128_murmur_27,ag,nico,Nico,murmur,1,241128-1358,2024-11-28,shelter_group3,shelter,yes,M,20,3,1,single,data/ag/audio/single/nico/murmur/nico_241128_murmur_27.wav,NA,NA,unknown
ag_nico_murmur_241128-1358_03.wav,nico_241128_murmur_28,ag,nico,Nico,murmur,1,241128-1358,2024-11-28,shelter_group3,shelter,yes,M,20,3,1,single,data/ag/audio/single/nico/murmur/nico_241128_murmur_28.wav,NA,NA,unknown
ag_nico_murmur_241128-1358_04.wav,nico_241128_murmur_29,ag,nico,Nico,murmur,1,241128-1358,2024-11-28,shelter_group3,shelter,yes,M,20,3,1,single,data/ag/audio/single/nico/murmur/nico_241128_murmur_29.wav,NA,NA,unknown
ag_nico_murmur_241128-1358_05.wav,nico_241128_murmur_30,ag,nico,Nico,murmur,1,241128-1358,2024-11-28,shelter_group3,shelter,yes,M,20,3,1,single,data/ag/audio/single/nico/murmur/nico_241128_murmur_30.wav,NA,NA,unknown
ag_nico_murmur_241128-1358_06.wav,nico_241128_murmur_31,ag,nico,Nico,murmur,1,241128-1358,2024-11-28,shelter_group3,shelter,yes,M,20,3,1,single,data/ag/audio/single/nico/murmur/nico_241128_murmur_31.wav,NA,NA,unknown
ag_nico_murmur_241128-1358_07.wav,nico_241128_murmur_32,ag,nico,Nico,murmur,1,241128-1358,2024-11-28,shelter_group3,shelter,yes,M,20,3,1,single,data/ag/audio/single/nico/murmur/nico_241128_murmur_32.wav,NA,NA,unknown
ag_nico_murmur_241128-1358_08.wav,nico_241128_murmur_34,ag,nico,Nico,murmur,1,241128-1358,2024-11-28,shelter_group3,shelter,yes,M,20,3,1,single,data/ag/audio/single/nico/murmur/nico_241128_murmur_34.wav,NA,NA,unknown
ag_nico_murmur_241128-1359_01.wav,nico_241128_murmur_13,ag,nico,Nico,murmur,1,241128-1359,2024-11-28,shelter_group3,shelter,yes,M,20,3,1,single,data/ag/audio/single/nico/murmur/nico_241128_murmur_13.wav,NA,NA,unknown
ag_nico_murmur_241128-1359_02.wav,nico_241128_murmur_14,ag,nico,Nico,murmur,1,241128-1359,2024-11-28,shelter_group3,shelter,yes,M,20,3,1,single,data/ag/audio/single/nico/murmur/nico_241128_murmur_14.wav,NA,NA,unknown
ag_nico_murmur_241128-1359_03.wav,nico_241128_murmur_18,ag,nico,Nico,murmur,1,241128-1359,2024-11-28,shelter_group3,shelter,yes,M,20,3,1,single,data/ag/audio/single/nico/murmur/nico_241128_murmur_18.wav,NA,NA,unknown
ag_nico_murmur_241128-1359_04.wav,nico_241128_murmur_19,ag,nico,Nico,murmur,1,241128-1359,2024-11-28,shelter_group3,shelter,yes,M,20,3,1,single,data/ag/audio/single/nico/murmur/nico_241128_murmur_19.wav,NA,NA,unknown
ag_nico_murmur_241128-1359_05.wav,nico_241128_murmur_20,ag,nico,Nico,murmur,1,241128-1359,2024-11-28,shelter_group3,shelter,yes,M,20,3,1,single,data/ag/audio/single/nico/murmur/nico_241128_murmur_20.wav,NA,NA,unknown
ag_nico_murmur_241128-1359_06.wav,nico_241128_murmur_21,ag,nico,Nico,murmur,1,241128-1359,2024-11-28,shelter_group3,shelter,yes,M,20,3,1,single,data/ag/audio/single/nico/murmur/nico_241128_murmur_21.wav,NA,NA,unknown
ag_nico_murmur_241128-1359_07.wav,nico_241128_murmur_22,ag,nico,Nico,murmur,1,241128-1359,2024-11-28,shelter_group3,shelter,yes,M,20,3,1,single,data/ag/audio/single/nico/murmur/nico_241128_murmur_22.wav,NA,NA,unknown
ag_nico_murmur_241128-1359_08.wav,nico_241128_murmur_23,ag,nico,Nico,murmur,1,241128-1359,2024-11-28,shelter_group3,shelter,yes,M,20,3,1,single,data/ag/audio/single/nico/murmur/nico_241128_murmur_23.wav,NA,NA,unknown
ag_nico_murmur_241128-1359_09.wav,nico_241128_murmur_24,ag,nico,Nico,murmur,1,241128-1359,2024-11-28,shelter_group3,shelter,yes,M,20,3,1,single,data/ag/audio/single/nico/murmur/nico_241128_murmur_24.wav,NA,NA,unknown
ag_nico_murmur_241128-1359_10.wav,nico_241128_murmur_25,ag,nico,Nico,murmur,1,241128-1359,2024-11-28,shelter_group3,shelter,yes,M,20,3,1,single,data/ag/audio/single/nico/murmur/nico_241128_murmur_25.wav,NA,NA,unknown
ag_nico_murmur_241128-1359_11.wav,nico_241128_murmur_33,ag,nico,Nico,murmur,1,241128-1359,2024-11-28,shelter_group3,shelter,yes,M,20,3,1,single,data/ag/audio/single/nico/murmur/nico_241128_murmur_33.wav,NA,NA,unknown
ag_nico_murmur_241128-1359_12.wav,nico_241128_murmur_35,ag,nico,Nico,murmur,1,241128-1359,2024-11-28,shelter_group3,shelter,yes,M,20,3,1,single,data/ag/audio/single/nico/murmur/nico_241128_murmur_35.wav,NA,NA,unknown
ag_nico_murmur_241128-1359_13.wav,nico_241128_murmur_36,ag,nico,Nico,murmur,1,241128-1359,2024-11-28,shelter_group3,shelter,yes,M,20,3,1,single,data/ag/audio/single/nico/murmur/nico_241128_murmur_36.wav,NA,NA,unknown
ag_nico_murmur_241128-1359_14.wav,nico_241128_murmur_37,ag,nico,Nico,murmur,1,241128-1359,2024-11-28,shelter_group3,shelter,yes,M,20,3,1,single,data/ag/audio/single/nico/murmur/nico_241128_murmur_37.wav,NA,NA,unknown
ag_nico_murmur_241128-1359_15.wav,nico_241128_murmur_38,ag,nico,Nico,murmur,1,241128-1359,2024-11-28,shelter_group3,shelter,yes,M,20,3,1,single,data/ag/audio/single/nico/murmur/nico_241128_murmur_38.wav,NA,NA,unknown
ag_nico_murmur_241128-1359_16.wav,nico_241128_murmur_39,ag,nico,Nico,murmur,1,241128-1359,2024-11-28,shelter_group3,shelter,yes,M,20,3,1,single,data/ag/audio/single/nico/murmur/nico_241128_murmur_39.wav,NA,NA,unknown
ag_nico_murmur_241128-1359_17.wav,nico_241128_murmur_40,ag,nico,Nico,murmur,1,241128-1359,2024-11-28,shelter_group3,shelter,yes,M,20,3,1,single,data/ag/audio/single/nico/murmur/nico_241128_murmur_40.wav,NA,NA,unknown
ag_nico_murmur_241128-1359_18.wav,nico_241128_murmur_41,ag,nico,Nico,murmur,1,241128-1359,2024-11-28,shelter_group3,shelter,yes,M,20,3,1,single,data/ag/audio/single/nico/murmur/nico_241128_murmur_41.wav,NA,NA,unknown
ag_nico_murmur_241128-1359_19.wav,nico_241128_murmur_42,ag,nico,Nico,murmur,1,241128-1359,2024-11-28,shelter_group3,shelter,yes,M,20,3,1,single,data/ag/audio/single/nico/murmur/nico_241128_murmur_42.wav,NA,NA,unknown
ag_nico_murmur_241128-1359_20.wav,nico_241128_murmur_43,ag,nico,Nico,murmur,1,241128-1359,2024-11-28,shelter_group3,shelter,yes,M,20,3,1,single,data/ag/audio/single/nico/murmur/nico_241128_murmur_43.wav,NA,NA,unknown
ag_nico_murmur_241128-1359_21.wav,nico_241128_murmur_44,ag,nico,Nico,murmur,1,241128-1359,2024-11-28,shelter_group3,shelter,yes,M,20,3,1,single,data/ag/audio/single/nico/murmur/nico_241128_murmur_44.wav,NA,NA,unknown
ag_nico_murmur_241128-1359_22.wav,nico_241128_murmur_45,ag,nico,Nico,murmur,1,241128-1359,2024-11-28,shelter_group3,shelter,yes,M,20,3,1,single,data/ag/audio/single/nico/murmur/nico_241128_murmur_45.wav,NA,NA,unknown
ag_nico_murmur_241128-1359_23.wav,nico_241128_murmur_46,ag,nico,Nico,murmur,1,241128-1359,2024-11-28,shelter_group3,shelter,yes,M,20,3,1,single,data/ag/audio/single/nico/murmur/nico_241128_murmur_46.wav,NA,NA,unknown
ag_nico_murmur_241128-1359_24.wav,nico_241128_murmur_47,ag,nico,Nico,murmur,1,241128-1359,2024-11-28,shelter_group3,shelter,yes,M,20,3,1,single,data/ag/audio/single/nico/murmur/nico_241128_murmur_47.wav,NA,NA,unknown
ag_nico_raspy_241127-1351_01.wav,nico_241127_raspy_06,ag,nico,Nico,raspy,1,241127-1351,2024-11-27,shelter_group3,shelter,yes,M,20,3,1,single,data/ag/audio/single/nico/raspy/nico_241127_raspy_06.wav,NA,NA,unknown
ag_nico_raspy_241127-1351_02.wav,nico_241127_raspy_09,ag,nico,Nico,raspy,1,241127-1351,2024-11-27,shelter_group3,shelter,yes,M,20,3,1,single,data/ag/audio/single/nico/raspy/nico_241127_raspy_09.wav,NA,NA,unknown
ag_nico_raspy_241127-1351_03.wav,nico_241127_raspy_10,ag,nico,Nico,raspy,1,241127-1351,2024-11-27,shelter_group3,shelter,yes,M,20,3,1,single,data/ag/audio/single/nico/raspy/nico_241127_raspy_10.wav,NA,NA,unknown
ag_nico_raspy_241127-1352_01.wav,nico_241127_raspy_07,ag,nico,Nico,raspy,1,241127-1352,2024-11-27,shelter_group3,shelter,yes,M,20,3,1,single,data/ag/audio/single/nico/raspy/nico_241127_raspy_07.wav,NA,NA,unknown
ag_nico_raspy_241127-1355_01.wav,nico_241127_raspy_12,ag,nico,Nico,raspy,1,241127-1355,2024-11-27,shelter_group3,shelter,yes,M,20,3,1,single,data/ag/audio/single/nico/raspy/nico_241127_raspy_12.wav,NA,NA,unknown
ag_nico_raspy_241127-1355_02.wav,nico_241127_raspy_13,ag,nico,Nico,raspy,1,241127-1355,2024-11-27,shelter_group3,shelter,yes,M,20,3,1,single,data/ag/audio/single/nico/raspy/nico_241127_raspy_13.wav,NA,NA,unknown
ag_nico_raspy_241127-1355_03.wav,nico_241127_raspy_14,ag,nico,Nico,raspy,1,241127-1355,2024-11-27,shelter_group3,shelter,yes,M,20,3,1,single,data/ag/audio/single/nico/raspy/nico_241127_raspy_14.wav,NA,NA,unknown
ag_nico_raspy_241127-1355_04.wav,nico_241127_raspy_15,ag,nico,Nico,raspy,1,241127-1355,2024-11-27,shelter_group3,shelter,yes,M,20,3,1,single,data/ag/audio/single/nico/raspy/nico_241127_raspy_15.wav,NA,NA,unknown
ag_nico_raspy_241127-1357_01.wav,nico_241127_raspy_01,ag,nico,Nico,raspy,1,241127-1357,2024-11-27,shelter_group3,shelter,yes,M,20,3,1,single,data/ag/audio/single/nico/raspy/nico_241127_raspy_01.wav,NA,NA,unknown
ag_nico_raspy_241127-1357_02.wav,nico_241127_raspy_02,ag,nico,Nico,raspy,1,241127-1357,2024-11-27,shelter_group3,shelter,yes,M,20,3,1,single,data/ag/audio/single/nico/raspy/nico_241127_raspy_02.wav,NA,NA,unknown
ag_nico_raspy_241127-1357_03.wav,nico_241127_raspy_03,ag,nico,Nico,raspy,1,241127-1357,2024-11-27,shelter_group3,shelter,yes,M,20,3,1,single,data/ag/audio/single/nico/raspy/nico_241127_raspy_03.wav,NA,NA,unknown
ag_nico_raspy_241127-1357_04.wav,nico_241127_raspy_04,ag,nico,Nico,raspy,1,241127-1357,2024-11-27,shelter_group3,shelter,yes,M,20,3,1,single,data/ag/audio/single/nico/raspy/nico_241127_raspy_04.wav,NA,NA,unknown
ag_nico_raspy_241127-1357_05.wav,nico_241127_raspy_05,ag,nico,Nico,raspy,1,241127-1357,2024-11-27,shelter_group3,shelter,yes,M,20,3,1,single,data/ag/audio/single/nico/raspy/nico_241127_raspy_05.wav,NA,NA,unknown
ag_nico_raspy_241128-1358_01.wav,nico_241128_raspy_11,ag,nico,Nico,raspy,1,241128-1358,2024-11-28,shelter_group3,shelter,yes,M,20,3,1,single,data/ag/audio/single/nico/raspy/nico_241128_raspy_11.wav,NA,NA,unknown
ag_nico_raspy_241128-1359_01.wav,nico_241128_raspy_08,ag,nico,Nico,raspy,1,241128-1359,2024-11-28,shelter_group3,shelter,yes,M,20,3,1,single,data/ag/audio/single/nico/raspy/nico_241128_raspy_08.wav,NA,NA,unknown
ag_nico_short_241127-1357_01.wav,nico_241127_short_01,ag,nico,Nico,short,1,241127-1357,2024-11-27,shelter_group3,shelter,yes,M,20,3,1,single,data/ag/audio/single/nico/short/nico_241127_short_01.wav,NA,NA,unknown
ag_nico_short_241127-1357_02.wav,nico_241127_short_02,ag,nico,Nico,short,1,241127-1357,2024-11-27,shelter_group3,shelter,yes,M,20,3,1,single,data/ag/audio/single/nico/short/nico_241127_short_02.wav,NA,NA,unknown
ag_nico_short_241128-1359_01.wav,nico_241128_short_03,ag,nico,Nico,short,1,241128-1359,2024-11-28,shelter_group3,shelter,yes,M,20,3,1,single,data/ag/audio/single/nico/short/nico_241128_short_03.wav,NA,NA,unknown
ag_nico_triple_241127-1351_01.wav,nico_241127_triple_01,ag,nico,Nico,triple,1,241127-1351,2024-11-27,shelter_group3,shelter,yes,M,20,3,1,single,data/ag/audio/single/nico/triple/nico_241127_triple_01.wav,NA,NA,unknown
ag_nico_vibrato_241127-1351_01.wav,nico_241127_vibrato_01,ag,nico,Nico,vibrato,1,241127-1351,2024-11-27,shelter_group3,shelter,yes,M,20,3,1,single,data/ag/audio/single/nico/vibrato/nico_241127_vibrato_01.wav,NA,NA,unknown
ag_nico_vibrato_241127-1351_02.wav,nico_241127_vibrato_03,ag,nico,Nico,vibrato,1,241127-1351,2024-11-27,shelter_group3,shelter,yes,M,20,3,1,single,data/ag/audio/single/nico/vibrato/nico_241127_vibrato_03.wav,NA,NA,unknown
ag_nico_vibrato_241127-1352_01.wav,nico_241127_vibrato_04,ag,nico,Nico,vibrato,1,241127-1352,2024-11-27,shelter_group3,shelter,yes,M,20,3,1,single,data/ag/audio/single/nico/vibrato/nico_241127_vibrato_04.wav,NA,NA,unknown
ag_nico_vibrato_241128-1358_01.wav,nico_241128_vibrato_02,ag,nico,Nico,vibrato,1,241128-1358,2024-11-28,shelter_group3,shelter,yes,M,20,3,1,single,data/ag/audio/single/nico/vibrato/nico_241128_vibrato_02.wav,NA,NA,unknown
ag_nico_vibrato_241128-1359_01.wav,nico_241128_vibrato_05,ag,nico,Nico,vibrato,1,241128-1359,2024-11-28,shelter_group3,shelter,yes,M,20,3,1,single,data/ag/audio/single/nico/vibrato/nico_241128_vibrato_05.wav,NA,NA,unknown
ag_pepper_ah_241114-1320_01.wav,pepper_241114_ah_01,ag,pepper,Pepper,ah,1,241114-1320,2024-11-14,maxplanck_lab,lab,no,F,4,2,1,single,data/ag/audio/single/pepper/ah/pepper_241114_ah_01.wav,Aviary 2,2021,family_1
ag_pepper_ah_241114-1320_02.wav,pepper_241114_ah_02,ag,pepper,Pepper,ah,1,241114-1320,2024-11-14,maxplanck_lab,lab,no,F,4,2,1,single,data/ag/audio/single/pepper/ah/pepper_241114_ah_02.wav,Aviary 2,2021,family_1
ag_pepper_ah_241114-1320_03.wav,pepper_241114_ah_07,ag,pepper,Pepper,ah,1,241114-1320,2024-11-14,maxplanck_lab,lab,no,F,4,2,1,single,data/ag/audio/single/pepper/ah/pepper_241114_ah_07.wav,Aviary 2,2021,family_1
ag_pepper_ah_241114-1320_04.wav,pepper_241114_ah_22,ag,pepper,Pepper,ah,1,241114-1320,2024-11-14,maxplanck_lab,lab,no,F,4,2,1,single,data/ag/audio/single/pepper/ah/pepper_241114_ah_22.wav,Aviary 2,2021,family_1
ag_pepper_ah_241114-1320_05.wav,pepper_241114_ah_23,ag,pepper,Pepper,ah,1,241114-1320,2024-11-14,maxplanck_lab,lab,no,F,4,2,1,single,data/ag/audio/single/pepper/ah/pepper_241114_ah_23.wav,Aviary 2,2021,family_1
ag_pepper_ah_241114-1320_06.wav,pepper_241114_ah_24,ag,pepper,Pepper,ah,1,241114-1320,2024-11-14,maxplanck_lab,lab,no,F,4,2,1,single,data/ag/audio/single/pepper/ah/pepper_241114_ah_24.wav,Aviary 2,2021,family_1
ag_pepper_ah_241114-1321_01.wav,pepper_241114_ah_12,ag,pepper,Pepper,ah,1,241114-1321,2024-11-14,maxplanck_lab,lab,no,F,4,2,1,single,data/ag/audio/single/pepper/ah/pepper_241114_ah_12.wav,Aviary 2,2021,family_1
ag_pepper_ah_241114-1322_01.wav,pepper_241114_ah_03,ag,pepper,Pepper,ah,1,241114-1322,2024-11-14,maxplanck_lab,lab,no,F,4,2,1,single,data/ag/audio/single/pepper/ah/pepper_241114_ah_03.wav,Aviary 2,2021,family_1
ag_pepper_ah_241114-1322_02.wav,pepper_241114_ah_04,ag,pepper,Pepper,ah,1,241114-1322,2024-11-14,maxplanck_lab,lab,no,F,4,2,1,single,data/ag/audio/single/pepper/ah/pepper_241114_ah_04.wav,Aviary 2,2021,family_1
ag_pepper_ah_241114-1322_03.wav,pepper_241114_ah_05,ag,pepper,Pepper,ah,1,241114-1322,2024-11-14,maxplanck_lab,lab,no,F,4,2,1,single,data/ag/audio/single/pepper/ah/pepper_241114_ah_05.wav,Aviary 2,2021,family_1
ag_pepper_ah_241114-1322_04.wav,pepper_241114_ah_06,ag,pepper,Pepper,ah,1,241114-1322,2024-11-14,maxplanck_lab,lab,no,F,4,2,1,single,data/ag/audio/single/pepper/ah/pepper_241114_ah_06.wav,Aviary 2,2021,family_1
ag_pepper_ah_241114-1322_05.wav,pepper_241114_ah_08,ag,pepper,Pepper,ah,1,241114-1322,2024-11-14,maxplanck_lab,lab,no,F,4,2,1,single,data/ag/audio/single/pepper/ah/pepper_241114_ah_08.wav,Aviary 2,2021,family_1
ag_pepper_ah_241114-1322_06.wav,pepper_241114_ah_09,ag,pepper,Pepper,ah,1,241114-1322,2024-11-14,maxplanck_lab,lab,no,F,4,2,1,single,data/ag/audio/single/pepper/ah/pepper_241114_ah_09.wav,Aviary 2,2021,family_1
ag_pepper_ah_241114-1322_07.wav,pepper_241114_ah_10,ag,pepper,Pepper,ah,1,241114-1322,2024-11-14,maxplanck_lab,lab,no,F,4,2,1,single,data/ag/audio/single/pepper/ah/pepper_241114_ah_10.wav,Aviary 2,2021,family_1
ag_pepper_ah_241114-1322_08.wav,pepper_241114_ah_11,ag,pepper,Pepper,ah,1,241114-1322,2024-11-14,maxplanck_lab,lab,no,F,4,2,1,single,data/ag/audio/single/pepper/ah/pepper_241114_ah_11.wav,Aviary 2,2021,family_1
ag_pepper_ah_241114-1322_09.wav,pepper_241114_ah_13,ag,pepper,Pepper,ah,1,241114-1322,2024-11-14,maxplanck_lab,lab,no,F,4,2,1,single,data/ag/audio/single/pepper/ah/pepper_241114_ah_13.wav,Aviary 2,2021,family_1
ag_pepper_ah_241114-1322_10.wav,pepper_241114_ah_14,ag,pepper,Pepper,ah,1,241114-1322,2024-11-14,maxplanck_lab,lab,no,F,4,2,1,single,data/ag/audio/single/pepper/ah/pepper_241114_ah_14.wav,Aviary 2,2021,family_1
ag_pepper_ah_241114-1322_11.wav,pepper_241114_ah_15,ag,pepper,Pepper,ah,1,241114-1322,2024-11-14,maxplanck_lab,lab,no,F,4,2,1,single,data/ag/audio/single/pepper/ah/pepper_241114_ah_15.wav,Aviary 2,2021,family_1
ag_pepper_ah_241114-1322_12.wav,pepper_241114_ah_16,ag,pepper,Pepper,ah,1,241114-1322,2024-11-14,maxplanck_lab,lab,no,F,4,2,1,single,data/ag/audio/single/pepper/ah/pepper_241114_ah_16.wav,Aviary 2,2021,family_1
ag_pepper_ah_241114-1322_13.wav,pepper_241114_ah_17,ag,pepper,Pepper,ah,1,241114-1322,2024-11-14,maxplanck_lab,lab,no,F,4,2,1,single,data/ag/audio/single/pepper/ah/pepper_241114_ah_17.wav,Aviary 2,2021,family_1
ag_pepper_ah_241114-1322_14.wav,pepper_241114_ah_19,ag,pepper,Pepper,ah,1,241114-1322,2024-11-14,maxplanck_lab,lab,no,F,4,2,1,single,data/ag/audio/single/pepper/ah/pepper_241114_ah_19.wav,Aviary 2,2021,family_1
ag_pepper_ah_241114-1323_01.wav,pepper_241114_ah_20,ag,pepper,Pepper,ah,1,241114-1323,2024-11-14,maxplanck_lab,lab,no,F,4,2,1,single,data/ag/audio/single/pepper/ah/pepper_241114_ah_20.wav,Aviary 2,2021,family_1
ag_pepper_ah_241114-1323_02.wav,pepper_241114_ah_21,ag,pepper,Pepper,ah,1,241114-1323,2024-11-14,maxplanck_lab,lab,no,F,4,2,1,single,data/ag/audio/single/pepper/ah/pepper_241114_ah_21.wav,Aviary 2,2021,family_1
ag_pepper_ah_241116-1324_01.wav,pepper_241116_ah_18,ag,pepper,Pepper,ah,1,241116-1324,2024-11-16,maxplanck_lab,lab,no,F,4,2,1,single,data/ag/audio/single/pepper/ah/pepper_241116_ah_18.wav,Aviary 2,2021,family_1
ag_pepper_ah_241116-1324_02.wav,pepper_241116_ah_25,ag,pepper,Pepper,ah,1,241116-1324,2024-11-16,maxplanck_lab,lab,no,F,4,2,1,single,data/ag/audio/single/pepper/ah/pepper_241116_ah_25.wav,Aviary 2,2021,family_1
ag_pepper_ah_241116-1324_03.wav,pepper_241116_ah_26,ag,pepper,Pepper,ah,1,241116-1324,2024-11-16,maxplanck_lab,lab,no,F,4,2,1,single,data/ag/audio/single/pepper/ah/pepper_241116_ah_26.wav,Aviary 2,2021,family_1
ag_pepper_ah_241116-1324_04.wav,pepper_241116_ah_27,ag,pepper,Pepper,ah,1,241116-1324,2024-11-16,maxplanck_lab,lab,no,F,4,2,1,single,data/ag/audio/single/pepper/ah/pepper_241116_ah_27.wav,Aviary 2,2021,family_1
ag_pepper_ah_241116-1324_05.wav,pepper_241116_ah_28,ag,pepper,Pepper,ah,1,241116-1324,2024-11-16,maxplanck_lab,lab,no,F,4,2,1,single,data/ag/audio/single/pepper/ah/pepper_241116_ah_28.wav,Aviary 2,2021,family_1
ag_pepper_doubleco_241114-1320_01.wav,pepper_241114_doubleco_01,ag,pepper,Pepper,doubleco,1,241114-1320,2024-11-14,maxplanck_lab,lab,no,F,4,2,1,single,data/ag/audio/single/pepper/doubleco/pepper_241114_doubleco_01.wav,Aviary 2,2021,family_1
ag_pepper_doubleco_241114-1321_01.wav,pepper_241114_doubleco_03,ag,pepper,Pepper,doubleco,1,241114-1321,2024-11-14,maxplanck_lab,lab,no,F,4,2,1,single,data/ag/audio/single/pepper/doubleco/pepper_241114_doubleco_03.wav,Aviary 2,2021,family_1
ag_pepper_doubleco_241114-1322_01.wav,pepper_241114_doubleco_02,ag,pepper,Pepper,doubleco,1,241114-1322,2024-11-14,maxplanck_lab,lab,no,F,4,2,1,single,data/ag/audio/single/pepper/doubleco/pepper_241114_doubleco_02.wav,Aviary 2,2021,family_1
ag_pepper_doubleco_241114-1322_02.wav,pepper_241114_doubleco_04,ag,pepper,Pepper,doubleco,1,241114-1322,2024-11-14,maxplanck_lab,lab,no,F,4,2,1,single,data/ag/audio/single/pepper/doubleco/pepper_241114_doubleco_04.wav,Aviary 2,2021,family_1
ag_pepper_doubleco_241114-1322_03.wav,pepper_241114_doubleco_05,ag,pepper,Pepper,doubleco,1,241114-1322,2024-11-14,maxplanck_lab,lab,no,F,4,2,1,single,data/ag/audio/single/pepper/doubleco/pepper_241114_doubleco_05.wav,Aviary 2,2021,family_1
ag_pepper_doubleco_241116-1324_01.wav,pepper_241116_doubleco_06,ag,pepper,Pepper,doubleco,1,241116-1324,2024-11-16,maxplanck_lab,lab,no,F,4,2,1,single,data/ag/audio/single/pepper/doubleco/pepper_241116_doubleco_06.wav,Aviary 2,2021,family_1
ag_pepper_doubleco_241116-1324_02.wav,pepper_241116_doubleco_07,ag,pepper,Pepper,doubleco,1,241116-1324,2024-11-16,maxplanck_lab,lab,no,F,4,2,1,single,data/ag/audio/single/pepper/doubleco/pepper_241116_doubleco_07.wav,Aviary 2,2021,family_1
ag_pepper_doubleco_241116-1324_03.wav,pepper_241116_doubleco_08,ag,pepper,Pepper,doubleco,1,241116-1324,2024-11-16,maxplanck_lab,lab,no,F,4,2,1,single,data/ag/audio/single/pepper/doubleco/pepper_241116_doubleco_08.wav,Aviary 2,2021,family_1
ag_pepper_doubleco_241116-1324_04.wav,pepper_241116_doubleco_09,ag,pepper,Pepper,doubleco,1,241116-1324,2024-11-16,maxplanck_lab,lab,no,F,4,2,1,single,data/ag/audio/single/pepper/doubleco/pepper_241116_doubleco_09.wav,Aviary 2,2021,family_1
ag_pepper_raspy_241116-1324_01.wav,pepper_241116_raspy_01,ag,pepper,Pepper,raspy,1,241116-1324,2024-11-16,maxplanck_lab,lab,no,F,4,2,1,single,data/ag/audio/single/pepper/raspy/pepper_241116_raspy_01.wav,Aviary 2,2021,family_1
ag_pepper_raspy_241116-1324_02.wav,pepper_241116_raspy_02,ag,pepper,Pepper,raspy,1,241116-1324,2024-11-16,maxplanck_lab,lab,no,F,4,2,1,single,data/ag/audio/single/pepper/raspy/pepper_241116_raspy_02.wav,Aviary 2,2021,family_1
ag_pepper_raspy_241116-1324_03.wav,pepper_241116_raspy_03,ag,pepper,Pepper,raspy,1,241116-1324,2024-11-16,maxplanck_lab,lab,no,F,4,2,1,single,data/ag/audio/single/pepper/raspy/pepper_241116_raspy_03.wav,Aviary 2,2021,family_1
ag_pepper_raspy_241116-1324_04.wav,pepper_241116_raspy_04,ag,pepper,Pepper,raspy,1,241116-1324,2024-11-16,maxplanck_lab,lab,no,F,4,2,1,single,data/ag/audio/single/pepper/raspy/pepper_241116_raspy_04.wav,Aviary 2,2021,family_1
ag_pepper_raspy_241116-1324_05.wav,pepper_241116_raspy_05,ag,pepper,Pepper,raspy,1,241116-1324,2024-11-16,maxplanck_lab,lab,no,F,4,2,1,single,data/ag/audio/single/pepper/raspy/pepper_241116_raspy_05.wav,Aviary 2,2021,family_1
ag_pepper_raspy_241116-1324_06.wav,pepper_241116_raspy_06,ag,pepper,Pepper,raspy,1,241116-1324,2024-11-16,maxplanck_lab,lab,no,F,4,2,1,single,data/ag/audio/single/pepper/raspy/pepper_241116_raspy_06.wav,Aviary 2,2021,family_1
ag_pepper_raspy_241116-1324_07.wav,pepper_241116_raspy_07,ag,pepper,Pepper,raspy,1,241116-1324,2024-11-16,maxplanck_lab,lab,no,F,4,2,1,single,data/ag/audio/single/pepper/raspy/pepper_241116_raspy_07.wav,Aviary 2,2021,family_1
ag_pepper_raspy_241116-1324_08.wav,pepper_241116_raspy_08,ag,pepper,Pepper,raspy,1,241116-1324,2024-11-16,maxplanck_lab,lab,no,F,4,2,1,single,data/ag/audio/single/pepper/raspy/pepper_241116_raspy_08.wav,Aviary 2,2021,family_1
ag_pepper_raspy_241116-1324_09.wav,pepper_241116_raspy_09,ag,pepper,Pepper,raspy,1,241116-1324,2024-11-16,maxplanck_lab,lab,no,F,4,2,1,single,data/ag/audio/single/pepper/raspy/pepper_241116_raspy_09.wav,Aviary 2,2021,family_1
ag_pepper_raspy_241116-1324_10.wav,pepper_241116_raspy_10,ag,pepper,Pepper,raspy,1,241116-1324,2024-11-16,maxplanck_lab,lab,no,F,4,2,1,single,data/ag/audio/single/pepper/raspy/pepper_241116_raspy_10.wav,Aviary 2,2021,family_1
ag_pepper_raspy_241116-1324_11.wav,pepper_241116_raspy_11,ag,pepper,Pepper,raspy,1,241116-1324,2024-11-16,maxplanck_lab,lab,no,F,4,2,1,single,data/ag/audio/single/pepper/raspy/pepper_241116_raspy_11.wav,Aviary 2,2021,family_1
ag_pepper_raspy_241116-1324_12.wav,pepper_241116_raspy_12,ag,pepper,Pepper,raspy,1,241116-1324,2024-11-16,maxplanck_lab,lab,no,F,4,2,1,single,data/ag/audio/single/pepper/raspy/pepper_241116_raspy_12.wav,Aviary 2,2021,family_1
ag_pepper_short_241114-1322_01.wav,pepper_241114_short_10,ag,pepper,Pepper,short,1,241114-1322,2024-11-14,maxplanck_lab,lab,no,F,4,2,1,single,data/ag/audio/single/pepper/short/pepper_241114_short_10.wav,Aviary 2,2021,family_1
ag_pepper_short_241114-1323_01.wav,pepper_241114_short_11,ag,pepper,Pepper,short,1,241114-1323,2024-11-14,maxplanck_lab,lab,no,F,4,2,1,single,data/ag/audio/single/pepper/short/pepper_241114_short_11.wav,Aviary 2,2021,family_1
ag_pepper_short_241114-1323_02.wav,pepper_241114_short_12,ag,pepper,Pepper,short,1,241114-1323,2024-11-14,maxplanck_lab,lab,no,F,4,2,1,single,data/ag/audio/single/pepper/short/pepper_241114_short_12.wav,Aviary 2,2021,family_1
ag_pepper_short_241116-1324_01.wav,pepper_241116_short_01,ag,pepper,Pepper,short,1,241116-1324,2024-11-16,maxplanck_lab,lab,no,F,4,2,1,single,data/ag/audio/single/pepper/short/pepper_241116_short_01.wav,Aviary 2,2021,family_1
ag_pepper_short_241116-1324_02.wav,pepper_241116_short_02,ag,pepper,Pepper,short,1,241116-1324,2024-11-16,maxplanck_lab,lab,no,F,4,2,1,single,data/ag/audio/single/pepper/short/pepper_241116_short_02.wav,Aviary 2,2021,family_1
ag_pepper_short_241116-1324_03.wav,pepper_241116_short_03,ag,pepper,Pepper,short,1,241116-1324,2024-11-16,maxplanck_lab,lab,no,F,4,2,1,single,data/ag/audio/single/pepper/short/pepper_241116_short_03.wav,Aviary 2,2021,family_1
ag_pepper_short_241116-1324_04.wav,pepper_241116_short_04,ag,pepper,Pepper,short,1,241116-1324,2024-11-16,maxplanck_lab,lab,no,F,4,2,1,single,data/ag/audio/single/pepper/short/pepper_241116_short_04.wav,Aviary 2,2021,family_1
ag_pepper_short_241116-1324_05.wav,pepper_241116_short_05,ag,pepper,Pepper,short,1,241116-1324,2024-11-16,maxplanck_lab,lab,no,F,4,2,1,single,data/ag/audio/single/pepper/short/pepper_241116_short_05.wav,Aviary 2,2021,family_1
ag_pepper_short_241116-1324_06.wav,pepper_241116_short_06,ag,pepper,Pepper,short,1,241116-1324,2024-11-16,maxplanck_lab,lab,no,F,4,2,1,single,data/ag/audio/single/pepper/short/pepper_241116_short_06.wav,Aviary 2,2021,family_1
ag_pepper_short_241116-1324_07.wav,pepper_241116_short_07,ag,pepper,Pepper,short,1,241116-1324,2024-11-16,maxplanck_lab,lab,no,F,4,2,1,single,data/ag/audio/single/pepper/short/pepper_241116_short_07.wav,Aviary 2,2021,family_1
ag_pepper_short_241116-1324_08.wav,pepper_241116_short_08,ag,pepper,Pepper,short,1,241116-1324,2024-11-16,maxplanck_lab,lab,no,F,4,2,1,single,data/ag/audio/single/pepper/short/pepper_241116_short_08.wav,Aviary 2,2021,family_1
ag_pepper_short_241116-1324_09.wav,pepper_241116_short_09,ag,pepper,Pepper,short,1,241116-1324,2024-11-16,maxplanck_lab,lab,no,F,4,2,1,single,data/ag/audio/single/pepper/short/pepper_241116_short_09.wav,Aviary 2,2021,family_1
ag_pickle_ah_241112-1309_01.wav,pickle_241112_ah_02,ag,pickle,Pickle,ah,1,241112-1309,2024-11-12,maxplanck_lab,lab,no,M,2,2,1,single,data/ag/audio/single/pickle/ah/pickle_241112_ah_02.wav,Aviary 2,2022,none
ag_pickle_ah_241112-1309_02.wav,pickle_241112_ah_03,ag,pickle,Pickle,ah,1,241112-1309,2024-11-12,maxplanck_lab,lab,no,M,2,2,1,single,data/ag/audio/single/pickle/ah/pickle_241112_ah_03.wav,Aviary 2,2022,none
ag_pickle_ah_241119-1330_01.wav,pickle_241119_ah_08,ag,pickle,Pickle,ah,1,241119-1330,2024-11-19,maxplanck_lab,lab,no,M,2,2,1,single,data/ag/audio/single/pickle/ah/pickle_241119_ah_08.wav,Aviary 2,2022,none
ag_pickle_ah_241119-1330_02.wav,pickle_241119_ah_09,ag,pickle,Pickle,ah,1,241119-1330,2024-11-19,maxplanck_lab,lab,no,M,2,2,1,single,data/ag/audio/single/pickle/ah/pickle_241119_ah_09.wav,Aviary 2,2022,none
ag_pickle_ah_241119-1330_03.wav,pickle_241119_ah_15,ag,pickle,Pickle,ah,1,241119-1330,2024-11-19,maxplanck_lab,lab,no,M,2,2,1,single,data/ag/audio/single/pickle/ah/pickle_241119_ah_15.wav,Aviary 2,2022,none
ag_pickle_ah_241119-1331_01.wav,pickle_241119_ah_05,ag,pickle,Pickle,ah,1,241119-1331,2024-11-19,maxplanck_lab,lab,no,M,2,2,1,single,data/ag/audio/single/pickle/ah/pickle_241119_ah_05.wav,Aviary 2,2022,none
ag_pickle_ah_241119-1331_02.wav,pickle_241119_ah_06,ag,pickle,Pickle,ah,1,241119-1331,2024-11-19,maxplanck_lab,lab,no,M,2,2,1,single,data/ag/audio/single/pickle/ah/pickle_241119_ah_06.wav,Aviary 2,2022,none
ag_pickle_ah_241119-1331_03.wav,pickle_241119_ah_07,ag,pickle,Pickle,ah,1,241119-1331,2024-11-19,maxplanck_lab,lab,no,M,2,2,1,single,data/ag/audio/single/pickle/ah/pickle_241119_ah_07.wav,Aviary 2,2022,none
ag_pickle_ah_241121-1334_01.wav,pickle_241121_ah_10,ag,pickle,Pickle,ah,1,241121-1334,2024-11-21,maxplanck_lab,lab,no,M,2,2,1,single,data/ag/audio/single/pickle/ah/pickle_241121_ah_10.wav,Aviary 2,2022,none
ag_pickle_ah_241121-1334_02.wav,pickle_241121_ah_11,ag,pickle,Pickle,ah,1,241121-1334,2024-11-21,maxplanck_lab,lab,no,M,2,2,1,single,data/ag/audio/single/pickle/ah/pickle_241121_ah_11.wav,Aviary 2,2022,none
ag_pickle_ah_241124-1340_01.wav,pickle_241124_ah_01,ag,pickle,Pickle,ah,1,241124-1340,2024-11-24,maxplanck_lab,lab,no,M,2,2,1,single,data/ag/audio/single/pickle/ah/pickle_241124_ah_01.wav,Aviary 2,2022,none
ag_pickle_ah_241124-1340_02.wav,pickle_241124_ah_04,ag,pickle,Pickle,ah,1,241124-1340,2024-11-24,maxplanck_lab,lab,no,M,2,2,1,single,data/ag/audio/single/pickle/ah/pickle_241124_ah_04.wav,Aviary 2,2022,none
ag_pickle_ah_241124-1340_03.wav,pickle_241124_ah_12,ag,pickle,Pickle,ah,1,241124-1340,2024-11-24,maxplanck_lab,lab,no,M,2,2,1,single,data/ag/audio/single/pickle/ah/pickle_241124_ah_12.wav,Aviary 2,2022,none
ag_pickle_ah_241124-1340_04.wav,pickle_241124_ah_16,ag,pickle,Pickle,ah,1,241124-1340,2024-11-24,maxplanck_lab,lab,no,M,2,2,1,single,data/ag/audio/single/pickle/ah/pickle_241124_ah_16.wav,Aviary 2,2022,none
ag_pickle_ah_241124-1340_05.wav,pickle_241124_ah_17,ag,pickle,Pickle,ah,1,241124-1340,2024-11-24,maxplanck_lab,lab,no,M,2,2,1,single,data/ag/audio/single/pickle/ah/pickle_241124_ah_17.wav,Aviary 2,2022,none
ag_pickle_ah_241124-1340_06.wav,pickle_241124_ah_18,ag,pickle,Pickle,ah,1,241124-1340,2024-11-24,maxplanck_lab,lab,no,M,2,2,1,single,data/ag/audio/single/pickle/ah/pickle_241124_ah_18.wav,Aviary 2,2022,none
ag_pickle_ah_241124-1340_07.wav,pickle_241124_ah_19,ag,pickle,Pickle,ah,1,241124-1340,2024-11-24,maxplanck_lab,lab,no,M,2,2,1,single,data/ag/audio/single/pickle/ah/pickle_241124_ah_19.wav,Aviary 2,2022,none
ag_pickle_ah_241124-1340_08.wav,pickle_241124_ah_20,ag,pickle,Pickle,ah,1,241124-1340,2024-11-24,maxplanck_lab,lab,no,M,2,2,1,single,data/ag/audio/single/pickle/ah/pickle_241124_ah_20.wav,Aviary 2,2022,none
ag_pickle_ah_241124-1340_09.wav,pickle_241124_ah_21,ag,pickle,Pickle,ah,1,241124-1340,2024-11-24,maxplanck_lab,lab,no,M,2,2,1,single,data/ag/audio/single/pickle/ah/pickle_241124_ah_21.wav,Aviary 2,2022,none
ag_pickle_ah_241124-1340_10.wav,pickle_241124_ah_22,ag,pickle,Pickle,ah,1,241124-1340,2024-11-24,maxplanck_lab,lab,no,M,2,2,1,single,data/ag/audio/single/pickle/ah/pickle_241124_ah_22.wav,Aviary 2,2022,none
ag_pickle_ah_241124-1342_01.wav,pickle_241124_ah_13,ag,pickle,Pickle,ah,1,241124-1342,2024-11-24,maxplanck_lab,lab,no,M,2,2,1,single,data/ag/audio/single/pickle/ah/pickle_241124_ah_13.wav,Aviary 2,2022,none
ag_pickle_ah_241124-1343_01.wav,pickle_241124_ah_14,ag,pickle,Pickle,ah,1,241124-1343,2024-11-24,maxplanck_lab,lab,no,M,2,2,1,single,data/ag/audio/single/pickle/ah/pickle_241124_ah_14.wav,Aviary 2,2022,none
ag_pickle_doubleco_241124-1343_01.wav,pickle_241124_doubleco_01,ag,pickle,Pickle,doubleco,1,241124-1343,2024-11-24,maxplanck_lab,lab,no,M,2,2,1,single,data/ag/audio/single/pickle/doubleco/pickle_241124_doubleco_01.wav,Aviary 2,2022,none
ag_pickle_doublese_241124-1340_01.wav,pickle_241124_doublese_01,ag,pickle,Pickle,doublese,1,241124-1340,2024-11-24,maxplanck_lab,lab,no,M,2,2,1,single,data/ag/audio/single/pickle/doublese/pickle_241124_doublese_01.wav,Aviary 2,2022,none
ag_pickle_doublese_241124-1340_02.wav,pickle_241124_doublese_02,ag,pickle,Pickle,doublese,1,241124-1340,2024-11-24,maxplanck_lab,lab,no,M,2,2,1,single,data/ag/audio/single/pickle/doublese/pickle_241124_doublese_02.wav,Aviary 2,2022,none
ag_pickle_raspy_241119-1330_01.wav,pickle_241119_raspy_04,ag,pickle,Pickle,raspy,1,241119-1330,2024-11-19,maxplanck_lab,lab,no,M,2,2,1,single,data/ag/audio/single/pickle/raspy/pickle_241119_raspy_04.wav,Aviary 2,2022,none
ag_pickle_raspy_241119-1330_02.wav,pickle_241119_raspy_05,ag,pickle,Pickle,raspy,1,241119-1330,2024-11-19,maxplanck_lab,lab,no,M,2,2,1,single,data/ag/audio/single/pickle/raspy/pickle_241119_raspy_05.wav,Aviary 2,2022,none
ag_pickle_raspy_241119-1330_03.wav,pickle_241119_raspy_06,ag,pickle,Pickle,raspy,1,241119-1330,2024-11-19,maxplanck_lab,lab,no,M,2,2,1,single,data/ag/audio/single/pickle/raspy/pickle_241119_raspy_06.wav,Aviary 2,2022,none
ag_pickle_raspy_241119-1331_01.wav,pickle_241119_raspy_01,ag,pickle,Pickle,raspy,1,241119-1331,2024-11-19,maxplanck_lab,lab,no,M,2,2,1,single,data/ag/audio/single/pickle/raspy/pickle_241119_raspy_01.wav,Aviary 2,2022,none
ag_pickle_raspy_241119-1331_02.wav,pickle_241119_raspy_02,ag,pickle,Pickle,raspy,1,241119-1331,2024-11-19,maxplanck_lab,lab,no,M,2,2,1,single,data/ag/audio/single/pickle/raspy/pickle_241119_raspy_02.wav,Aviary 2,2022,none
ag_pickle_raspy_241119-1331_03.wav,pickle_241119_raspy_03,ag,pickle,Pickle,raspy,1,241119-1331,2024-11-19,maxplanck_lab,lab,no,M,2,2,1,single,data/ag/audio/single/pickle/raspy/pickle_241119_raspy_03.wav,Aviary 2,2022,none
ag_pickle_raspy_241124-1340_01.wav,pickle_241124_raspy_07,ag,pickle,Pickle,raspy,1,241124-1340,2024-11-24,maxplanck_lab,lab,no,M,2,2,1,single,data/ag/audio/single/pickle/raspy/pickle_241124_raspy_07.wav,Aviary 2,2022,none
ag_pickle_raspy_241124-1340_02.wav,pickle_241124_raspy_08,ag,pickle,Pickle,raspy,1,241124-1340,2024-11-24,maxplanck_lab,lab,no,M,2,2,1,single,data/ag/audio/single/pickle/raspy/pickle_241124_raspy_08.wav,Aviary 2,2022,none
ag_pickle_raspy_241124-1340_03.wav,pickle_241124_raspy_09,ag,pickle,Pickle,raspy,1,241124-1340,2024-11-24,maxplanck_lab,lab,no,M,2,2,1,single,data/ag/audio/single/pickle/raspy/pickle_241124_raspy_09.wav,Aviary 2,2022,none
ag_pickle_raspy_241124-1340_04.wav,pickle_241124_raspy_10,ag,pickle,Pickle,raspy,1,241124-1340,2024-11-24,maxplanck_lab,lab,no,M,2,2,1,single,data/ag/audio/single/pickle/raspy/pickle_241124_raspy_10.wav,Aviary 2,2022,none
ag_pickle_raspy_241124-1340_05.wav,pickle_241124_raspy_11,ag,pickle,Pickle,raspy,1,241124-1340,2024-11-24,maxplanck_lab,lab,no,M,2,2,1,single,data/ag/audio/single/pickle/raspy/pickle_241124_raspy_11.wav,Aviary 2,2022,none
ag_pickle_raspy_241124-1340_06.wav,pickle_241124_raspy_12,ag,pickle,Pickle,raspy,1,241124-1340,2024-11-24,maxplanck_lab,lab,no,M,2,2,1,single,data/ag/audio/single/pickle/raspy/pickle_241124_raspy_12.wav,Aviary 2,2022,none
ag_pickle_raspy_241124-1340_07.wav,pickle_241124_raspy_13,ag,pickle,Pickle,raspy,1,241124-1340,2024-11-24,maxplanck_lab,lab,no,M,2,2,1,single,data/ag/audio/single/pickle/raspy/pickle_241124_raspy_13.wav,Aviary 2,2022,none
ag_pickle_raspy_241124-1340_08.wav,pickle_241124_raspy_14,ag,pickle,Pickle,raspy,1,241124-1340,2024-11-24,maxplanck_lab,lab,no,M,2,2,1,single,data/ag/audio/single/pickle/raspy/pickle_241124_raspy_14.wav,Aviary 2,2022,none
ag_pickle_raspy_241124-1340_09.wav,pickle_241124_raspy_15,ag,pickle,Pickle,raspy,1,241124-1340,2024-11-24,maxplanck_lab,lab,no,M,2,2,1,single,data/ag/audio/single/pickle/raspy/pickle_241124_raspy_15.wav,Aviary 2,2022,none
ag_pickle_raspy_241124-1340_10.wav,pickle_241124_raspy_16,ag,pickle,Pickle,raspy,1,241124-1340,2024-11-24,maxplanck_lab,lab,no,M,2,2,1,single,data/ag/audio/single/pickle/raspy/pickle_241124_raspy_16.wav,Aviary 2,2022,none
ag_pickle_raspy_241124-1340_11.wav,pickle_241124_raspy_17,ag,pickle,Pickle,raspy,1,241124-1340,2024-11-24,maxplanck_lab,lab,no,M,2,2,1,single,data/ag/audio/single/pickle/raspy/pickle_241124_raspy_17.wav,Aviary 2,2022,none
ag_pickle_short_241112-1309_01.wav,pickle_241112_short_02,ag,pickle,Pickle,short,1,241112-1309,2024-11-12,maxplanck_lab,lab,no,M,2,2,1,single,data/ag/audio/single/pickle/short/pickle_241112_short_02.wav,Aviary 2,2022,none
ag_pickle_short_241112-1309_02.wav,pickle_241112_short_12,ag,pickle,Pickle,short,1,241112-1309,2024-11-12,maxplanck_lab,lab,no,M,2,2,1,single,data/ag/audio/single/pickle/short/pickle_241112_short_12.wav,Aviary 2,2022,none
ag_pickle_short_241112-1309_03.wav,pickle_241112_short_14,ag,pickle,Pickle,short,1,241112-1309,2024-11-12,maxplanck_lab,lab,no,M,2,2,1,single,data/ag/audio/single/pickle/short/pickle_241112_short_14.wav,Aviary 2,2022,none
ag_pickle_short_241119-1330_01.wav,pickle_241119_short_04,ag,pickle,Pickle,short,1,241119-1330,2024-11-19,maxplanck_lab,lab,no,M,2,2,1,single,data/ag/audio/single/pickle/short/pickle_241119_short_04.wav,Aviary 2,2022,none
ag_pickle_short_241119-1331_01.wav,pickle_241119_short_03,ag,pickle,Pickle,short,1,241119-1331,2024-11-19,maxplanck_lab,lab,no,M,2,2,1,single,data/ag/audio/single/pickle/short/pickle_241119_short_03.wav,Aviary 2,2022,none
ag_pickle_short_241119-1331_02.wav,pickle_241119_short_05,ag,pickle,Pickle,short,1,241119-1331,2024-11-19,maxplanck_lab,lab,no,M,2,2,1,single,data/ag/audio/single/pickle/short/pickle_241119_short_05.wav,Aviary 2,2022,none
ag_pickle_short_241119-1331_03.wav,pickle_241119_short_07,ag,pickle,Pickle,short,1,241119-1331,2024-11-19,maxplanck_lab,lab,no,M,2,2,1,single,data/ag/audio/single/pickle/short/pickle_241119_short_07.wav,Aviary 2,2022,none
ag_pickle_short_241119-1331_04.wav,pickle_241119_short_13,ag,pickle,Pickle,short,1,241119-1331,2024-11-19,maxplanck_lab,lab,no,M,2,2,1,single,data/ag/audio/single/pickle/short/pickle_241119_short_13.wav,Aviary 2,2022,none
ag_pickle_short_241119-1331_05.wav,pickle_241119_short_15,ag,pickle,Pickle,short,1,241119-1331,2024-11-19,maxplanck_lab,lab,no,M,2,2,1,single,data/ag/audio/single/pickle/short/pickle_241119_short_15.wav,Aviary 2,2022,none
ag_pickle_short_241119-1331_06.wav,pickle_241119_short_16,ag,pickle,Pickle,short,1,241119-1331,2024-11-19,maxplanck_lab,lab,no,M,2,2,1,single,data/ag/audio/single/pickle/short/pickle_241119_short_16.wav,Aviary 2,2022,none
ag_pickle_short_241121-1334_01.wav,pickle_241121_short_17,ag,pickle,Pickle,short,1,241121-1334,2024-11-21,maxplanck_lab,lab,no,M,2,2,1,single,data/ag/audio/single/pickle/short/pickle_241121_short_17.wav,Aviary 2,2022,none
ag_pickle_short_241124-1340_01.wav,pickle_241124_short_06,ag,pickle,Pickle,short,1,241124-1340,2024-11-24,maxplanck_lab,lab,no,M,2,2,1,single,data/ag/audio/single/pickle/short/pickle_241124_short_06.wav,Aviary 2,2022,none
ag_pickle_short_241124-1343_01.wav,pickle_241124_short_01,ag,pickle,Pickle,short,1,241124-1343,2024-11-24,maxplanck_lab,lab,no,M,2,2,1,single,data/ag/audio/single/pickle/short/pickle_241124_short_01.wav,Aviary 2,2022,none
ag_pickle_short_241124-1343_02.wav,pickle_241124_short_08,ag,pickle,Pickle,short,1,241124-1343,2024-11-24,maxplanck_lab,lab,no,M,2,2,1,single,data/ag/audio/single/pickle/short/pickle_241124_short_08.wav,Aviary 2,2022,none
ag_pickle_short_241124-1343_03.wav,pickle_241124_short_09,ag,pickle,Pickle,short,1,241124-1343,2024-11-24,maxplanck_lab,lab,no,M,2,2,1,single,data/ag/audio/single/pickle/short/pickle_241124_short_09.wav,Aviary 2,2022,none
ag_pickle_short_241124-1343_04.wav,pickle_241124_short_10,ag,pickle,Pickle,short,1,241124-1343,2024-11-24,maxplanck_lab,lab,no,M,2,2,1,single,data/ag/audio/single/pickle/short/pickle_241124_short_10.wav,Aviary 2,2022,none
ag_pickle_short_241124-1343_05.wav,pickle_241124_short_11,ag,pickle,Pickle,short,1,241124-1343,2024-11-24,maxplanck_lab,lab,no,M,2,2,1,single,data/ag/audio/single/pickle/short/pickle_241124_short_11.wav,Aviary 2,2022,none
ag_plumi_ah_241127-1351_01.wav,plumi_241127_ah_30,ag,plumi,Plumi,ah,1,241127-1351,2024-11-27,shelter_group3,shelter,yes,F,20,3,1,single,data/ag/audio/single/plumi/ah/plumi_241127_ah_30.wav,NA,NA,unknown
ag_plumi_ah_241127-1351_02.wav,plumi_241127_ah_31,ag,plumi,Plumi,ah,1,241127-1351,2024-11-27,shelter_group3,shelter,yes,F,20,3,1,single,data/ag/audio/single/plumi/ah/plumi_241127_ah_31.wav,NA,NA,unknown
ag_plumi_ah_241127-1351_03.wav,plumi_241127_ah_32,ag,plumi,Plumi,ah,1,241127-1351,2024-11-27,shelter_group3,shelter,yes,F,20,3,1,single,data/ag/audio/single/plumi/ah/plumi_241127_ah_32.wav,NA,NA,unknown
ag_plumi_ah_241127-1351_04.wav,plumi_241127_ah_33,ag,plumi,Plumi,ah,1,241127-1351,2024-11-27,shelter_group3,shelter,yes,F,20,3,1,single,data/ag/audio/single/plumi/ah/plumi_241127_ah_33.wav,NA,NA,unknown
ag_plumi_ah_241127-1351_05.wav,plumi_241127_ah_34,ag,plumi,Plumi,ah,1,241127-1351,2024-11-27,shelter_group3,shelter,yes,F,20,3,1,single,data/ag/audio/single/plumi/ah/plumi_241127_ah_34.wav,NA,NA,unknown
ag_plumi_ah_241127-1351_06.wav,plumi_241127_ah_35,ag,plumi,Plumi,ah,1,241127-1351,2024-11-27,shelter_group3,shelter,yes,F,20,3,1,single,data/ag/audio/single/plumi/ah/plumi_241127_ah_35.wav,NA,NA,unknown
ag_plumi_ah_241127-1357_01.wav,plumi_241127_ah_01,ag,plumi,Plumi,ah,1,241127-1357,2024-11-27,shelter_group3,shelter,yes,F,20,3,1,single,data/ag/audio/single/plumi/ah/plumi_241127_ah_01.wav,NA,NA,unknown
ag_plumi_ah_241127-1357_02.wav,plumi_241127_ah_02,ag,plumi,Plumi,ah,1,241127-1357,2024-11-27,shelter_group3,shelter,yes,F,20,3,1,single,data/ag/audio/single/plumi/ah/plumi_241127_ah_02.wav,NA,NA,unknown
ag_plumi_ah_241127-1357_03.wav,plumi_241127_ah_03,ag,plumi,Plumi,ah,1,241127-1357,2024-11-27,shelter_group3,shelter,yes,F,20,3,1,single,data/ag/audio/single/plumi/ah/plumi_241127_ah_03.wav,NA,NA,unknown
ag_plumi_ah_241127-1357_04.wav,plumi_241127_ah_04,ag,plumi,Plumi,ah,1,241127-1357,2024-11-27,shelter_group3,shelter,yes,F,20,3,1,single,data/ag/audio/single/plumi/ah/plumi_241127_ah_04.wav,NA,NA,unknown
ag_plumi_ah_241127-1357_05.wav,plumi_241127_ah_05,ag,plumi,Plumi,ah,1,241127-1357,2024-11-27,shelter_group3,shelter,yes,F,20,3,1,single,data/ag/audio/single/plumi/ah/plumi_241127_ah_05.wav,NA,NA,unknown
ag_plumi_ah_241127-1357_06.wav,plumi_241127_ah_06,ag,plumi,Plumi,ah,1,241127-1357,2024-11-27,shelter_group3,shelter,yes,F,20,3,1,single,data/ag/audio/single/plumi/ah/plumi_241127_ah_06.wav,NA,NA,unknown
ag_plumi_ah_241127-1357_07.wav,plumi_241127_ah_07,ag,plumi,Plumi,ah,1,241127-1357,2024-11-27,shelter_group3,shelter,yes,F,20,3,1,single,data/ag/audio/single/plumi/ah/plumi_241127_ah_07.wav,NA,NA,unknown
ag_plumi_ah_241127-1357_08.wav,plumi_241127_ah_08,ag,plumi,Plumi,ah,1,241127-1357,2024-11-27,shelter_group3,shelter,yes,F,20,3,1,single,data/ag/audio/single/plumi/ah/plumi_241127_ah_08.wav,NA,NA,unknown
ag_plumi_ah_241127-1357_09.wav,plumi_241127_ah_09,ag,plumi,Plumi,ah,1,241127-1357,2024-11-27,shelter_group3,shelter,yes,F,20,3,1,single,data/ag/audio/single/plumi/ah/plumi_241127_ah_09.wav,NA,NA,unknown
ag_plumi_ah_241127-1357_10.wav,plumi_241127_ah_10,ag,plumi,Plumi,ah,1,241127-1357,2024-11-27,shelter_group3,shelter,yes,F,20,3,1,single,data/ag/audio/single/plumi/ah/plumi_241127_ah_10.wav,NA,NA,unknown
ag_plumi_ah_241127-1357_11.wav,plumi_241127_ah_11,ag,plumi,Plumi,ah,1,241127-1357,2024-11-27,shelter_group3,shelter,yes,F,20,3,1,single,data/ag/audio/single/plumi/ah/plumi_241127_ah_11.wav,NA,NA,unknown
ag_plumi_ah_241127-1357_12.wav,plumi_241127_ah_12,ag,plumi,Plumi,ah,1,241127-1357,2024-11-27,shelter_group3,shelter,yes,F,20,3,1,single,data/ag/audio/single/plumi/ah/plumi_241127_ah_12.wav,NA,NA,unknown
ag_plumi_ah_241127-1357_13.wav,plumi_241127_ah_13,ag,plumi,Plumi,ah,1,241127-1357,2024-11-27,shelter_group3,shelter,yes,F,20,3,1,single,data/ag/audio/single/plumi/ah/plumi_241127_ah_13.wav,NA,NA,unknown
ag_plumi_ah_241127-1357_14.wav,plumi_241127_ah_14,ag,plumi,Plumi,ah,1,241127-1357,2024-11-27,shelter_group3,shelter,yes,F,20,3,1,single,data/ag/audio/single/plumi/ah/plumi_241127_ah_14.wav,NA,NA,unknown
ag_plumi_ah_241127-1357_15.wav,plumi_241127_ah_15,ag,plumi,Plumi,ah,1,241127-1357,2024-11-27,shelter_group3,shelter,yes,F,20,3,1,single,data/ag/audio/single/plumi/ah/plumi_241127_ah_15.wav,NA,NA,unknown
ag_plumi_ah_241127-1357_16.wav,plumi_241127_ah_16,ag,plumi,Plumi,ah,1,241127-1357,2024-11-27,shelter_group3,shelter,yes,F,20,3,1,single,data/ag/audio/single/plumi/ah/plumi_241127_ah_16.wav,NA,NA,unknown
ag_plumi_ah_241127-1357_17.wav,plumi_241127_ah_17,ag,plumi,Plumi,ah,1,241127-1357,2024-11-27,shelter_group3,shelter,yes,F,20,3,1,single,data/ag/audio/single/plumi/ah/plumi_241127_ah_17.wav,NA,NA,unknown
ag_plumi_ah_241127-1357_18.wav,plumi_241127_ah_18,ag,plumi,Plumi,ah,1,241127-1357,2024-11-27,shelter_group3,shelter,yes,F,20,3,1,single,data/ag/audio/single/plumi/ah/plumi_241127_ah_18.wav,NA,NA,unknown
ag_plumi_ah_241127-1357_19.wav,plumi_241127_ah_19,ag,plumi,Plumi,ah,1,241127-1357,2024-11-27,shelter_group3,shelter,yes,F,20,3,1,single,data/ag/audio/single/plumi/ah/plumi_241127_ah_19.wav,NA,NA,unknown
ag_plumi_ah_241127-1357_20.wav,plumi_241127_ah_20,ag,plumi,Plumi,ah,1,241127-1357,2024-11-27,shelter_group3,shelter,yes,F,20,3,1,single,data/ag/audio/single/plumi/ah/plumi_241127_ah_20.wav,NA,NA,unknown
ag_plumi_ah_241127-1357_21.wav,plumi_241127_ah_21,ag,plumi,Plumi,ah,1,241127-1357,2024-11-27,shelter_group3,shelter,yes,F,20,3,1,single,data/ag/audio/single/plumi/ah/plumi_241127_ah_21.wav,NA,NA,unknown
ag_plumi_ah_241127-1357_22.wav,plumi_241127_ah_22,ag,plumi,Plumi,ah,1,241127-1357,2024-11-27,shelter_group3,shelter,yes,F,20,3,1,single,data/ag/audio/single/plumi/ah/plumi_241127_ah_22.wav,NA,NA,unknown
ag_plumi_ah_241127-1357_23.wav,plumi_241127_ah_24,ag,plumi,Plumi,ah,1,241127-1357,2024-11-27,shelter_group3,shelter,yes,F,20,3,1,single,data/ag/audio/single/plumi/ah/plumi_241127_ah_24.wav,NA,NA,unknown
ag_plumi_ah_241127-1357_24.wav,plumi_241127_ah_27,ag,plumi,Plumi,ah,1,241127-1357,2024-11-27,shelter_group3,shelter,yes,F,20,3,1,single,data/ag/audio/single/plumi/ah/plumi_241127_ah_27.wav,NA,NA,unknown
ag_plumi_ah_241128-1358_01.wav,plumi_241128_ah_28,ag,plumi,Plumi,ah,1,241128-1358,2024-11-28,shelter_group3,shelter,yes,F,20,3,1,single,data/ag/audio/single/plumi/ah/plumi_241128_ah_28.wav,NA,NA,unknown
ag_plumi_ah_241128-1358_02.wav,plumi_241128_ah_29,ag,plumi,Plumi,ah,1,241128-1358,2024-11-28,shelter_group3,shelter,yes,F,20,3,1,single,data/ag/audio/single/plumi/ah/plumi_241128_ah_29.wav,NA,NA,unknown
ag_plumi_ah_241128-1358_03.wav,plumi_241128_ah_38,ag,plumi,Plumi,ah,1,241128-1358,2024-11-28,shelter_group3,shelter,yes,F,20,3,1,single,data/ag/audio/single/plumi/ah/plumi_241128_ah_38.wav,NA,NA,unknown
ag_plumi_ah_241128-1359_01.wav,plumi_241128_ah_23,ag,plumi,Plumi,ah,1,241128-1359,2024-11-28,shelter_group3,shelter,yes,F,20,3,1,single,data/ag/audio/single/plumi/ah/plumi_241128_ah_23.wav,NA,NA,unknown
ag_plumi_ah_241128-1359_02.wav,plumi_241128_ah_25,ag,plumi,Plumi,ah,1,241128-1359,2024-11-28,shelter_group3,shelter,yes,F,20,3,1,single,data/ag/audio/single/plumi/ah/plumi_241128_ah_25.wav,NA,NA,unknown
ag_plumi_ah_241128-1359_03.wav,plumi_241128_ah_26,ag,plumi,Plumi,ah,1,241128-1359,2024-11-28,shelter_group3,shelter,yes,F,20,3,1,single,data/ag/audio/single/plumi/ah/plumi_241128_ah_26.wav,NA,NA,unknown
ag_plumi_ah_241128-1359_04.wav,plumi_241128_ah_36,ag,plumi,Plumi,ah,1,241128-1359,2024-11-28,shelter_group3,shelter,yes,F,20,3,1,single,data/ag/audio/single/plumi/ah/plumi_241128_ah_36.wav,NA,NA,unknown
ag_plumi_ah_241128-1359_05.wav,plumi_241128_ah_37,ag,plumi,Plumi,ah,1,241128-1359,2024-11-28,shelter_group3,shelter,yes,F,20,3,1,single,data/ag/audio/single/plumi/ah/plumi_241128_ah_37.wav,NA,NA,unknown
ag_plumi_doubleco_241127-1357_01.wav,plumi_241127_doubleco_01,ag,plumi,Plumi,doubleco,1,241127-1357,2024-11-27,shelter_group3,shelter,yes,F,20,3,1,single,data/ag/audio/single/plumi/doubleco/plumi_241127_doubleco_01.wav,NA,NA,unknown
ag_plumi_doubleco_241127-1357_02.wav,plumi_241127_doubleco_02,ag,plumi,Plumi,doubleco,1,241127-1357,2024-11-27,shelter_group3,shelter,yes,F,20,3,1,single,data/ag/audio/single/plumi/doubleco/plumi_241127_doubleco_02.wav,NA,NA,unknown
ag_plumi_doubleco_241127-1357_03.wav,plumi_241127_doubleco_03,ag,plumi,Plumi,doubleco,1,241127-1357,2024-11-27,shelter_group3,shelter,yes,F,20,3,1,single,data/ag/audio/single/plumi/doubleco/plumi_241127_doubleco_03.wav,NA,NA,unknown
ag_plumi_doubleco_241127-1357_04.wav,plumi_241127_doubleco_04,ag,plumi,Plumi,doubleco,1,241127-1357,2024-11-27,shelter_group3,shelter,yes,F,20,3,1,single,data/ag/audio/single/plumi/doubleco/plumi_241127_doubleco_04.wav,NA,NA,unknown
ag_plumi_doubleco_241127-1357_05.wav,plumi_241127_doubleco_05,ag,plumi,Plumi,doubleco,1,241127-1357,2024-11-27,shelter_group3,shelter,yes,F,20,3,1,single,data/ag/audio/single/plumi/doubleco/plumi_241127_doubleco_05.wav,NA,NA,unknown
ag_plumi_doubleco_241127-1357_06.wav,plumi_241127_doubleco_06,ag,plumi,Plumi,doubleco,1,241127-1357,2024-11-27,shelter_group3,shelter,yes,F,20,3,1,single,data/ag/audio/single/plumi/doubleco/plumi_241127_doubleco_06.wav,NA,NA,unknown
ag_plumi_doubleco_241127-1357_07.wav,plumi_241127_doubleco_07,ag,plumi,Plumi,doubleco,1,241127-1357,2024-11-27,shelter_group3,shelter,yes,F,20,3,1,single,data/ag/audio/single/plumi/doubleco/plumi_241127_doubleco_07.wav,NA,NA,unknown
ag_plumi_doubleco_241128-1359_01.wav,plumi_241128_doubleco_08,ag,plumi,Plumi,doubleco,1,241128-1359,2024-11-28,shelter_group3,shelter,yes,F,20,3,1,single,data/ag/audio/single/plumi/doubleco/plumi_241128_doubleco_08.wav,NA,NA,unknown
ag_plumi_doubleco_241128-1359_02.wav,plumi_241128_doubleco_09,ag,plumi,Plumi,doubleco,1,241128-1359,2024-11-28,shelter_group3,shelter,yes,F,20,3,1,single,data/ag/audio/single/plumi/doubleco/plumi_241128_doubleco_09.wav,NA,NA,unknown
ag_plumi_murmur_241127-1352_01.wav,plumi_241127_murmur_09,ag,plumi,Plumi,murmur,1,241127-1352,2024-11-27,shelter_group3,shelter,yes,F,20,3,1,single,data/ag/audio/single/plumi/murmur/plumi_241127_murmur_09.wav,NA,NA,unknown
ag_plumi_murmur_241127-1352_02.wav,plumi_241127_murmur_10,ag,plumi,Plumi,murmur,1,241127-1352,2024-11-27,shelter_group3,shelter,yes,F,20,3,1,single,data/ag/audio/single/plumi/murmur/plumi_241127_murmur_10.wav,NA,NA,unknown
ag_plumi_murmur_241127-1354_01.wav,plumi_241127_murmur_02,ag,plumi,Plumi,murmur,1,241127-1354,2024-11-27,shelter_group3,shelter,yes,F,20,3,1,single,data/ag/audio/single/plumi/murmur/plumi_241127_murmur_02.wav,NA,NA,unknown
ag_plumi_murmur_241127-1354_02.wav,plumi_241127_murmur_03,ag,plumi,Plumi,murmur,1,241127-1354,2024-11-27,shelter_group3,shelter,yes,F,20,3,1,single,data/ag/audio/single/plumi/murmur/plumi_241127_murmur_03.wav,NA,NA,unknown
ag_plumi_murmur_241127-1354_03.wav,plumi_241127_murmur_04,ag,plumi,Plumi,murmur,1,241127-1354,2024-11-27,shelter_group3,shelter,yes,F,20,3,1,single,data/ag/audio/single/plumi/murmur/plumi_241127_murmur_04.wav,NA,NA,unknown
ag_plumi_murmur_241127-1354_04.wav,plumi_241127_murmur_05,ag,plumi,Plumi,murmur,1,241127-1354,2024-11-27,shelter_group3,shelter,yes,F,20,3,1,single,data/ag/audio/single/plumi/murmur/plumi_241127_murmur_05.wav,NA,NA,unknown
ag_plumi_murmur_241127-1354_05.wav,plumi_241127_murmur_06,ag,plumi,Plumi,murmur,1,241127-1354,2024-11-27,shelter_group3,shelter,yes,F,20,3,1,single,data/ag/audio/single/plumi/murmur/plumi_241127_murmur_06.wav,NA,NA,unknown
ag_plumi_murmur_241127-1354_06.wav,plumi_241127_murmur_07,ag,plumi,Plumi,murmur,1,241127-1354,2024-11-27,shelter_group3,shelter,yes,F,20,3,1,single,data/ag/audio/single/plumi/murmur/plumi_241127_murmur_07.wav,NA,NA,unknown
ag_plumi_murmur_241127-1354_07.wav,plumi_241127_murmur_14,ag,plumi,Plumi,murmur,1,241127-1354,2024-11-27,shelter_group3,shelter,yes,F,20,3,1,single,data/ag/audio/single/plumi/murmur/plumi_241127_murmur_14.wav,NA,NA,unknown
ag_plumi_murmur_241127-1354_08.wav,plumi_241127_murmur_16,ag,plumi,Plumi,murmur,1,241127-1354,2024-11-27,shelter_group3,shelter,yes,F,20,3,1,single,data/ag/audio/single/plumi/murmur/plumi_241127_murmur_16.wav,NA,NA,unknown
ag_plumi_murmur_241127-1355_01.wav,plumi_241127_murmur_08,ag,plumi,Plumi,murmur,1,241127-1355,2024-11-27,shelter_group3,shelter,yes,F,20,3,1,single,data/ag/audio/single/plumi/murmur/plumi_241127_murmur_08.wav,NA,NA,unknown
ag_plumi_murmur_241127-1357_01.wav,plumi_241127_murmur_01,ag,plumi,Plumi,murmur,1,241127-1357,2024-11-27,shelter_group3,shelter,yes,F,20,3,1,single,data/ag/audio/single/plumi/murmur/plumi_241127_murmur_01.wav,NA,NA,unknown
ag_plumi_murmur_241127-1357_02.wav,plumi_241127_murmur_15,ag,plumi,Plumi,murmur,1,241127-1357,2024-11-27,shelter_group3,shelter,yes,F,20,3,1,single,data/ag/audio/single/plumi/murmur/plumi_241127_murmur_15.wav,NA,NA,unknown
ag_plumi_murmur_241128-1359_01.wav,plumi_241128_murmur_11,ag,plumi,Plumi,murmur,1,241128-1359,2024-11-28,shelter_group3,shelter,yes,F,20,3,1,single,data/ag/audio/single/plumi/murmur/plumi_241128_murmur_11.wav,NA,NA,unknown
ag_plumi_murmur_241128-1359_02.wav,plumi_241128_murmur_12,ag,plumi,Plumi,murmur,1,241128-1359,2024-11-28,shelter_group3,shelter,yes,F,20,3,1,single,data/ag/audio/single/plumi/murmur/plumi_241128_murmur_12.wav,NA,NA,unknown
ag_plumi_murmur_241128-1359_03.wav,plumi_241128_murmur_13,ag,plumi,Plumi,murmur,1,241128-1359,2024-11-28,shelter_group3,shelter,yes,F,20,3,1,single,data/ag/audio/single/plumi/murmur/plumi_241128_murmur_13.wav,NA,NA,unknown
ag_plumi_murmur_241128-1359_04.wav,plumi_241128_murmur_17,ag,plumi,Plumi,murmur,1,241128-1359,2024-11-28,shelter_group3,shelter,yes,F,20,3,1,single,data/ag/audio/single/plumi/murmur/plumi_241128_murmur_17.wav,NA,NA,unknown
ag_plumi_raspy_241127-1351_01.wav,plumi_241127_raspy_03,ag,plumi,Plumi,raspy,1,241127-1351,2024-11-27,shelter_group3,shelter,yes,F,20,3,1,single,data/ag/audio/single/plumi/raspy/plumi_241127_raspy_03.wav,NA,NA,unknown
ag_plumi_raspy_241127-1351_02.wav,plumi_241127_raspy_07,ag,plumi,Plumi,raspy,1,241127-1351,2024-11-27,shelter_group3,shelter,yes,F,20,3,1,single,data/ag/audio/single/plumi/raspy/plumi_241127_raspy_07.wav,NA,NA,unknown
ag_plumi_raspy_241127-1352_01.wav,plumi_241127_raspy_08,ag,plumi,Plumi,raspy,1,241127-1352,2024-11-27,shelter_group3,shelter,yes,F,20,3,1,single,data/ag/audio/single/plumi/raspy/plumi_241127_raspy_08.wav,NA,NA,unknown
ag_plumi_raspy_241127-1352_02.wav,plumi_241127_raspy_11,ag,plumi,Plumi,raspy,1,241127-1352,2024-11-27,shelter_group3,shelter,yes,F,20,3,1,single,data/ag/audio/single/plumi/raspy/plumi_241127_raspy_11.wav,NA,NA,unknown
ag_plumi_raspy_241127-1354_01.wav,plumi_241127_raspy_09,ag,plumi,Plumi,raspy,1,241127-1354,2024-11-27,shelter_group3,shelter,yes,F,20,3,1,single,data/ag/audio/single/plumi/raspy/plumi_241127_raspy_09.wav,NA,NA,unknown
ag_plumi_raspy_241127-1354_02.wav,plumi_241127_raspy_10,ag,plumi,Plumi,raspy,1,241127-1354,2024-11-27,shelter_group3,shelter,yes,F,20,3,1,single,data/ag/audio/single/plumi/raspy/plumi_241127_raspy_10.wav,NA,NA,unknown
ag_plumi_raspy_241127-1354_03.wav,plumi_241127_raspy_12,ag,plumi,Plumi,raspy,1,241127-1354,2024-11-27,shelter_group3,shelter,yes,F,20,3,1,single,data/ag/audio/single/plumi/raspy/plumi_241127_raspy_12.wav,NA,NA,unknown
ag_plumi_raspy_241127-1357_01.wav,plumi_241127_raspy_01,ag,plumi,Plumi,raspy,1,241127-1357,2024-11-27,shelter_group3,shelter,yes,F,20,3,1,single,data/ag/audio/single/plumi/raspy/plumi_241127_raspy_01.wav,NA,NA,unknown
ag_plumi_raspy_241127-1357_02.wav,plumi_241127_raspy_02,ag,plumi,Plumi,raspy,1,241127-1357,2024-11-27,shelter_group3,shelter,yes,F,20,3,1,single,data/ag/audio/single/plumi/raspy/plumi_241127_raspy_02.wav,NA,NA,unknown
ag_plumi_raspy_241127-1357_03.wav,plumi_241127_raspy_04,ag,plumi,Plumi,raspy,1,241127-1357,2024-11-27,shelter_group3,shelter,yes,F,20,3,1,single,data/ag/audio/single/plumi/raspy/plumi_241127_raspy_04.wav,NA,NA,unknown
ag_plumi_raspy_241127-1357_04.wav,plumi_241127_raspy_05,ag,plumi,Plumi,raspy,1,241127-1357,2024-11-27,shelter_group3,shelter,yes,F,20,3,1,single,data/ag/audio/single/plumi/raspy/plumi_241127_raspy_05.wav,NA,NA,unknown
ag_plumi_raspy_241127-1357_05.wav,plumi_241127_raspy_06,ag,plumi,Plumi,raspy,1,241127-1357,2024-11-27,shelter_group3,shelter,yes,F,20,3,1,single,data/ag/audio/single/plumi/raspy/plumi_241127_raspy_06.wav,NA,NA,unknown
ag_plumi_short_241127-1351_01.wav,plumi_241127_short_03,ag,plumi,Plumi,short,1,241127-1351,2024-11-27,shelter_group3,shelter,yes,F,20,3,1,single,data/ag/audio/single/plumi/short/plumi_241127_short_03.wav,NA,NA,unknown
ag_plumi_short_241127-1351_02.wav,plumi_241127_short_04,ag,plumi,Plumi,short,1,241127-1351,2024-11-27,shelter_group3,shelter,yes,F,20,3,1,single,data/ag/audio/single/plumi/short/plumi_241127_short_04.wav,NA,NA,unknown
ag_plumi_short_241127-1351_03.wav,plumi_241127_short_05,ag,plumi,Plumi,short,1,241127-1351,2024-11-27,shelter_group3,shelter,yes,F,20,3,1,single,data/ag/audio/single/plumi/short/plumi_241127_short_05.wav,NA,NA,unknown
ag_plumi_short_241127-1355_01.wav,plumi_241127_short_07,ag,plumi,Plumi,short,1,241127-1355,2024-11-27,shelter_group3,shelter,yes,F,20,3,1,single,data/ag/audio/single/plumi/short/plumi_241127_short_07.wav,NA,NA,unknown
ag_plumi_short_241127-1357_01.wav,plumi_241127_short_01,ag,plumi,Plumi,short,1,241127-1357,2024-11-27,shelter_group3,shelter,yes,F,20,3,1,single,data/ag/audio/single/plumi/short/plumi_241127_short_01.wav,NA,NA,unknown
ag_plumi_short_241127-1357_02.wav,plumi_241127_short_02,ag,plumi,Plumi,short,1,241127-1357,2024-11-27,shelter_group3,shelter,yes,F,20,3,1,single,data/ag/audio/single/plumi/short/plumi_241127_short_02.wav,NA,NA,unknown
ag_plumi_short_241127-1357_03.wav,plumi_241127_short_08,ag,plumi,Plumi,short,1,241127-1357,2024-11-27,shelter_group3,shelter,yes,F,20,3,1,single,data/ag/audio/single/plumi/short/plumi_241127_short_08.wav,NA,NA,unknown
ag_plumi_short_241128-1358_01.wav,plumi_241128_short_09,ag,plumi,Plumi,short,1,241128-1358,2024-11-28,shelter_group3,shelter,yes,F,20,3,1,single,data/ag/audio/single/plumi/short/plumi_241128_short_09.wav,NA,NA,unknown
ag_plumi_short_241128-1359_01.wav,plumi_241128_short_06,ag,plumi,Plumi,short,1,241128-1359,2024-11-28,shelter_group3,shelter,yes,F,20,3,1,single,data/ag/audio/single/plumi/short/plumi_241128_short_06.wav,NA,NA,unknown
ag_plumi_triple_241128-1359_01.wav,plumi_241128_triple_01,ag,plumi,Plumi,triple,1,241128-1359,2024-11-28,shelter_group3,shelter,yes,F,20,3,1,single,data/ag/audio/single/plumi/triple/plumi_241128_triple_01.wav,NA,NA,unknown
ag_plumi_triple_241128-1359_02.wav,plumi_241128_triple_02,ag,plumi,Plumi,triple,1,241128-1359,2024-11-28,shelter_group3,shelter,yes,F,20,3,1,single,data/ag/audio/single/plumi/triple/plumi_241128_triple_02.wav,NA,NA,unknown
ag_plumi_vibrato_241127-1357_01.wav,plumi_241127_vibrato_01,ag,plumi,Plumi,vibrato,1,241127-1357,2024-11-27,shelter_group3,shelter,yes,F,20,3,1,single,data/ag/audio/single/plumi/vibrato/plumi_241127_vibrato_01.wav,NA,NA,unknown
ag_plumi_vibrato_241127-1357_02.wav,plumi_241127_vibrato_02,ag,plumi,Plumi,vibrato,1,241127-1357,2024-11-27,shelter_group3,shelter,yes,F,20,3,1,single,data/ag/audio/single/plumi/vibrato/plumi_241127_vibrato_02.wav,NA,NA,unknown
ag_plumi_vibrato_241127-1357_03.wav,plumi_241127_vibrato_03,ag,plumi,Plumi,vibrato,1,241127-1357,2024-11-27,shelter_group3,shelter,yes,F,20,3,1,single,data/ag/audio/single/plumi/vibrato/plumi_241127_vibrato_03.wav,NA,NA,unknown
ag_plumi_vibrato_241127-1357_04.wav,plumi_241127_vibrato_04,ag,plumi,Plumi,vibrato,1,241127-1357,2024-11-27,shelter_group3,shelter,yes,F,20,3,1,single,data/ag/audio/single/plumi/vibrato/plumi_241127_vibrato_04.wav,NA,NA,unknown
ag_plumi_vibrato_241127-1357_05.wav,plumi_241127_vibrato_05,ag,plumi,Plumi,vibrato,1,241127-1357,2024-11-27,shelter_group3,shelter,yes,F,20,3,1,single,data/ag/audio/single/plumi/vibrato/plumi_241127_vibrato_05.wav,NA,NA,unknown
ag_watson_ah_241005-1244_01.wav,watson_241005_ah_01,ag,watson,Watson,ah,1,241005-1244,2024-10-05,maxplanck_lab,lab,yes,F,12,1,1,single,data/ag/audio/single/watson/ah/watson_241005_ah_01.wav,Aviary 1,2013,none
ag_watson_ah_241010-1271_01.wav,watson_241010_ah_04,ag,watson,Watson,ah,1,241010-1271,2024-10-10,maxplanck_lab,lab,yes,F,12,1,1,single,data/ag/audio/single/watson/ah/watson_241010_ah_04.wav,Aviary 1,2013,none
ag_watson_ah_NA_01.wav,watson__ah_02,ag,watson,Watson,ah,1,NA,NA,maxplanck_lab,lab,yes,F,12,1,0,single,data/ag/audio/single/watson/ah/watson__ah_02.wav,Aviary 1,2013,none
ag_watson_ah_NA_02.wav,watson__ah_03,ag,watson,Watson,ah,1,NA,NA,maxplanck_lab,lab,yes,F,12,1,0,single,data/ag/audio/single/watson/ah/watson__ah_03.wav,Aviary 1,2013,none
ag_watson_doubleco_241005-1244_01.wav,watson_241005_doubleco_01,ag,watson,Watson,doubleco,1,241005-1244,2024-10-05,maxplanck_lab,lab,yes,F,12,1,1,single,data/ag/audio/single/watson/doubleco/watson_241005_doubleco_01.wav,Aviary 1,2013,none
ag_watson_doubleco_241005-1244_02.wav,watson_241005_doubleco_02,ag,watson,Watson,doubleco,1,241005-1244,2024-10-05,maxplanck_lab,lab,yes,F,12,1,1,single,data/ag/audio/single/watson/doubleco/watson_241005_doubleco_02.wav,Aviary 1,2013,none
ag_watson_doubleco_241005-1244_03.wav,watson_241005_doubleco_03,ag,watson,Watson,doubleco,1,241005-1244,2024-10-05,maxplanck_lab,lab,yes,F,12,1,1,single,data/ag/audio/single/watson/doubleco/watson_241005_doubleco_03.wav,Aviary 1,2013,none
ag_watson_doubleco_241005-1244_04.wav,watson_241005_doubleco_04,ag,watson,Watson,doubleco,1,241005-1244,2024-10-05,maxplanck_lab,lab,yes,F,12,1,1,single,data/ag/audio/single/watson/doubleco/watson_241005_doubleco_04.wav,Aviary 1,2013,none
ag_watson_doubleco_241005-1244_05.wav,watson_241005_doubleco_05,ag,watson,Watson,doubleco,1,241005-1244,2024-10-05,maxplanck_lab,lab,yes,F,12,1,1,single,data/ag/audio/single/watson/doubleco/watson_241005_doubleco_05.wav,Aviary 1,2013,none
ag_watson_doubleco_241010-1271_01.wav,watson_241010_doubleco_07,ag,watson,Watson,doubleco,1,241010-1271,2024-10-10,maxplanck_lab,lab,yes,F,12,1,1,single,data/ag/audio/single/watson/doubleco/watson_241010_doubleco_07.wav,Aviary 1,2013,none
ag_watson_doubleco_241010-1271_02.wav,watson_241010_doubleco_08,ag,watson,Watson,doubleco,1,241010-1271,2024-10-10,maxplanck_lab,lab,yes,F,12,1,1,single,data/ag/audio/single/watson/doubleco/watson_241010_doubleco_08.wav,Aviary 1,2013,none
ag_watson_doubleco_241010-1271_03.wav,watson_241010_doubleco_10,ag,watson,Watson,doubleco,1,241010-1271,2024-10-10,maxplanck_lab,lab,yes,F,12,1,1,single,data/ag/audio/single/watson/doubleco/watson_241010_doubleco_10.wav,Aviary 1,2013,none
ag_watson_doubleco_241010-1271_04.wav,watson_241010_doubleco_11,ag,watson,Watson,doubleco,1,241010-1271,2024-10-10,maxplanck_lab,lab,yes,F,12,1,1,single,data/ag/audio/single/watson/doubleco/watson_241010_doubleco_11.wav,Aviary 1,2013,none
ag_watson_doubleco_241015-1303_01.wav,watson_241015_doubleco_12,ag,watson,Watson,doubleco,1,241015-1303,2024-10-15,maxplanck_lab,lab,yes,F,12,1,1,single,data/ag/audio/single/watson/doubleco/watson_241015_doubleco_12.wav,Aviary 1,2013,none
ag_watson_doubleco_241015-1303_02.wav,watson_241015_doubleco_13,ag,watson,Watson,doubleco,1,241015-1303,2024-10-15,maxplanck_lab,lab,yes,F,12,1,1,single,data/ag/audio/single/watson/doubleco/watson_241015_doubleco_13.wav,Aviary 1,2013,none
ag_watson_doubleco_241015-1303_03.wav,watson_241015_doubleco_14,ag,watson,Watson,doubleco,1,241015-1303,2024-10-15,maxplanck_lab,lab,yes,F,12,1,1,single,data/ag/audio/single/watson/doubleco/watson_241015_doubleco_14.wav,Aviary 1,2013,none
ag_watson_doubleco_241015-1303_04.wav,watson_241015_doubleco_15,ag,watson,Watson,doubleco,1,241015-1303,2024-10-15,maxplanck_lab,lab,yes,F,12,1,1,single,data/ag/audio/single/watson/doubleco/watson_241015_doubleco_15.wav,Aviary 1,2013,none
ag_watson_doubleco_241015-1303_05.wav,watson_241015_doubleco_16,ag,watson,Watson,doubleco,1,241015-1303,2024-10-15,maxplanck_lab,lab,yes,F,12,1,1,single,data/ag/audio/single/watson/doubleco/watson_241015_doubleco_16.wav,Aviary 1,2013,none
ag_watson_doubleco_241015-1303_06.wav,watson_241015_doubleco_17,ag,watson,Watson,doubleco,1,241015-1303,2024-10-15,maxplanck_lab,lab,yes,F,12,1,1,single,data/ag/audio/single/watson/doubleco/watson_241015_doubleco_17.wav,Aviary 1,2013,none
ag_watson_doubleco_241015-1303_07.wav,watson_241015_doubleco_18,ag,watson,Watson,doubleco,1,241015-1303,2024-10-15,maxplanck_lab,lab,yes,F,12,1,1,single,data/ag/audio/single/watson/doubleco/watson_241015_doubleco_18.wav,Aviary 1,2013,none
ag_watson_doubleco_241015-1303_08.wav,watson_241015_doubleco_19,ag,watson,Watson,doubleco,1,241015-1303,2024-10-15,maxplanck_lab,lab,yes,F,12,1,1,single,data/ag/audio/single/watson/doubleco/watson_241015_doubleco_19.wav,Aviary 1,2013,none
ag_watson_doubleco_241015-1303_09.wav,watson_241015_doubleco_20,ag,watson,Watson,doubleco,1,241015-1303,2024-10-15,maxplanck_lab,lab,yes,F,12,1,1,single,data/ag/audio/single/watson/doubleco/watson_241015_doubleco_20.wav,Aviary 1,2013,none
ag_watson_doubleco_241015-1303_10.wav,watson_241015_doubleco_21,ag,watson,Watson,doubleco,1,241015-1303,2024-10-15,maxplanck_lab,lab,yes,F,12,1,1,single,data/ag/audio/single/watson/doubleco/watson_241015_doubleco_21.wav,Aviary 1,2013,none
ag_watson_doubleco_241015-1303_11.wav,watson_241015_doubleco_22,ag,watson,Watson,doubleco,1,241015-1303,2024-10-15,maxplanck_lab,lab,yes,F,12,1,1,single,data/ag/audio/single/watson/doubleco/watson_241015_doubleco_22.wav,Aviary 1,2013,none
ag_watson_doubleco_241015-1303_12.wav,watson_241015_doubleco_23,ag,watson,Watson,doubleco,1,241015-1303,2024-10-15,maxplanck_lab,lab,yes,F,12,1,1,single,data/ag/audio/single/watson/doubleco/watson_241015_doubleco_23.wav,Aviary 1,2013,none
ag_watson_doubleco_241015-1303_13.wav,watson_241015_doubleco_24,ag,watson,Watson,doubleco,1,241015-1303,2024-10-15,maxplanck_lab,lab,yes,F,12,1,1,single,data/ag/audio/single/watson/doubleco/watson_241015_doubleco_24.wav,Aviary 1,2013,none
ag_watson_doubleco_NA_01.wav,watson__doubleco_06,ag,watson,Watson,doubleco,1,NA,NA,maxplanck_lab,lab,yes,F,12,1,0,single,data/ag/audio/single/watson/doubleco/watson__doubleco_06.wav,Aviary 1,2013,none
ag_watson_doubleco_NA_02.wav,watson__doubleco_09,ag,watson,Watson,doubleco,1,NA,NA,maxplanck_lab,lab,yes,F,12,1,0,single,data/ag/audio/single/watson/doubleco/watson__doubleco_09.wav,Aviary 1,2013,none
ag_watson_doubleco_NA_03.wav,watson__doubleco_25,ag,watson,Watson,doubleco,1,NA,NA,maxplanck_lab,lab,yes,F,12,1,0,single,data/ag/audio/single/watson/doubleco/watson__doubleco_25.wav,Aviary 1,2013,none
ag_watson_short_241010-1271_01.wav,watson_241010_short_13,ag,watson,Watson,short,1,241010-1271,2024-10-10,maxplanck_lab,lab,yes,F,12,1,1,single,data/ag/audio/single/watson/short/watson_241010_short_13.wav,Aviary 1,2013,none
ag_watson_short_241015-1302_01.wav,watson_241015_short_04,ag,watson,Watson,short,1,241015-1302,2024-10-15,maxplanck_lab,lab,yes,F,12,1,1,single,data/ag/audio/single/watson/short/watson_241015_short_04.wav,Aviary 1,2013,none
ag_watson_short_241015-1303_01.wav,watson_241015_short_01,ag,watson,Watson,short,1,241015-1303,2024-10-15,maxplanck_lab,lab,yes,F,12,1,1,single,data/ag/audio/single/watson/short/watson_241015_short_01.wav,Aviary 1,2013,none
ag_watson_short_241015-1303_02.wav,watson_241015_short_02,ag,watson,Watson,short,1,241015-1303,2024-10-15,maxplanck_lab,lab,yes,F,12,1,1,single,data/ag/audio/single/watson/short/watson_241015_short_02.wav,Aviary 1,2013,none
ag_watson_short_241015-1303_03.wav,watson_241015_short_03,ag,watson,Watson,short,1,241015-1303,2024-10-15,maxplanck_lab,lab,yes,F,12,1,1,single,data/ag/audio/single/watson/short/watson_241015_short_03.wav,Aviary 1,2013,none
ag_watson_short_241015-1303_04.wav,watson_241015_short_05,ag,watson,Watson,short,1,241015-1303,2024-10-15,maxplanck_lab,lab,yes,F,12,1,1,single,data/ag/audio/single/watson/short/watson_241015_short_05.wav,Aviary 1,2013,none
ag_watson_short_241015-1303_05.wav,watson_241015_short_06,ag,watson,Watson,short,1,241015-1303,2024-10-15,maxplanck_lab,lab,yes,F,12,1,1,single,data/ag/audio/single/watson/short/watson_241015_short_06.wav,Aviary 1,2013,none
ag_watson_short_241015-1303_06.wav,watson_241015_short_07,ag,watson,Watson,short,1,241015-1303,2024-10-15,maxplanck_lab,lab,yes,F,12,1,1,single,data/ag/audio/single/watson/short/watson_241015_short_07.wav,Aviary 1,2013,none
ag_watson_short_241015-1303_07.wav,watson_241015_short_08,ag,watson,Watson,short,1,241015-1303,2024-10-15,maxplanck_lab,lab,yes,F,12,1,1,single,data/ag/audio/single/watson/short/watson_241015_short_08.wav,Aviary 1,2013,none
ag_watson_short_241015-1303_08.wav,watson_241015_short_09,ag,watson,Watson,short,1,241015-1303,2024-10-15,maxplanck_lab,lab,yes,F,12,1,1,single,data/ag/audio/single/watson/short/watson_241015_short_09.wav,Aviary 1,2013,none
ag_watson_short_241015-1303_09.wav,watson_241015_short_10,ag,watson,Watson,short,1,241015-1303,2024-10-15,maxplanck_lab,lab,yes,F,12,1,1,single,data/ag/audio/single/watson/short/watson_241015_short_10.wav,Aviary 1,2013,none
ag_watson_short_NA_01.wav,watson__short_11,ag,watson,Watson,short,1,NA,NA,maxplanck_lab,lab,yes,F,12,1,0,single,data/ag/audio/single/watson/short/watson__short_11.wav,Aviary 1,2013,none
ag_watson_short_NA_02.wav,watson__short_12,ag,watson,Watson,short,1,NA,NA,maxplanck_lab,lab,yes,F,12,1,0,single,data/ag/audio/single/watson/short/watson__short_12.wav,Aviary 1,2013,none
ag_watson_triple_241015-1303_01.wav,watson_241015_triple_01,ag,watson,Watson,triple,1,241015-1303,2024-10-15,maxplanck_lab,lab,yes,F,12,1,1,single,data/ag/audio/single/watson/triple/watson_241015_triple_01.wav,Aviary 1,2013,none
ag_watson_vibrato_241005-1244_01.wav,watson_241005_vibrato_01,ag,watson,Watson,vibrato,1,241005-1244,2024-10-05,maxplanck_lab,lab,yes,F,12,1,1,single,data/ag/audio/single/watson/vibrato/watson_241005_vibrato_01.wav,Aviary 1,2013,none
ag_watson_vibrato_241005-1244_02.wav,watson_241005_vibrato_02,ag,watson,Watson,vibrato,1,241005-1244,2024-10-05,maxplanck_lab,lab,yes,F,12,1,1,single,data/ag/audio/single/watson/vibrato/watson_241005_vibrato_02.wav,Aviary 1,2013,none
ag_watson_vibrato_241005-1244_03.wav,watson_241005_vibrato_03,ag,watson,Watson,vibrato,1,241005-1244,2024-10-05,maxplanck_lab,lab,yes,F,12,1,1,single,data/ag/audio/single/watson/vibrato/watson_241005_vibrato_03.wav,Aviary 1,2013,none
ag_watson_vibrato_241005-1244_04.wav,watson_241005_vibrato_04,ag,watson,Watson,vibrato,1,241005-1244,2024-10-05,maxplanck_lab,lab,yes,F,12,1,1,single,data/ag/audio/single/watson/vibrato/watson_241005_vibrato_04.wav,Aviary 1,2013,none
ag_watson_vibrato_241005-1244_05.wav,watson_241005_vibrato_05,ag,watson,Watson,vibrato,1,241005-1244,2024-10-05,maxplanck_lab,lab,yes,F,12,1,1,single,data/ag/audio/single/watson/vibrato/watson_241005_vibrato_05.wav,Aviary 1,2013,none
ag_watson_vibrato_241005-1244_06.wav,watson_241005_vibrato_06,ag,watson,Watson,vibrato,1,241005-1244,2024-10-05,maxplanck_lab,lab,yes,F,12,1,1,single,data/ag/audio/single/watson/vibrato/watson_241005_vibrato_06.wav,Aviary 1,2013,none
ag_watson_vibrato_241005-1244_07.wav,watson_241005_vibrato_07,ag,watson,Watson,vibrato,1,241005-1244,2024-10-05,maxplanck_lab,lab,yes,F,12,1,1,single,data/ag/audio/single/watson/vibrato/watson_241005_vibrato_07.wav,Aviary 1,2013,none
ag_watson_vibrato_241005-1244_08.wav,watson_241005_vibrato_08,ag,watson,Watson,vibrato,1,241005-1244,2024-10-05,maxplanck_lab,lab,yes,F,12,1,1,single,data/ag/audio/single/watson/vibrato/watson_241005_vibrato_08.wav,Aviary 1,2013,none
ag_watson_vibrato_241005-1244_09.wav,watson_241005_vibrato_09,ag,watson,Watson,vibrato,1,241005-1244,2024-10-05,maxplanck_lab,lab,yes,F,12,1,1,single,data/ag/audio/single/watson/vibrato/watson_241005_vibrato_09.wav,Aviary 1,2013,none
ag_watson_vibrato_241005-1244_10.wav,watson_241005_vibrato_10,ag,watson,Watson,vibrato,1,241005-1244,2024-10-05,maxplanck_lab,lab,yes,F,12,1,1,single,data/ag/audio/single/watson/vibrato/watson_241005_vibrato_10.wav,Aviary 1,2013,none
ag_watson_vibrato_241005-1244_11.wav,watson_241005_vibrato_11,ag,watson,Watson,vibrato,1,241005-1244,2024-10-05,maxplanck_lab,lab,yes,F,12,1,1,single,data/ag/audio/single/watson/vibrato/watson_241005_vibrato_11.wav,Aviary 1,2013,none
ag_watson_vibrato_241005-1244_12.wav,watson_241005_vibrato_12,ag,watson,Watson,vibrato,1,241005-1244,2024-10-05,maxplanck_lab,lab,yes,F,12,1,1,single,data/ag/audio/single/watson/vibrato/watson_241005_vibrato_12.wav,Aviary 1,2013,none
ag_watson_vibrato_241005-1244_13.wav,watson_241005_vibrato_13,ag,watson,Watson,vibrato,1,241005-1244,2024-10-05,maxplanck_lab,lab,yes,F,12,1,1,single,data/ag/audio/single/watson/vibrato/watson_241005_vibrato_13.wav,Aviary 1,2013,none
ag_watson_vibrato_241010-1271_01.wav,watson_241010_vibrato_15,ag,watson,Watson,vibrato,1,241010-1271,2024-10-10,maxplanck_lab,lab,yes,F,12,1,1,single,data/ag/audio/single/watson/vibrato/watson_241010_vibrato_15.wav,Aviary 1,2013,none
ag_watson_vibrato_241015-1303_01.wav,watson_241015_vibrato_17,ag,watson,Watson,vibrato,1,241015-1303,2024-10-15,maxplanck_lab,lab,yes,F,12,1,1,single,data/ag/audio/single/watson/vibrato/watson_241015_vibrato_17.wav,Aviary 1,2013,none
ag_watson_vibrato_241015-1303_02.wav,watson_241015_vibrato_18,ag,watson,Watson,vibrato,1,241015-1303,2024-10-15,maxplanck_lab,lab,yes,F,12,1,1,single,data/ag/audio/single/watson/vibrato/watson_241015_vibrato_18.wav,Aviary 1,2013,none
ag_watson_vibrato_241015-1303_03.wav,watson_241015_vibrato_19,ag,watson,Watson,vibrato,1,241015-1303,2024-10-15,maxplanck_lab,lab,yes,F,12,1,1,single,data/ag/audio/single/watson/vibrato/watson_241015_vibrato_19.wav,Aviary 1,2013,none
ag_watson_vibrato_NA_01.wav,watson__vibrato_14,ag,watson,Watson,vibrato,1,NA,NA,maxplanck_lab,lab,yes,F,12,1,0,single,data/ag/audio/single/watson/vibrato/watson__vibrato_14.wav,Aviary 1,2013,none
ag_watson_vibrato_NA_02.wav,watson__vibrato_16,ag,watson,Watson,vibrato,1,NA,NA,maxplanck_lab,lab,yes,F,12,1,0,single,data/ag/audio/single/watson/vibrato/watson__vibrato_16.wav,Aviary 1,2013,none
